"ZIGUINHO MATILAT 480G : ZIGUINHO MATILAT 480G";"7896238100086";"61337"
"YOPRO 15G PROTEINA NUTRATA 55G MORANGO/CHOC. : YOPRO 15G PROTEINA NUTRATA 55G";"7898599217687";"72217"
"YOPRO 15G PROTEINA NUTRATA 55G CHOCOLATE : YOPRO 15G PROTEINA NUTRATA 55G";"7898599217694";"72217"
"YAKISSOBA VENTURELLI CASEIRO 500G : YAKISSOBA VENTURELLI CASEIRO 500G";"7896534400897";"67143"
"YAKISSOBA NISSIN LAMEN UFO 97G CARNE COM MOLHO : YAKISSOBA NISSIN LAMEN UFO 97G";"7891079013847";"62747"
"YAKISSOBA NISSIN LAMEN UFO 96G CURRY : YAKISSOBA NISSIN LAMEN UFO 96G";"7891079014110";"64321"
"YAKISSOBA NISSIN LAMEN UFO 95G LEGUMES : YAKISSOBA NISSIN LAMEN UFO 95G";"7891079013861";"64322"
"YAKISSOBA NISSIN LAMEN UFO 93G GALINHA CAIPIRA : YAKISSOBA NISSIN LAMEN UFO 93G";"7891079014172";"71020"
"YAKISOBA SEARA 500G : YAKISOBA SEARA 500G";"7894904575862";"33822"
"YAKISOBA KG : YAKISOBA KG";"6287";"50166"
"YAKI SUSHI NORI KENKO 27G : YAKI SUSHI NORI KENKO 27G";"7896007838776";"42954"
"XICARA EM CASA TEM S/ PIRES 218ML : XICARA EM CASA TEM S/ PIRES 218ML";"7908486115061";"66590"
"XICARA EM CASA TEM BRASILIANO 220ML : XICARA EM CASA TEM BRASILIANO 220ML";"7908486114613";"66589"
"XICARA CHA HOTEL PORCEL. LU 200ML : XICARA CHA HOTEL PORCEL. LU 200ML";"7897903514924";"53869"
"XAROPE MONIN SEM ALCOOL 700ML TANGERINA : XAROPE MONIN SEM ALCOOL 700ML";"3052910010225";"60022"
"XAROPE MONIN SEM ALCOOL 700ML MORANGO : XAROPE MONIN SEM ALCOOL 700ML";"3052910056261";"60022"
"XAROPE MONIN SEM ALCOOL 700ML MACA VERDE : XAROPE MONIN SEM ALCOOL 700ML";"3052910015107";"60022"
"XAROPE MONIN SEM ALCOOL 700ML GRENADINE : XAROPE MONIN SEM ALCOOL 700ML";"3052910056254";"60022"
"XAROPE GROSELHA DEBONIS 900ML TRADICIONAL : XAROPE GROSELHA DEBONIS 900ML";"7897368200011";"4461"
"XAROPE GROSELHA DEBONIS 500ML TRADICIONAL : XAROPE GROSELHA DEBONIS 500ML";"7897368200035";"1595"
"XAROPE GROSELHA ASTECA 900ML  : XAROPE GROSELHA ASTECA 900ML";"7896092500282";"15483"
"X- BURGUER COM CHEDDAR GRESPAN KG : X- BURGUER COM CHEDDAR GRESPAN KG";"7969";"64887"
"X- BURGUER COM CHEDDAR GRESPAN : X- BURGUER COM CHEDDAR GRESPAN";"7769";"63142"
"WOK TRAMONTINA LORETO S/TP 28CM VERMELHA : WOK TRAMONTINA LORETO S/TP 28CM";"7891112288539";"52439"
"WHISKY WHITE HORSE 1L : WHISKY WHITE HORSE 1L";"5000265100519";"1971"
"WHISKY RED LABEL 1L : WHISKY RED LABEL 1L";"5000267013626";"1945"
"WHISKY PASSPORT 1L : WHISKY PASSPORT 1L";"7891050000101";"1965"
"WHISKY NATU NOBILIS TRADICIONAL 1L : WHISKY NATU NOBILIS TRADICIONAL 1L";"7891050000460";"1925"
"WHISKY JACK DANIEL'S OLD Nº7 1L OLD Nº7 : WHISKY JACK DANIEL'S OLD Nº7 1L";"82184200698";"1926"
"WHISKY JACK DANIEL'S FIRE 1L : WHISKY JACK DANIEL'S FIRE 1L";"5099873006368";"47051"
"WHISKY GOLD LABEL RESERVE 750ML : WHISKY GOLD LABEL RESERVE 750ML";"5000267197630";"47049"
"WHISKY BLACK LABEL 1L : WHISKY BLACK LABEL 1L";"5000267023625";"1943"
"WHISKY BALLANTINE'S SUNSHINE 700ML : WHISKY BALLANTINE'S SUNSHINE 700ML";"5000299628881";"73759"
"WHISKY BALLANTINE'S FINEST 1L BLENDED SCOTCH : WHISKY BALLANTINE'S FINEST 1L";"5010106111956";"1942"
"WHISK OLD EIGHT 900ML : WHISK OLD EIGHT 900ML";"7896010006346";"1927"
"WHEYFER MAIS MU 25G COOKIES : WHEYFER MAIS MU 25G";"0618231943777";"54148"
"WHEYFER MAIS MU 25G CHOC. BRANCO : WHEYFER MAIS MU 25G";"0602883464483";"54148"
"WHEY BAR CREAMY PROBIOTICA 38G CHOCOLATE : WHEY BAR CREAMY PROBIOTICA 38G";"7899941202009";"70810"
"WAFFER PANCO 112G MORANGO : WAFFER PANCO 112G";"7891203057068";"57054"
"WAFFER PANCO 112G LIMAO : WAFFER PANCO 112G";"7891203058577";"57054"
"WAFFER PANCO 112G FLORESTA NEGRA : WAFFER PANCO 112G";"7891203058591";"57054"
"WAFFER PANCO 112G CHOCOLATE : WAFFER PANCO 112G";"7891203057075";"57054"
"WAFFER PANCO 112G ABACAXI C/ COCO : WAFFER PANCO 112G";"7891203058584";"57054"
"WAFER TRIUNFO 105G MORANGO : WAFER TRIUNFO 105G";"7896058256437";"51095"
"WAFER TRIUNFO 105G LIMAO : WAFER TRIUNFO 105G";"7896058256451";"51095"
"WAFER TRIUNFO 105G CHOCOLATE/AVELA : WAFER TRIUNFO 105G";"7896058256444";"51095"
"WAFER TRIUNFO 105G CHOCOLATE : WAFER TRIUNFO 105G";"7896058256420";"51095"
"WAFER TODDY 94G CHOC./MORANGO : WAFER TODDY 94G";"7896071025416";"45879"
"WAFER TODDY 94G CHOC. TRUFADO : WAFER TODDY 94G";"7896071025393";"45879"
"WAFER TIMBERS ZERO 27G CHOC. AO LEITE : WAFER TIMBERS ZERO 27G";"7896530723099";"59667"
"WAFER RANCHEIRO 78G MORANGO : WAFER RANCHEIRO 78G";"7896253401557";"65207"
"WAFER RANCHEIRO 78G LIMAO : WAFER RANCHEIRO 78G";"7896253401540";"65207"
"WAFER RANCHEIRO 78G CHOCOLATE : WAFER RANCHEIRO 78G";"7896253401564";"65207"
"WAFER RANCHEIRO 78G BAUNILHA : WAFER RANCHEIRO 78G";"7896253401571";"65207"
"WAFER PIRAQUE 100G LIMAO : WAFER PIRAQUE 100G";"7896024760678";"43016"
"WAFER PIRAQUE 100G CHOCOLATE : WAFER PIRAQUE 100G";"7896024760647";"43016"
"WAFER NESTLE BONO 110G MORANGO : WAFER NESTLE BONO 110G";"7891000373262";"1034"
"WAFER NESTLE BONO 110G LIMAO : WAFER NESTLE BONO 110G";"7891000329207";"1034"
"WAFER NESTLE BONO 110G CHOCOLATE : WAFER NESTLE BONO 110G";"7891000372586";"1034"
"WAFER NESTLE 110G PRESTIGIO : WAFER NESTLE 110G";"7891000077931";"1033"
"WAFER NESTLE 110G NESCAU : WAFER NESTLE 110G";"7891000364253";"1033"
"WAFER NESTLE 110G NEGRESCO : WAFER NESTLE 110G";"7891000077979";"1033"
"WAFER MINUETO PARATI 81G MORANGO : WAFER MINUETO PARATI 81G";"7896004009995";"71528"
"WAFER MINUETO PARATI 81G CHOCOLATE : WAFER MINUETO PARATI 81G";"7896004009988";"71528"
"WAFER MINUETO PARATI 81G CHOC./BAUNILHA : WAFER MINUETO PARATI 81G";"7896004010021";"71528"
"WAFER MINUETO PARATI 81G BRIGADEIRO : WAFER MINUETO PARATI 81G";"7896004010014";"71528"
"WAFER MARILAN 80G CHOCOLATE : WAFER MARILAN 80G";"7896003737516";"29441"
"WAFER MARILAN 115G MORANGO : WAFER MARILAN 115G";"7896003700978";"37116"
"WAFER MARILAN 115G LIMAO : WAFER MARILAN 115G";"7896003703399";"37116"
"WAFER MARILAN 115G CHOCOLATE : WAFER MARILAN 115G";"7896003700657";"37116"
"WAFER LOWCUCAR ZERO 115G MORANGO : WAFER LOWCUCAR ZERO 115G";"7896292002708";"910"
"WAFER LOWCUCAR ZERO 115G LIMAO : WAFER LOWCUCAR ZERO 115G";"7896292002739";"910"
"WAFER LOWCUCAR ZERO 115G CHOCOLATE : WAFER LOWCUCAR ZERO 115G";"7896292002746";"910"
"WAFER HERSHEYS MAIS 102G TRIPLO CHOC. : WAFER HERSHEYS MAIS 102G";"7899970400704";"32757"
"WAFER HERSHEYS MAIS 102G EXTRA CREMOSO : WAFER HERSHEYS MAIS 102G";"7899970400674";"32757"
"WAFER HERSHEYS MAIS 102G COOKIES/CREME : WAFER HERSHEYS MAIS 102G";"7899970400681";"32757"
"WAFER HERSHEYS MAIS 102G AMENDOIM : WAFER HERSHEYS MAIS 102G";"7899970400698";"32757"
"WAFER CHOCOTUBES HERSHEYS 25G FR. VERMELHAS : WAFER CHOCOTUBES HERSHEYS 25G";"7899970403125";"59949"
"WAFER CHOCOTUBES HERSHEYS 25G COOKIES N CREME : WAFER CHOCOTUBES HERSHEYS 25G";"7899970401206";"59949"
"WAFER BAUDUCCO MAXI 104G PISTACHE : WAFER BAUDUCCO MAXI 104G";"7891962075792";"67923"
"WAFER BAUDUCCO MAXI 104G CHOCOLATE : WAFER BAUDUCCO MAXI 104G";"7891962071688";"67923"
"WAFER BAUDUCCO MAXI 104G CHOCO & CREAM : WAFER BAUDUCCO MAXI 104G";"7891962071176";"67923"
"WAFER BAUDUCCO 140G TRIPLO CHOC. : WAFER BAUDUCCO 140G";"7891962037028";"23739"
"WAFER BAUDUCCO 140G MORANGO : WAFER BAUDUCCO 140G";"7891962037004";"23739"
"WAFER BAUDUCCO 140G CHOCOLATE/AVELA : WAFER BAUDUCCO 140G";"7891962036991";"23739"
"WAFER BAUDUCCO 140G CHOCOLATE : WAFER BAUDUCCO 140G";"7891962036984";"23739"
"VODKA SMIRNOFF ICE LATA 269ML TROPICAL : VODKA SMIRNOFF ICE LATA 269ML";"7893218003993";"74531"
"VODKA SMIRNOFF ICE LATA 269ML GREEN APPLE : VODKA SMIRNOFF ICE LATA 269ML";"7893218003986";"74531"
"VODKA SMIRNOFF ICE GARRAFA 275ML ORIGINAL : VODKA SMIRNOFF ICE GARRAFA 275ML";"7893218003603";"1619"
"VODKA SMIRNOFF 998ML TRADICIONAL : VODKA SMIRNOFF 998ML";"7893218000473";"1785"
"VODKA SKYY TRADICIONAL 750ML : VODKA SKYY TRADICIONAL 750ML";"7896010004502";"67373"
"VODKA ORLOFF TRADICIONAL 1L : VODKA ORLOFF TRADICIONAL 1L";"7891050000903";"1791"
"VODKA OLSK 900ML : VODKA OLSK 900ML";"7898972814069";"74098"
"VODKA ASKOV SABORES 900ML PESSEGO : VODKA ASKOV SABORES 900ML";"7896092504693";"34761"
"VODKA ASKOV SABORES 900ML KIWI : VODKA ASKOV SABORES 900ML";"7896092503283";"34761"
"VODKA ASKOV SABORES 900ML FRUTAS ROXAS : VODKA ASKOV SABORES 900ML";"7896092503368";"34761"
"VODKA ASKOV SABORES 900ML FRUT. VERMELHAS : VODKA ASKOV SABORES 900ML";"7896092503276";"34761"
"VODKA ASKOV SABORES 900ML BLUE BERRY : VODKA ASKOV SABORES 900ML";"7896092503559";"34761"
"VODKA ASKOV LIMAO 900ML : VODKA ASKOV LIMAO 900ML";"7896092503269";"35506"
"VODKA ASKOV 900ML : VODKA ASKOV 900ML";"7896092502453";"15474"
"VODKA ABSOLUT 1L : VODKA ABSOLUT 1L";"7312040017034";"16947"
"VINHO VIRTUS RESERVADO 750ML SUAVE CABERNET : VINHO VIRTUS RESERVADO 750ML";"7897015210622";"39220"
"VINHO VINHO CABALLO CHILE 750ML CARMENERE : VINHO VINHO CABALLO CHILE 750ML";"7896931615252";"72227"
"VINHO VINA LAS CUBAS 750ML TINTO : VINHO VINA LAS CUBAS 750ML";"8421735002527";"71737"
"VINHO TORO CENTENARIO 750ML TEMPRANILLO : VINHO TORO CENTENARIO 750ML";"7790314009419";"58410"
"VINHO TORO CENTENARIO 750ML MALBEC : VINHO TORO CENTENARIO 750ML";"7790314005954";"58410"
"VINHO TORO CENTENARIO 750ML CHARDONNAY : VINHO TORO CENTENARIO 750ML";"7790314006111";"58410"
"VINHO TINTO SUAVE DEL GRANO 1,48ML : VINHO TINTO SUAVE DEL GRANO 1,48ML";"7897015200463";"40246"
"VINHO SHILE JHONNY TINTO 720ML SUAVE : VINHO SHILE JHONNY TINTO 720ML";"7898922913019";"1903"
"VINHO SAO VICTOR TINTO SUAVE 1L : VINHO SAO VICTOR TINTO SUAVE 1L";"7896100503014";"49588"
"VINHO SANTA HELENA CHILENO 750ML ROSE : VINHO SANTA HELENA CHILENO 750ML";"7804300147242";"8913"
"VINHO SANTA HELENA CHILENO 750ML MALBEC : VINHO SANTA HELENA CHILENO 750ML";"7798081667481";"8913"
"VINHO SANTA HELENA CHILENO 750ML CARMENERE : VINHO SANTA HELENA CHILENO 750ML";"7804300123512";"8913"
"VINHO SANTA HELENA CHILENO 750ML CABERNET SUAVIG : VINHO SANTA HELENA CHILENO 750ML";"7804300003234";"8913"
"VINHO SANTA HELENA CHILENO 750ML CABERNET MERLOT : VINHO SANTA HELENA CHILENO 750ML";"7804300123871";"8913"
"VINHO SANTA ALBA WINEMAKER 750ML ROSE : VINHO SANTA ALBA WINEMAKER 750ML";"7802940029171";"62671"
"VINHO SANTA ALBA WINEMAKER 750ML PINOT NOIR : VINHO SANTA ALBA WINEMAKER 750ML";"7802940021267";"62671"
"VINHO SANTA ALBA WINEMAKER 750ML MALBEC : VINHO SANTA ALBA WINEMAKER 750ML";"7802940021250";"62671"
"VINHO SANTA ALBA WINEMAKER 750ML CARMENERE : VINHO SANTA ALBA WINEMAKER 750ML";"7802940014184";"62671"
"VINHO SANTA ALBA WINEMAKER 750ML CABERNET SAUVIG : VINHO SANTA ALBA WINEMAKER 750ML";"7802940007018";"62671"
"VINHO SANGUE DE BOI TINTO 750 ML SUAVE : VINHO SANGUE DE BOI TINTO 750 ML";"7891141004469";"1856"
"VINHO SANGUE DE BOI TINTO 750 ML SECO : VINHO SANGUE DE BOI TINTO 750 ML";"7891141004254";"1856"
"VINHO QUINTA RIO GRANDE BORDO 1L SUAVE : VINHO QUINTA RIO GRANDE BORDO 1L";"7896931615092";"57246"
"VINHO QUINTA RIO GRANDE BORDO 1L SECO : VINHO QUINTA RIO GRANDE BORDO 1L";"7896931615108";"57246"
"VINHO POR. TERRAS DE NELAS 750ML TINTO : VINHO POR. TERRAS DE NELAS 750ML";"5600765407936";"63658"
"VINHO PICHILEMU CHILE 750ML SAUVIGNON BLANC : VINHO PICHILEMU CHILE 750ML";"7801222924951";"71760"
"VINHO PICHILEMU CHILE 750ML CARMENERE : VINHO PICHILEMU CHILE 750ML";"7801222916994";"71760"
"VINHO PICHILEMU CHILE 750ML CABERNET SAUVIG : VINHO PICHILEMU CHILE 750ML";"7801222916963";"71760"
"VINHO PERGOLA SELECAO 750ML TINTO SUAVE : VINHO PERGOLA SELECAO 750ML";"7896855903022";"52572"
"VINHO PERGOLA SELECAO 750ML TINTO SECO : VINHO PERGOLA SELECAO 750ML";"7896855903015";"52572"
"VINHO PERGOLA SELECAO 375ML TINTO SUAVE : VINHO PERGOLA SELECAO 375ML";"7896855901141";"71918"
"VINHO PERGOLA SELECAO 1L TINTO SUAVE : VINHO PERGOLA SELECAO 1L";"7896855901417";"53742"
"VINHO PERGOLA SELECAO 1L TINTO SECO : VINHO PERGOLA SELECAO 1L";"7896855901400";"53742"
"VINHO PERGOLA SELECAO 1L BRANCO SECO : VINHO PERGOLA SELECAO 1L";"7896855901424";"53742"
"VINHO PERGOLA BORDO TINTO 1L SUAVE : VINHO PERGOLA BORDO TINTO 1L";"7896855909147";"54910"
"VINHO PERGOLA BORDO TINTO 1L SECO : VINHO PERGOLA BORDO TINTO 1L";"7896855909154";"54910"
"VINHO PERGOLA BORDO TINTO 1L DEMISEC : VINHO PERGOLA BORDO TINTO 1L";"7896855909130";"54910"
"VINHO NACIONAL MIORANZA 750ML TINTO SUAVE : VINHO NACIONAL MIORANZA 750ML";"7896589103019";"37453"
"VINHO NACIONAL MIORANZA 750ML TINTO SECO : VINHO NACIONAL MIORANZA 750ML";"7896589103057";"37453"
"VINHO MACAW TINTO DEMI-SEC 750ML CABERNET SAUVIG : VINHO MACAW TINTO DEMI-SEC 750ML";"7896452100541";"58776"
"VINHO LATITUDE 33 750ML CABERNET : VINHO LATITUDE 33 750ML";"7790975017495";"29719"
"VINHO JOTA PE TINTO 750ML SUAVE : VINHO JOTA PE TINTO 750ML";"7896452104006";"8890"
"VINHO JOTA PE TINTO 750ML SECO : VINHO JOTA PE TINTO 750ML";"7896452104105";"8890"
"VINHO JOTA PE BRANCO 750ML SECO : VINHO JOTA PE BRANCO 750ML";"7896452106031";"8888"
"VINHO JOTA PE 100% BORDO 750ML TINTO SUAVE : VINHO JOTA PE 100% BORDO 750ML";"7896452101555";"8213"
"VINHO JOTA PE 100% BORDO 750ML TINTO SECO : VINHO JOTA PE 100% BORDO 750ML";"7896452104501";"8213"
"VINHO ITALIANO CORTE FEDERICO 750ML ROSE : VINHO ITALIANO CORTE FEDERICO 750ML";"8053303272287";"63646"
"VINHO GIROLA MESA 750ML TINTO SUAVE : VINHO GIROLA MESA 750ML";"7898321971023";"46213"
"VINHO GATO NEGRO 750ML MALBEC : VINHO GATO NEGRO 750ML";"7798081661939";"29720"
"VINHO GATO NEGRO 750ML CABERNET : VINHO GATO NEGRO 750ML";"7804300010638";"29720"
"VINHO FRIZANTE LINDA DONNA 750ML TINTO : VINHO FRIZANTE LINDA DONNA 750ML";"7897082500220";"2026"
"VINHO FRIZANTE LINDA DONNA 750ML BRANCO : VINHO FRIZANTE LINDA DONNA 750ML";"7897082500213";"2026"
"VINHO FRISANTE MONTE PASCHOAL 750ML ROSE : VINHO FRISANTE MONTE PASCHOAL 750ML";"7897015210448";"56652"
"VINHO FRISANTE MONTE PASCHOAL 750ML BRANCO : VINHO FRISANTE MONTE PASCHOAL 750ML";"7897015210431";"56652"
"VINHO DOM BOSCO 750ML TINTO SUAVE : VINHO DOM BOSCO 750ML";"7896072911183";"29633"
"VINHO DOM BOSCO 750ML TINTO SECO : VINHO DOM BOSCO 750ML";"7896072910971";"29633"
"VINHO DEL GRANO GOLD TINTO 750ML SUAVE : VINHO DEL GRANO GOLD TINTO 750ML";"7897015211148";"39222"
"VINHO DEL GRANO GOLD TINTO 750ML SECO : VINHO DEL GRANO GOLD TINTO 750ML";"7897015211131";"39222"
"VINHO DEL GRANO GOLD BORDO 750ML SUAVE : VINHO DEL GRANO GOLD BORDO 750ML";"7897015209992";"39233"
"VINHO DEL GRANO GOLD BORDO 1L TINTO SUAVE : VINHO DEL GRANO GOLD BORDO 1L";"7897015209985";"46791"
"VINHO DEL GRANO GOLD BORDO 1L ROSE SUAVE : VINHO DEL GRANO GOLD BORDO 1L";"7897015211582";"46791"
"VINHO DEL GRANO GOLD 1L TINTO SUAVE : VINHO DEL GRANO GOLD 1L";"7897015202030";"46790"
"VINHO DEL GRANO GOLD 1L BRANCO SUAVE : VINHO DEL GRANO GOLD 1L";"7897015202078";"46790"
"VINHO DEL GRANO GOLD 1L BRANCO SEC NIAG : VINHO DEL GRANO GOLD 1L";"7897015202061";"46790"
"VINHO DE MESA TINTO SINUELO 750ML SECO : VINHO DE MESA TINTO SINUELO 750ML";"7896029216101";"4714"
"VINHO DE MESA CHALISE TINTO 750ML SUAVE : VINHO DE MESA CHALISE TINTO 750ML";"7896023081538";"12130"
"VINHO DE MESA CHALISE TINTO 750ML SECO : VINHO DE MESA CHALISE TINTO 750ML";"7896023085710";"12130"
"VINHO DE MESA CHALISE 750ML BRANCO SUAVE : VINHO DE MESA CHALISE 750ML";"7896023081545";"4503"
"VINHO DE MESA CHALISE 750ML BRANCO SECO : VINHO DE MESA CHALISE 750ML";"7896023085734";"4503"
"VINHO CONCHA Y TORO SWEET 750ML BCO SUAVE : VINHO CONCHA Y TORO SWEET 750ML";"7804320757711";"48498"
"VINHO CONCHA Y TORO 750ML SWEET RED SUAVE : VINHO CONCHA Y TORO 750ML";"7804320747835";"8902"
"VINHO CONCHA Y TORO 750ML SAUVIGNON BLANC : VINHO CONCHA Y TORO 750ML";"7804320116815";"8902"
"VINHO CONCHA Y TORO 750ML ROSE CHILE : VINHO CONCHA Y TORO 750ML";"7804320116952";"8902"
"VINHO CONCHA Y TORO 750ML MERLOT : VINHO CONCHA Y TORO 750ML";"7804641500027";"8902"
"VINHO CONCHA Y TORO 750ML MALBEC : VINHO CONCHA Y TORO 750ML";"7798039590496";"8902"
"VINHO CONCHA Y TORO 750ML CARMENERE : VINHO CONCHA Y TORO 750ML";"7804320116921";"8902"
"VINHO CONCHA Y TORO 750ML CABERNET SUAVIG : VINHO CONCHA Y TORO 750ML";"7804320116846";"8902"
"VINHO CHILENO SELECT TERROIR 750ML MERLOT : VINHO CHILENO SELECT TERROIR 750ML";"7804319005007";"63635"
"VINHO CHILENO SANTA CAROLINA 750ML CARMENERE 2021 : VINHO CHILENO SANTA CAROLINA 750ML";"7804350002157";"35589"
"VINHO CHILENO SANTA CAROLINA 750ML CABERNET : VINHO CHILENO SANTA CAROLINA 750ML";"7804350596236";"35589"
"VINHO CHILENO COSECHA TARAP. 750ML CABERNET : VINHO CHILENO COSECHA TARAP. 750ML";"7804340808011";"45886"
"VINHO CHAPINHA TINTO 750ML SUAVE : VINHO CHAPINHA TINTO 750ML";"7896051202905";"1901"
"VINHO CHAPINHA TINTO 750ML SECO : VINHO CHAPINHA TINTO 750ML";"7896051201908";"1901"
"VINHO CASILLERO DEL DIABLO 750ML ROSE : VINHO CASILLERO DEL DIABLO 750ML";"7804320131344";"40068"
"VINHO CASILLERO DEL DIABLO 750ML MERLOT : VINHO CASILLERO DEL DIABLO 750ML";"7804320985633";"40068"
"VINHO CASILLERO DEL DIABLO 750ML CARMENERE : VINHO CASILLERO DEL DIABLO 750ML";"7804320087016";"40068"
"VINHO CASILLERO DEL DIABLO 750ML CABERNET SUAVIG : VINHO CASILLERO DEL DIABLO 750ML";"7804320303178";"40068"
"VINHO CASA PERINI SOLIDARIO 750ML TINTO SECO : VINHO CASA PERINI SOLIDARIO 750ML";"7896452104594";"58774"
"VINHO CASA PERINI SOLIDARIO 750ML ROSE SECO : VINHO CASA PERINI SOLIDARIO 750ML";"7896452101524";"58774"
"VINHO CAMPO LARGO 750ML TINTO SUAVE : VINHO CAMPO LARGO 750ML";"7896931611407";"41368"
"VINHO CAMPO LARGO 750ML TINTO SECO : VINHO CAMPO LARGO 750ML";"7896931611414";"41368"
"VINHO CAMPO LARGO 750ML BRANCO SUAVE : VINHO CAMPO LARGO 750ML";"7896931611360";"41368"
"VINHO CAMPO LARGO 750ML BRANCO SECO : VINHO CAMPO LARGO 750ML";"7896931611438";"41368"
"VINHO ALMA DE LISBOA 750ML TINTO : VINHO ALMA DE LISBOA 750ML";"5603427001763";"66682"
"VINHO ALMA DE LISBOA 750ML ROSE : VINHO ALMA DE LISBOA 750ML";"5603427002074";"66682"
"VINHO ALMA DE LISBOA 750ML BRANCO : VINHO ALMA DE LISBOA 750ML";"5603427001770";"66682"
"VINHO AFRICAN KING 750ML PINOTAGE : VINHO AFRICAN KING 750ML";"6009675641888";"71736"
"VINAGRETE ZILIO 15G : VINAGRETE ZILIO 15G";"7896280402084";"9761"
"VINAGRETE SIAMAR 20G : VINAGRETE SIAMAR 20G";"7896069572748";"15453"
"VINAGRE VINHO TINTO BELMONT 750ML : VINAGRE VINHO TINTO BELMONT 750ML";"7896090500017";"1299"
"VINAGRE VINHO BRANCO BELMONT 750ML : VINAGRE VINHO BRANCO BELMONT 750ML";"7896090500031";"9905"
"VINAGRE MACA VICCINO S/ACUCAR 500ML  : VINAGRE MACA VICCINO S/ACUCAR 500ML";"7898908593174";"43358"
"VINAGRE MACA SR. VICCINO MEL/SUCO 500ML : VINAGRE MACA SR. VICCINO MEL/SUCO";"7898908593655";"56062"
"VINAGRE MACA SR. VICCINO 500ML TRADICIONAL : VINAGRE MACA SR. VICCINO 500ML";"7898908593013";"56061"
"VINAGRE MACA PURO POMAR 500ML ORNGANICO : VINAGRE MACA PURO POMAR 500ML";"7898996410704";"72104"
"VINAGRE MACA NATURAL LIFE 500ML SEM GLUTEN : VINAGRE MACA NATURAL LIFE 500ML";"7896256066005";"52591"
"VINAGRE MACA CASTELO 750ML  : VINAGRE MACA CASTELO 750ML";"7896048200105";"3887"
"VINAGRE MACA BELMONT 750ML  : VINAGRE MACA BELMONT 750ML";"7896090500079";"1301"
"VINAGRE MACA BELMONT 380ML  : VINAGRE MACA BELMONT 380ML";"7896090501557";"71822"
"VINAGRE MACA ALMAROMI ORGANICO 400ML : VINAGRE MACA ALMAROMI ORGANICO";"7898908593617";"61127"
"VINAGRE MACA ALMAROMI 400ML  : VINAGRE MACA ALMAROMI 400ML";"7898908593310";"46449"
"VINAGRE FRUTA CASTELO VIDRO 500ML MACA : VINAGRE FRUTA CASTELO VIDRO 500ML";"7896048285539";"41070"
"VINAGRE DE ARROZ KENKO 750ML : VINAGRE DE ARROZ KENKO 750ML";"7896007826476";"15562"
"VINAGRE DE ARROZ KARUI 750ML : VINAGRE DE ARROZ KARUI 750ML";"7898270966231";"70081"
"VINAGRE DE ALCOOL DEBONIS 750ML ORIENTAL : VINAGRE DE ALCOOL DEBONIS 750ML";"7897368200028";"1305"
"VINAGRE DE ALCOOL BELMONT 750ML : VINAGRE DE ALCOOL BELMONT 750ML";"7896090500055";"1303"
"VINAGRE DE ALCOOL BELMONT 5L : VINAGRE DE ALCOOL BELMONT 5L";"7896090500116";"6197"
"VINAGRE CEREAL ARROZ CASTELO 750ML : VINAGRE CEREAL ARROZ CASTELO 750ML";"7896048254016";"7458"
"VINAGRE CASTELO VINHO TINTO 750ML : VINAGRE CASTELO VINHO TINTO 750ML";"7896048258014";"15546"
"VINAGRE CASTELO BALSAMICO 500ML TRADIZIONALE : VINAGRE CASTELO BALSAMICO 500ML";"7896048284075";"17207"
"VINAGRE CASTELO AROMAT. LIMAO 750ML ALCOOL : VINAGRE CASTELO AROMAT. LIMAO 750ML";"7896048255013";"4492"
"VINAGRE CASTELO ALCOOL PURO 750ML : VINAGRE CASTELO ALCOOL PURO 750ML";"7896048200051";"3885"
"VINAGRE CASTELO ALCOOL COLOR. 750ML : VINAGRE CASTELO ALCOOL COLOR. 750ML";"7896048284778";"35124"
"VINAGRE CASTELO ALCOOL AROM. 750ML HORTELA : VINAGRE CASTELO ALCOOL AROM. 750ML";"7896048282484";"19967"
"VINAGRE CASTELO ALCOOL AROM. 750ML ERVAS FINAS : VINAGRE CASTELO ALCOOL AROM. 750ML";"7896048284693";"19967"
"VINAGRE CASTELO ALCOOL 6% 5L CONCENTRADO : VINAGRE CASTELO ALCOOL 6% 5L";"7896048285706";"4018"
"VINAGRE CASTELO 750ML ALHO : VINAGRE CASTELO 750ML ALHO";"7896048284242";"36951"
"VINAGRE BELMONT AGRIN TINTO 750ML ZERO CORANTE : VINAGRE BELMONT AGRIN TINTO 750ML";"7896090500208";"1300"
"VINAGRE BELMONT AGRIN BRANCO 750ML ZERO CORANTE : VINAGRE BELMONT AGRIN BRANCO 750ML";"7896090500215";"1304"
"VINAGRE BALSAMICO BELMONT 380ML : VINAGRE BALSAMICO BELMONT 380ML";"7896090501656";"65834"
"VINAGRE AROMAT. LIMAO BELMONT 750ML DE ALCOOL : VINAGRE AROMAT. LIMAO BELMONT 750ML";"7896090500925";"35029"
"VINAGRE AROMAT. ALHO BELMONT 750ML DE ALCOOL : VINAGRE AROMAT. ALHO BELMONT 750ML";"7896090500918";"35028"
"VINAGRE ALC. COLORIDO BELMONT 750ML : VINAGRE ALC. COLORIDO BELMONT 750ML";"7896090500908";"39326"
"VIM CLORO GEL ADITIVADO 700ML ORIGINAL : VIM CLORO GEL ADITIVADO 700ML";"7891150057517";"49051"
"VIM CLORO GEL ADITIVADO 700ML FLORAL : VIM CLORO GEL ADITIVADO 700ML";"7891150057548";"49051"
"VERDURA-SALSAO UN : VERDURA-SALSAO";"543";"3166"
"VERDURAS LIMPAS IRMAOS BARBIERI PACOTE : VERDURAS LIMPAS IRMAOS BARBIERI";"6215";"49200"
"VERDURAS DE FOLHA RS VERDURAS : VERDURAS DE FOLHA RS VERDURAS";"0609963577811";"73345"
"VELAS SAO DOMINGOS SANTOS 320G STA RITA CASSIA : VELAS SAO DOMINGOS SANTOS 320G";"7896080203065";"8502"
"VELAS SAO DOMINGOS SANTOS 320G SANTO EXPEDITO : VELAS SAO DOMINGOS SANTOS 320G";"7896080203164";"8502"
"VELAS SAO DOMINGOS SANTOS 320G N.SRA.APARECIDA : VELAS SAO DOMINGOS SANTOS 320G";"7896080203041";"8502"
"VELAS SAO DOMINGOS SANTOS 320G N. SRA. GRACAS : VELAS SAO DOMINGOS SANTOS 320G";"7896080203010";"8502"
"VELAS SAO DOMINGOS SANTOS 320G DIV. PAI ETERNO : VELAS SAO DOMINGOS SANTOS 320G";"7896080203522";"8502"
"VELAS SAO DOMINGOS SANTOS 320G ANJO DA GUARDA : VELAS SAO DOMINGOS SANTOS 320G";"7896080203157";"8502"
"VELAS SAO DOMINGOS Nº5F 72G 8 UNIDADES : VELAS SAO DOMINGOS Nº5F 72G";"7896080200125";"38706"
"VELAS SAO DOMINGOS MAXI LUZ Nº5 C/ 6UN. 180G : VELAS SAO DOMINGOS MAXI LUZ Nº5";"7896080200156";"38707"
"VELAS SAO DOMINGOS ESPECIAL Nº07 C/ 8UN. 280G : VELAS SAO DOMINGOS ESPECIAL Nº07";"7896080200088";"38710"
"VELAS SAO DOMINGOS ESPECIAL Nº06 C/ 8UN. 256G : VELAS SAO DOMINGOS ESPECIAL Nº06";"7896080200071";"38709"
"VELAS SAO DOMINGOS ESPECIAL Nº05 : VELAS SAO DOMINGOS ESPECIAL Nº05";"7896080200064";"8510"
"VELAS SAO DOMINGOS ESPECIAL Nº04 : VELAS SAO DOMINGOS ESPECIAL Nº04";"7896080200057";"8515"
"VELAS SAO DOMINGOS ESPECIAL Nº03 C/ 8UN. 144G : VELAS SAO DOMINGOS ESPECIAL Nº03";"7896080200040";"38708"
"VELAS SAO DOMINGOS ESPECIAL Nº02 C/ 8UN. 120G : VELAS SAO DOMINGOS ESPECIAL Nº02";"7896080200033";"8511"
"VELAS SAO DOMINGOS COMUM Nº2 80G C/ 8 UNIDADES : VELAS SAO DOMINGOS COMUM Nº2 80G";"7896080200019";"8570"
"VELAS SAO DOMINGOS 7 DIAS (G) 320G : VELAS SAO DOMINGOS 7 DIAS (G) 320G";"7896080200118";"8503"
"VELAS SAO DOMINGOS 7 DIAS (F) 245G : VELAS SAO DOMINGOS 7 DIAS (F) 245G";"7896080200101";"8517"
"VELAS SANTA BARBARA VOTIVA 250G C/ 1UN : VELAS SANTA BARBARA VOTIVA 250G";"7896496500055";"4501"
"VELAS SANTA BARBARA Nº5 105G C/ 8UN : VELAS SANTA BARBARA Nº5 105G";"7896496500062";"273"
"VELAS SANTA BARBARA Nº10 360G C/ 6UN : VELAS SANTA BARBARA Nº10 360G";"7896496500925";"272"
"VELAS SANTA BARBARA MEDIA 164G C/ 8UN : VELAS SANTA BARBARA MEDIA 164G";"7896496500024";"268"
"VELAS SANTA BARBARA GRANDE 208G C/ 8UN : VELAS SANTA BARBARA GRANDE 208G";"7896496500031";"266"
"VELAS SANTA BARBARA 333G SANTO ANTONIO : VELAS SANTA BARBARA 333G";"7896496500154";"264"
"VELAS SANTA BARBARA 333G SAGRADO CORACAO : VELAS SANTA BARBARA 333G";"7896496500093";"264"
"VELAS SANTA BARBARA 333G RITA DE CASSIA : VELAS SANTA BARBARA 333G";"7896496500192";"264"
"VELAS SANTA BARBARA 333G NSA. DE FATIMA : VELAS SANTA BARBARA 333G";"7896496500109";"264"
"VELAS SANTA BARBARA 333G NSA. APARECIDA : VELAS SANTA BARBARA 333G";"7896496500222";"264"
"VELAS SANTA BARBARA 333G ESPIRITO SANTO : VELAS SANTA BARBARA 333G";"7896496500130";"264"
"VELAS SANTA BARBARA 333G CORACAO MARIA : VELAS SANTA BARBARA 333G";"7896496500215";"264"
"VELAS SANTA BARBARA 333G ANJO DA GUARDA : VELAS SANTA BARBARA 333G";"7896496500116";"264"
"VELA FILTRO STEFANI TRADICIONAL  : VELA FILTRO STEFANI TRADICIONAL";"7896877440109";"4825"
"VELA FILTRO STEFANI DECLORANTE DUPLA AÇAO : VELA FILTRO STEFANI DECLORANTE";"7896877440116";"31865"
"VELA FILTRO ACQUABELLA LORENZETTI REF:1686 : VELA FILTRO ACQUABELLA LORENZETTI";"7896451813862";"33039"
"VELA DEC.RECHAU SAO DOMINGOS 13G : VELA DEC.RECHAU SAO DOMINGOS 13G";"7896080201801";"47462"
"VELA DEC FINA SAO DOMINGOS 48G : VELA DEC FINA SAO DOMINGOS 48G";"7896080201818";"47463"
"VELA AROMATICA SAO DOMINGOS 130G CITRONELA : VELA AROMATICA SAO DOMINGOS 130G";"7896080208008";"8507"
"VELA ANIVERSARIO ROSA JUNCO Nº9 : VELA ANIVERSARIO ROSA JUNCO";"7896523101774";"49641"
"VELA ANIVERSARIO ROSA JUNCO Nº8 : VELA ANIVERSARIO ROSA JUNCO";"7896523101767";"49641"
"VELA ANIVERSARIO ROSA JUNCO Nº6 : VELA ANIVERSARIO ROSA JUNCO";"7896523101705";"49641"
"VELA ANIVERSARIO ROSA JUNCO Nº5 : VELA ANIVERSARIO ROSA JUNCO";"7896523101699";"49641"
"VELA ANIVERSARIO ROSA JUNCO Nº4 : VELA ANIVERSARIO ROSA JUNCO";"7896523101682";"49641"
"VELA ANIVERSARIO ROSA JUNCO Nº2 : VELA ANIVERSARIO ROSA JUNCO";"7896523101651";"49641"
"VELA ANIVERSARIO ROSA JUNCO Nº1 : VELA ANIVERSARIO ROSA JUNCO";"7896523100487";"49641"
"VELA ANIVERSARIO PALITO JUNCO 20UN ROSA : VELA ANIVERSARIO PALITO JUNCO 20UN";"7896523118239";"49642"
"VELA ANIVERSARIO PALITO JUNCO 20UN BRANCA : VELA ANIVERSARIO PALITO JUNCO 20UN";"7896523118222";"49642"
"VELA ANIVERSARIO PALITO JUNCO 20UN AZUL : VELA ANIVERSARIO PALITO JUNCO 20UN";"7896523118215";"49642"
"VELA ANIVERSARIO JUNCO GLITTER OURO N°9 : VELA ANIVERSARIO JUNCO GLITTER OURO";"7896523163512";"63931"
"VELA ANIVERSARIO JUNCO GLITTER OURO N°8 : VELA ANIVERSARIO JUNCO GLITTER OURO";"7896523163505";"63931"
"VELA ANIVERSARIO JUNCO GLITTER OURO N°7 : VELA ANIVERSARIO JUNCO GLITTER OURO";"7896523163499";"63931"
"VELA ANIVERSARIO JUNCO GLITTER OURO N°6 : VELA ANIVERSARIO JUNCO GLITTER OURO";"7896523163482";"63931"
"VELA ANIVERSARIO JUNCO GLITTER OURO N°5 : VELA ANIVERSARIO JUNCO GLITTER OURO";"7896523163475";"63931"
"VELA ANIVERSARIO JUNCO GLITTER OURO N°4 : VELA ANIVERSARIO JUNCO GLITTER OURO";"7896523163468";"63931"
"VELA ANIVERSARIO JUNCO GLITTER OURO N°3 : VELA ANIVERSARIO JUNCO GLITTER OURO";"7896523163451";"63931"
"VELA ANIVERSARIO JUNCO GLITTER OURO N°2 : VELA ANIVERSARIO JUNCO GLITTER OURO";"7896523163444";"63931"
"VELA ANIVERSARIO JUNCO GLITTER OURO N°1 : VELA ANIVERSARIO JUNCO GLITTER OURO";"7896523163437";"63931"
"VELA ANIVERSARIO JUNCO GLITTER OURO N°0 : VELA ANIVERSARIO JUNCO GLITTER OURO";"7896523163420";"63931"
"VELA ANIVERSARIO JUNCO GLITTER OURO INTERROGACAO : VELA ANIVERSARIO JUNCO GLITTER OURO";"7896523166872";"63931"
"VELA ANIVERSARIO ESTRELAR JUNCO 3UN : VELA ANIVERSARIO ESTRELAR JUNCO 3UN";"7896523103266";"49637"
"VELA ANIVERSARIO AZUL JUNCO Nº9 : VELA ANIVERSARIO AZUL JUNCO";"7896523101477";"49640"
"VELA ANIVERSARIO AZUL JUNCO Nº8 : VELA ANIVERSARIO AZUL JUNCO";"7896523101460";"49640"
"VELA ANIVERSARIO AZUL JUNCO Nº7 : VELA ANIVERSARIO AZUL JUNCO";"7896523101453";"49640"
"VELA ANIVERSARIO AZUL JUNCO Nº6 : VELA ANIVERSARIO AZUL JUNCO";"7896523101392";"49640"
"VELA ANIVERSARIO AZUL JUNCO Nº5 : VELA ANIVERSARIO AZUL JUNCO";"7896523101385";"49640"
"VELA ANIVERSARIO AZUL JUNCO Nº4 : VELA ANIVERSARIO AZUL JUNCO";"7896523101378";"49640"
"VELA ANIVERSARIO AZUL JUNCO Nº3 : VELA ANIVERSARIO AZUL JUNCO";"7896523101293";"49640"
"VELA ANIVERSARIO AZUL JUNCO Nº2 : VELA ANIVERSARIO AZUL JUNCO";"7896523101286";"49640"
"VELA ANIVERSARIO AZUL JUNCO Nº0 : VELA ANIVERSARIO AZUL JUNCO";"7896523101279";"49640"
"VELA ANIV. JUNCO METALIZADA BRANCO PEROLADO N°9 : VELA ANIV. JUNCO METALIZADA BRANCO";"7896523178936";"63926"
"VELA ANIV. JUNCO METALIZADA BRANCO PEROLADO N°8 : VELA ANIV. JUNCO METALIZADA BRANCO";"7896523178929";"63926"
"VELA ANIV. JUNCO METALIZADA BRANCO PEROLADO N°7 : VELA ANIV. JUNCO METALIZADA BRANCO";"7896523178912";"63926"
"VELA ANIV. JUNCO METALIZADA BRANCO PEROLADO N°6 : VELA ANIV. JUNCO METALIZADA BRANCO";"7896523178905";"63926"
"VELA ANIV. JUNCO METALIZADA BRANCO PEROLADO N°5 : VELA ANIV. JUNCO METALIZADA BRANCO";"7896523178899";"63926"
"VELA ANIV. JUNCO METALIZADA BRANCO PEROLADO N°4 : VELA ANIV. JUNCO METALIZADA BRANCO";"7896523178882";"63926"
"VELA ANIV. JUNCO METALIZADA BRANCO PEROLADO N°3 : VELA ANIV. JUNCO METALIZADA BRANCO";"7896523178875";"63926"
"VELA ANIV. JUNCO METALIZADA BRANCO PEROLADO N°2 : VELA ANIV. JUNCO METALIZADA BRANCO";"7896523178868";"63926"
"VELA ANIV. JUNCO METALIZADA BRANCO PEROLADO N°1 : VELA ANIV. JUNCO METALIZADA BRANCO";"7896523178851";"63926"
"VELA ANIV. JUNCO METALIZADA BRANCO PEROLADO N°0 : VELA ANIV. JUNCO METALIZADA BRANCO";"7896523178844";"63926"
"VELA ANIV. JUNCO METALIZADA BRANCO INTERROGACAO : VELA ANIV. JUNCO METALIZADA BRANCO";"7896523178837";"63926"
"VELA ANIV. JUNCO GLITTER VERMELHA N°9 : VELA ANIV. JUNCO GLITTER VERMELHA";"7896523162362";"63933"
"VELA ANIV. JUNCO GLITTER VERMELHA N°8 : VELA ANIV. JUNCO GLITTER VERMELHA";"7896523162355";"63933"
"VELA ANIV. JUNCO GLITTER VERMELHA N°7 : VELA ANIV. JUNCO GLITTER VERMELHA";"7896523162348";"63933"
"VELA ANIV. JUNCO GLITTER VERMELHA N°6 : VELA ANIV. JUNCO GLITTER VERMELHA";"7896523162331";"63933"
"VELA ANIV. JUNCO GLITTER VERMELHA N°5 : VELA ANIV. JUNCO GLITTER VERMELHA";"7896523162324";"63933"
"VELA ANIV. JUNCO GLITTER VERMELHA N°4 : VELA ANIV. JUNCO GLITTER VERMELHA";"7896523162317";"63933"
"VELA ANIV. JUNCO GLITTER VERMELHA N°3 : VELA ANIV. JUNCO GLITTER VERMELHA";"7896523162300";"63933"
"VELA ANIV. JUNCO GLITTER VERMELHA N°2 : VELA ANIV. JUNCO GLITTER VERMELHA";"7896523162294";"63933"
"VELA ANIV. JUNCO GLITTER VERMELHA N°1 : VELA ANIV. JUNCO GLITTER VERMELHA";"7896523162287";"63933"
"VELA ANIV. JUNCO GLITTER VERMELHA N°0 : VELA ANIV. JUNCO GLITTER VERMELHA";"7896523162270";"63933"
"VELA ANIV. JUNCO GLITTER VERMELHA INTERROGACAO : VELA ANIV. JUNCO GLITTER VERMELHA";"7896523166919";"63933"
"VEJA X-14 TIRA LIMO SQUEEZE 500ML : VEJA X-14 TIRA LIMO SQUEEZE 500ML";"7891035209505";"124"
"VEJA X-14 TIRA LIMO SQUEEZE - 20% 500ML : VEJA X-14 TIRA LIMO SQUEEZE - 20%";"7891035800238";"34885"
"VEJA X-14 TIRA LIMO RF. - 50% 2ªUN : VEJA X-14 TIRA LIMO RF. - 50% 2ªUN";"7891035800306";"56699"
"VEJA X-14 TIRA LIMO REFIL 500ML : VEJA X-14 TIRA LIMO REFIL 500ML";"7898024830184";"4044"
"VEJA X-14 CLORO ATIVO 2 EM 1 500ML LIMPEZA PESADA : VEJA X-14 CLORO ATIVO 2 EM 1 500ML";"7891035250002";"107"
"VEJA X-14 2 EM 1 LIMPEZA PESADA 1L CLORO ATIVO : VEJA X-14 2 EM 1 LIMPEZA PESADA 1L";"7891035250019";"34273"
"VEJA VIDREX SQUEEZE 500ML 20% DESC : VEJA VIDREX SQUEEZE 500ML 20% DESC";"7891035800207";"16666"
"VEJA VIDREX CRISTAL REFIL 500ML : VEJA VIDREX CRISTAL REFIL 500ML";"7891035225109";"20987"
"VEJA VIDREX CRISTAL PULVER 500ML 30% DESC : VEJA VIDREX CRISTAL PULVER 500ML";"7891035800276";"45714"
"VEJA VIDREX C/ ALCOOL SQUEEZE 500ML : VEJA VIDREX C/ ALCOOL SQUEEZE 500ML";"7891035228100";"147"
"VEJA USO DIRETO 900ML ORIGINAL : VEJA USO DIRETO 900ML";"7891035211409";"4037"
"VEJA USO DIRETO 900ML FLORAL : VEJA USO DIRETO 900ML";"7891035211706";"4037"
"VEJA POWER GEL DESENGORD. 500ML LIMAO : VEJA POWER GEL DESENGORD. 500ML";"7891035000225";"55347"
"VEJA POWER FUSION PULV. 500ML LARANJA : VEJA POWER FUSION PULV. 500ML";"7891035000737";"56253"
"VEJA PERFUMES E SENSACOES 1L JASMIM CARIBE : VEJA PERFUMES E SENSACOES 1L";"7891035000256";"112"
"VEJA PERF. SENSACOES 2L - 30% DESC. SENSACOES : VEJA PERF. SENSACOES 2L - 30% DESC.";"7891035228285";"19592"
"VEJA PERF. SENSACOES 2L - 30% DESC. FLORES & SONHO : VEJA PERF. SENSACOES 2L - 30% DESC.";"7891035228292";"19592"
"VEJA PERF. SENCACOES 1L 30% DESC LAVANDA : VEJA PERF. SENCACOES 1L 30% DESC";"7891035250613";"32147"
"VEJA PERF. SENCACOES 1L 30% DESC FLORAL : VEJA PERF. SENCACOES 1L 30% DESC";"7891035215339";"32147"
"VEJA PERF. E SENSACOES 500ML - 30% LAVANDA : VEJA PERF. E SENSACOES 500ML - 30%";"7891035249433";"114"
"VEJA PERF. E SENSACOES 500ML - 30% FLORES MEDITER. : VEJA PERF. E SENSACOES 500ML - 30%";"7891035249228";"114"
"VEJA PERF. AROMA SENSE 1L ENERGIA : VEJA PERF. AROMA SENSE 1L";"7891035990656";"11817"
"VEJA MULTIUSO POWER FUSION 500ML LIMAO : VEJA MULTIUSO POWER FUSION 500ML";"7891035990571";"31599"
"VEJA MULTIUSO POWER FUSION 500ML LARANJA : VEJA MULTIUSO POWER FUSION 500ML";"7891035990557";"31599"
"VEJA MULTIUSO POWER FUSION 500ML COCO : VEJA MULTIUSO POWER FUSION 500ML";"7891035000973";"31599"
"VEJA MULTIUSO ORIGINAL 500ML ORIGINAL : VEJA MULTIUSO ORIGINAL 500ML";"7891035210006";"55487"
"VEJA MULTIUSO ORIGINAL 500ML - 3UN : VEJA MULTIUSO ORIGINAL 500ML - 3UN";"7891035800344";"37303"
"VEJA MULTIUSO 750ML ORIGINAL : VEJA MULTIUSO 750ML";"7891035216206";"51298"
"VEJA MULTIUSO 500ML - 10% DESCONTO ORIGINAL : VEJA MULTIUSO 500ML - 10% DESCONTO";"7891035800214";"37775"
"VEJA MULTIUSO 500ML - 10% DESCONTO LAVANDA/ALCOOL : VEJA MULTIUSO 500ML - 10% DESCONTO";"7891035285172";"37775"
"VEJA MULTIUSO 500ML - 10% DESCONTO FLORAL : VEJA MULTIUSO 500ML - 10% DESCONTO";"7891035285165";"37775"
"VEJA MULTIUSO 500ML - 10% DESCONTO CAMPESTRE : VEJA MULTIUSO 500ML - 10% DESCONTO";"7891035285158";"37775"
"VEJA LIMPEZA PESADA 500ML ORIGINAL : VEJA LIMPEZA PESADA 500ML";"7891035215001";"102"
"VEJA LIMPEZA PESADA 500ML FLORAL CAMPEST. : VEJA LIMPEZA PESADA 500ML";"7891035245008";"102"
"VEJA LIMPEZA PESADA 500ML 20% DESC. ORIGINAL : VEJA LIMPEZA PESADA 500ML 20% DESC.";"7891035285189";"46793"
"VEJA LIMPEZA PESADA 500ML 20% DESC. CLORO ATIVO : VEJA LIMPEZA PESADA 500ML 20% DESC.";"7891035285196";"46793"
"VEJA LIMPEZA PESADA 1L 20% DESCONTO ORIGINAL : VEJA LIMPEZA PESADA 1L 20% DESCONTO";"7891035285202";"46598"
"VEJA LIMPEZA PESADA 1L 20% DESCONTO CLORO ATIVO : VEJA LIMPEZA PESADA 1L 20% DESCONTO";"7891035285219";"46598"
"VEJA DESINFETAN POWER ACT.500ML SQU PINHO : VEJA DESINFETAN POWER ACT.500ML SQU";"7891035001956";"65980"
"VEJA DESINFETAN POWER ACT.500ML SQU LAVANDA : VEJA DESINFETAN POWER ACT.500ML SQU";"7891035001949";"65980"
"VEJA COZINHA DESENG. SQUEEZE 500ML EXTRATO LIMAO : VEJA COZINHA DESENG. SQUEEZE 500ML";"7891035215537";"19347"
"VEJA COZINHA DESENG. SACHE 400ML LIMAO : VEJA COZINHA DESENG. SACHE 400ML";"7891035285097";"45700"
"VEJA COZINHA DESENG. SACHE 400ML LAVANDA : VEJA COZINHA DESENG. SACHE 400ML";"7891035001758";"45700"
"VEJA COZINHA DESENG. REFIL 500ML EXTRATO LARANJA : VEJA COZINHA DESENG. REFIL 500ML";"7891035216008";"4552"
"VEJA COZINHA DESENG. 20% DESC 500ML LIMAO : VEJA COZINHA DESENG. 20% DESC 500ML";"7891035800245";"16675"
"VEJA COZINHA DESENG. 20% DESC 500ML LAVANDA : VEJA COZINHA DESENG. 20% DESC 500ML";"7891035001741";"16675"
"VEJA COZINHA DESENG PULV 500ML- 30% LIMAO : VEJA COZINHA DESENG PULV 500ML- 30%";"7891035800054";"35144"
"VEJA COZINHA DESENG PULV 500ML- 30% LAVANDA : VEJA COZINHA DESENG PULV 500ML- 30%";"7891035001734";"35144"
"VEJA BANHEIRO ANTIBAC SQUEEZE 500ML : VEJA BANHEIRO ANTIBAC SQUEEZE 500ML";"7891035000058";"56698"
"VEJA BANHEIRO ANTIBAC SACHE 400ML ORIGINAL : VEJA BANHEIRO ANTIBAC SACHE 400ML";"7891035000072";"56697"
"VEJA BANHEIRO ANTIBAC SACHE 400ML LAVANDA : VEJA BANHEIRO ANTIBAC SACHE 400ML";"7891035001437";"56697"
"VEDANTE DE COURO 3/4 C/ 3 UN NEDO REF 192 : VEDANTE DE COURO 3/4 C/ 3 UN NEDO";"7896619801922";"7334"
"VEDANTE COURO P/ TORNE 1/2 C/3 NEDO REF 191 : VEDANTE COURO P/ TORNE 1/2 C/3 NEDO";"7896619801915";"9752"
"VASSOURA SANTA MARIA VARRY-CASA : VASSOURA SANTA MARIA VARRY-CASA";"7896314709660";"45992"
"VASSOURA SANTA MARIA TUTTY : VASSOURA SANTA MARIA TUTTY";"7896314709592";"63313"
"VASSOURA SANTA MARIA PIACALUX : VASSOURA SANTA MARIA PIACALUX";"7896314701695";"45990"
"VASSOURA SANTA MARIA PHENIX : VASSOURA SANTA MARIA PHENIX";"7896314709561";"45991"
"VASSOURA NOVICA USO EXTERNO  : VASSOURA NOVICA USO EXTERNO";"7896001016415";"310"
"VASSOURA NOVICA PISO DELIC BETTANIN : VASSOURA NOVICA PISO DELIC BETTANIN";"7896001018815";"10945"
"VASSOURA NOVICA ORIGINAL BETTANIN : VASSOURA NOVICA ORIGINAL BETTANIN";"7896001016767";"4873"
"VASSOURA NOVICA ID. CANTOS BETTANIN : VASSOURA NOVICA ID. CANTOS BETTANIN";"7896001016910";"315"
"VASSOURA HB PLUMADA PLUS : VASSOURA HB PLUMADA PLUS";"7897004402571";"308"
"VASSOURA HB MAXINA PLUS : VASSOURA HB MAXINA PLUS";"7897004402519";"14512"
"VASSOURA HB BELLA DONA PORCELANATO : VASSOURA HB BELLA DONA PORCELANATO";"7897004402502";"71603"
"VASSOURA HB BELLA DONA : VASSOURA HB BELLA DONA";"7897004402458";"6321"
"VASSOURA CONDOR V-9 VARRE MUITO : VASSOURA CONDOR V-9 VARRE MUITO";"7891055006771";"46918"
"VASSOURA CONDOR V-35 VARRE FACIL : VASSOURA CONDOR V-35 VARRE FACIL";"7891055003589";"46917"
"VASILHAME LITRAO 1L UN : VASILHAME LITRAO 1L";"1474";"6095"
"VASILHAME COCA/FANTA 1L : VASILHAME COCA/FANTA 1L";"9990002424977";"8805"
"VASILHAME COCA COLA 2L : VASILHAME COCA COLA 2L";"5910503612929";"6097"
"VASILHAME AGUA MINERAL 20L : VASILHAME AGUA MINERAL 20L";"9990000124381";"6101"
"VASILHAME AGUA MINERAL 10L : VASILHAME AGUA MINERAL 10L";"9990000126231";"6100"
"VASILHAME 300ML : VASILHAME 300ML";"3267";"28744"
"VASELINA MUNDIAL PRIME SPRAY 250ML : VASELINA MUNDIAL PRIME SPRAY 250ML";"7898907527781";"74162"
"VARAL SUPER HB 10 METROS : VARAL SUPER HB 10 METROS";"7897004402847";"50813"
"VARAL MULTIUSO LIG BRIN 16 PREND. : VARAL MULTIUSO LIG BRIN 16 PREND.";"7898282400440";"63994"
"VARAL DE ACO HB 10 METROS : VARAL DE ACO HB 10 METROS";"7897004402823";"47574"
"VANISH WHITE SEM CLORO SACHE 500ML +BRANQUEADOR : VANISH WHITE SEM CLORO SACHE 500ML";"7891035040436";"13424"
"VANISH WHITE 500ML : VANISH WHITE 500ML";"7891035040405";"7650"
"VANISH WHITE 1,5L : VANISH WHITE 1,5L";"7891035040412";"9233"
"VANISH SUPER BARRA 75G WHITE : VANISH SUPER BARRA 75G";"7891035040269";"35001"
"VANISH SUPER BARRA 75G ROSA : VANISH SUPER BARRA 75G";"7891035040191";"35001"
"VANISH SEM CLORO SACHE 500ML ROSA : VANISH SEM CLORO SACHE 500ML";"7891035041006";"162"
"VANISH SEM CLORO 500ML : VANISH SEM CLORO 500ML";"7891035040009";"149"
"VANISH SEM CLORO 1,5L : VANISH SEM CLORO 1,5L";"7891035040504";"153"
"VANISH RESOLV PRE-LAVAGEM 500ML ROUPA COLORIDA : VANISH RESOLV PRE-LAVAGEM 500ML";"7891035017001";"146"
"VANISH RESOLV PRE-LAVAGEM 500ML ROUPA BRANCA : VANISH RESOLV PRE-LAVAGEM 500ML";"7891035040450";"146"
"VANISH POWER O2 CRYSTAL WHITE 450G : VANISH POWER O2 CRYSTAL WHITE 450G";"7891035050602";"3986"
"VANISH PODER O2 REFIL 400G WHITE : VANISH PODER O2 REFIL 400G";"7891035051265";"46806"
"VANISH PODER O2 REFIL 400G ROSA : VANISH PODER O2 REFIL 400G";"7891035051272";"46806"
"VANISH PODER O2 INTELIGENTE 450G : VANISH PODER O2 INTELIGENTE 450G";"7891035040702";"167"
"VANISH OXI ACTION 120G ROSA : VANISH OXI ACTION 120G";"7891035040535";"15648"
"VANISH OXI ACTION 120G CRYSTAL WHITE : VANISH OXI ACTION 120G";"7891035040542";"15648"
"VANISH KARPEX 500ML : VANISH KARPEX 500ML";"7891035200007";"200"
"VANISH GEL REFIL 1,2L : VANISH GEL REFIL 1,2L";"7891035000010";"55377"
"VANISH EM PO REFIL 240G WHITE : VANISH EM PO REFIL 240G";"7891035001468";"65312"
"VANISH EM PO REFIL 240G ROSA : VANISH EM PO REFIL 240G";"7891035001451";"65312"
"VANISH 1,5L+50% DESC. VANISH WHITE 1,5L : VANISH 1,5L+50% DESC. VANISH WHITE";"7891035040580";"41841"
"VALVULA PANELA PRESSAO NEDO REF.236 : VALVULA PANELA PRESSAO NEDO REF.236";"7896619802363";"4837"
"VAGEM PICADA BANDEJA KG : VAGEM PICADA BANDEJA KG";"596";"3065"
"VAGEM KG  : VAGEM KG";"595";"3016"
"VAGEM EMBALADA KG : VAGEM EMBALADA KG";"760";"3061"
"VAGEM COM CENOURA BANDEJA KG : VAGEM COM CENOURA BANDEJA KG";"1278";"10956"
"UVA VITORIA SEM SEMENTE BDJ 500G : UVA VITORIA SEM SEMENTE BDJ 500G";"7908046710491";"54481"
"UVA THOMPSON SEM SEMENTE BDJ 500G : UVA THOMPSON SEM SEMENTE BDJ 500G";"7908512200006";"41293"
"UVA RUBI BANDEJA 500G : UVA RUBI BANDEJA 500G";"7898951009042";"45676"
"UVA RED GLOBE BANDEJA 500G  : UVA RED GLOBE BANDEJA 500G";"7898998907271";"53882"
"UVA PASSA PRETA ARGENTINA KG : UVA PASSA PRETA ARGENTINA KG";"3129";"3776"
"UVA PASSA ESCURA SIAMAR 150G SEM SEMENTE : UVA PASSA ESCURA SIAMAR 150G";"7896069575879";"49789"
"UVA PASSA BRANCA KG : UVA PASSA BRANCA KG           ";"1665";"11266"
"UVA NIAGARA BANDEJA 500G : UVA NIAGARA BANDEJA 500G";"7898996209001";"25499"
"UVA ITALIA KG : UVA ITALIA KG";"588";"2726"
"UVA ITALIA BANDEJA 500G : UVA ITALIA BANDEJA 500G";"7898962939208";"46140"
"UVA CRIMSON BANDEJA 500G : UVA CRIMSON BANDEJA 500G";"7908211300014";"53005"
"UVA BRASIL BANDEJA 500G : UVA BRASIL BANDEJA 500G";"7908046710507";"51433"
"UVA BENITAKA BANDEJA 500G : UVA BENITAKA BANDEJA 500G";"7898956087052";"2729"
"UTENSILIOS TRAMONTINA AVULSOS : UTENSILIOS TRAMONTINA AVULSOS";"7891116152126";"69349"
"UTENSILIO TRAMONTINA ABILITY NYLON PRETO : UTENSILIO TRAMONTINA ABILITY NYLON";"7891112326132";"65486"
"UNIAO TORNEIRA 1/2 E 3/4 NEDO REF. 419 : UNIAO TORNEIRA 1/2 E 3/4 NEDO";"7896619804190";"6571"
"UNIAO REPARADORA LORENZETTI REF. 7160001 : UNIAO REPARADORA LORENZETTI";"7896451852687";"60368"
"UNIAO FEMEA EXTRA 10A NEDO REF.391 : UNIAO FEMEA EXTRA 10A NEDO REF.391";"7896619803919";"4933"
"UNIAO FEMEA 2 POLOS+TERRA 20A NEDO REF. 307 : UNIAO FEMEA 2 POLOS+TERRA 20A NEDO";"7896619803070";"20768"
"UNIAO E BICO 3/4 NEDO REF. 287 : UNIAO E BICO 3/4 NEDO REF. 287";"7896619802875";"6570"
"UNHAS RICCA NATURAIS QUADRADO MEDIO : UNHAS RICCA NATURAIS QUADRADO";"7897517913205";"71878"
"TUTU DE FEIJAO KG : TUTU DE FEIJAO KG";"264";"6808"
"TULIPA TEMPERADA KG : TULIPA TEMPERADA KG";"2185";"11715"
"TRUFFAS JACQUOT CLASSIC 200G : TRUFFAS JACQUOT CLASSIC 200G";"3015496414252";"72578"
"TRIO DE PINCAS ENOX : TRIO DE PINCAS ENOX";"7897517916930";"71898"
"TRIGO PARA KIBE ZILIO 5KG : TRIGO PARA KIBE ZILIO 5KG";"7896280401759";"6195"
"TRIGO PARA KIBE ZILIO 500G : TRIGO PARA KIBE ZILIO 500G";"7896280400066";"1519"
"TRIGO PARA KIBE SIAMAR 500G : TRIGO PARA KIBE SIAMAR 500G";"7896069511617";"1697"
"TRAVESSA PLASUTIL GOURMET OVAL 2L 16377 : TRAVESSA PLASUTIL GOURMET OVAL 2L";"7899808847008";"68888"
"TRAVESSA PLASUTIL GOURMET C/T 365ML 307 : TRAVESSA PLASUTIL GOURMET C/T 365ML";"7896042003078";"68890"
"TRATAMENTO ACIDIFICANTE OX 200ML GLICOLICO : TRATAMENTO ACIDIFICANTE OX 200ML";"7908324408744";"73313"
"TOUCA NATURAL BANHO LUXO KIDS 1UN : TOUCA NATURAL BANHO LUXO KIDS 1UN";"7898946823615";"51610"
"TOUCA NATURAL BANHO LUXO 1UN : TOUCA NATURAL BANHO LUXO 1UN";"7898946823530";"38090"
"TOUCA NATURAL BANHO BASIC 1UN  : TOUCA NATURAL BANHO BASIC 1UN";"7898946823592";"51601"
"TOUCA BANHO RICCA LISA : TOUCA BANHO RICCA";"7897517903916";"71902"
"TOUCA BANHO RICCA ESTAMPADA : TOUCA BANHO RICCA";"7897517903923";"71902"
"TORTINHAS ADRIA CROSTATA 80G GELEIA DE LIMAO : TORTINHAS ADRIA CROSTATA 80G";"7896085087158";"28396"
"TORTINHAS ADRIA CROSTATA 80G FR. VERMELHAS : TORTINHAS ADRIA CROSTATA 80G";"7896085087165";"28396"
"TORTINHAS ADRIA CROSTATA 80G CREME DE AVELA : TORTINHAS ADRIA CROSTATA 80G";"7896085087172";"28396"
"TORTINHA DONA NELZA RECHEADA KG CALAB/REQUEIJAO : TORTINHA DONA NELZA RECHEADA KG";"8234";"44897"
"TORTILHA KODILAR 170G S/ GLUTEM : TORTILHA KODILAR 170G S/ GLUTEM";"7896256066180";"63145"
"TORTA PRESUNTO MUSSARELA KG : TORTA PRESUNTO MUSSARELA KG   ";"4978";"37318"
"TORTA HOLANDESA KG  : TORTA HOLANDESA KG            ";"3128";"27240"
"TORTA DE FRANGO KG  : TORTA DE FRANGO KG            ";"4755";"35857"
"TORTA DE FRANGO GRESPAN UN : TORTA DE FRANGO GRESPAN UN";"4756";"35858"
"TORTA DE ATUM KG : TORTA DE ATUM KG              ";"2155";"6048"
"TORTA BANOFFEE KG : TORTA BANOFFEE KG";"6663";"53406"
"TORRESMO PRE FRITO KG : TORRESMO PRE FRITO KG";"197";"6708"
"TORRESMO FRITO KG : TORRESMO FRITO KG";"6998";"57158"
"TORRADA VISCONTI 120G TRADICIONAL : TORRADA VISCONTI 120G";"7891962052564";"1190"
"TORRADA VISCONTI 120G MULTIGRAOS : TORRADA VISCONTI 120G";"7891962052588";"1190"
"TORRADA VISCONTI 120G INTEGRAL : TORRADA VISCONTI 120G";"7891962052571";"1190"
"TORRADA TEMPERADA KG : TORRADA TEMPERADA KG";"1436";"11083"
"TORRADA MARILAN MAGIC TOAST 110G. CACAU : TORRADA MARILAN MAGIC TOAST 110G.";"7896003739770";"68402"
"TORRADA MARILAN MAGIC TOAST 110G PEITO DE PERU : TORRADA MARILAN MAGIC TOAST 110G";"7896003739381";"47985"
"TORRADA MARILAN MAGIC TOAST 110G ORIGINAL : TORRADA MARILAN MAGIC TOAST 110G";"7896003739336";"47985"
"TORRADA MARILAN MAGIC TOAST 110G INTEGRAL : TORRADA MARILAN MAGIC TOAST 110G";"7896003739343";"47985"
"TORRADA KG : TORRADA                       ";"374";"2773"
"TORRADA BAUDUCCO 142G TRADICIONAL : TORRADA BAUDUCCO 142G";"7891962053189";"50868"
"TORRADA BAUDUCCO 142G MULTIGRAOS : TORRADA BAUDUCCO 142G";"7891962053202";"50868"
"TORRADA BAUDUCCO 142G INTEGRAL : TORRADA BAUDUCCO 142G";"7891962053196";"50868"
"TORRADA ADRIA 142G TRADICIONAL : TORRADA ADRIA 142G";"7896085086205";"39307"
"TORRADA ADRIA 142G MULTIGRAOS : TORRADA ADRIA 142G";"7896085086236";"39307"
"TORRADA ADRIA 142G LIGHT : TORRADA ADRIA 142G";"7896085086229";"39307"
"TORRADA ADRIA 142G INTEGRAL : TORRADA ADRIA 142G";"7896085086212";"39307"
"TORNEIRA PARA FILTRO NEDO REF. 179 : TORNEIRA PARA FILTRO NEDO REF. 179";"7896619801793";"4896"
"TORNEIRA METAL 1/2 PARA JARDIM NEDO : TORNEIRA METAL 1/2 PARA JARDIM NEDO";"7896619802080";"4926"
"TORNEIRA FILTROS AGUA STEFANI CLIC MARROM : TORNEIRA FILTROS AGUA STEFANI CLIC";"7898935073304";"9110"
"TORNEIRA FILTROS AGUA STEFANI CLIC BRANCA : TORNEIRA FILTROS AGUA STEFANI CLIC";"8183";"9110"
"TOP WHEY BAR MAX TITANIUM 41G DOCE DE LEITE : TOP WHEY BAR MAX TITANIUM 41G";"7899941202832";"70809"
"TOP WHEY BAR MAX TITANIUM 41G BRIGADEIRO : TOP WHEY BAR MAX TITANIUM 41G";"7899941202795";"70809"
"TONICO CAPILAR PANTENE 52ML BIOTINAMINA : TONICO CAPILAR PANTENE 52ML";"7500435247917";"73827"
"TOMATE TRITURADO VALE FERTIL 1.010G : TOMATE TRITURADO VALE FERTIL 1.010G";"7896272010624";"70651"
"TOMATE SECO KG : TOMATE SECO KG                ";"7898586152212";"6478"
"TOMATE PELADO POMAROLA LATA 400G : TOMATE PELADO POMAROLA LATA 400G";"7896036095669";"35439"
"TOMATE PELADO MUTTI 400G : TOMATE PELADO MUTTI 400G";"8005110060007";"72579"
"TOMATE PELADO CUBOS POMAROLA 400G : TOMATE PELADO CUBOS POMAROLA 400G";"7896036097267";"40090"
"TOMATE HOLANDES RAMA KG : TOMATE HOLANDES RAMA KG";"6521";"51973"
"TOMATE EXTRA KG : TOMATE EXTRA KG";"587";"2723"
"TOMATE EMBALADO KG : TOMATE EMBALADO KG";"745";"3059"
"TOMATE COQUETEL KG : TOMATE COQUETEL KG";"7130";"58367"
"TOMATE CEREJA EMBALADO KG : TOMATE CEREJA EMBALADO KG";"2689";"16290"
"TOMATE CEREJA 180G : TOMATE CEREJA 180G";"7898994470762";"3013"
"TOMATE CEBOLA E SALSA SIAMAR 15G : TOMATE CEBOLA E SALSA SIAMAR 15G";"7896069572274";"3643"
"TOMADA PLACA DE 20A NEDO REF.377 : TOMADA PLACA DE 20A NEDO REF.377";"7896619803773";"48400"
"TOFU ORGANICO NATURAL SAMURAI 300G : TOFU ORGANICO NATURAL SAMURAI 300G";"7898931632017";"69771"
"TOAST CEREALE BAUDUCCO 128G MULTICEREAIS : TOAST CEREALE BAUDUCCO 128G";"7891962058719";"55043"
"TOAST CEREALE BAUDUCCO 128G INTEGRAL : TOAST CEREALE BAUDUCCO 128G";"7891962058726";"55043"
"TOALHA UMEDECIDA TROPOLINO L120P100 : TOALHA UMEDECIDA TROPOLINO L120P100";"7898677380654";"57984"
"TOALHA UMEDECIDA PERSONAL L96 P86 : TOALHA UMEDECIDA PERSONAL L96 P86";"7896110011820";"70055"
"TOALHA UMEDECIDA PERSONAL L4P3  : TOALHA UMEDECIDA PERSONAL L4P3";"7896110009643";"70054"
"TOALHA UMEDECIDA PERSONAL 50UN  : TOALHA UMEDECIDA PERSONAL 50UN";"7896110005805";"26284"
"TOALHA UMEDECIDA PERSON. BABY 100UN  : TOALHA UMEDECIDA PERSON. BABY 100UN";"7898039563732";"48905"
"TOALHA UMEDECIDA MILI 100UN LOVE & CARE : TOALHA UMEDECIDA MILI 100UN";"7896104993668";"49579"
"TOALHA UMEDECIDA LITTLE BABY 50UN. : TOALHA UMEDECIDA LITTLE BABY 50UN.";"7899700802051";"69842"
"TOALHA UMEDECIDA LITTLE BABY 100UN : TOALHA UMEDECIDA LITTLE BABY 100UN";"7899700802068";"67256"
"TOALHA UMEDECIDA JOHNSONS 48UN RECEM NASCIDO : TOALHA UMEDECIDA JOHNSONS 48UN";"7891010568771";"37120"
"TOALHA UMEDECIDA JOHNSONS 48UN HORA DO SONO : TOALHA UMEDECIDA JOHNSONS 48UN";"7891010568764";"37120"
"TOALHA UMEDECIDA JOHNSONS 44UN LIMPEZA/SUAVID. : TOALHA UMEDECIDA JOHNSONS 44UN";"7891010247324";"51501"
"TOALHA UMEDECIDA HUGGIES 88UN TRIPLA PROTECAO : TOALHA UMEDECIDA HUGGIES 88UN";"7896018704848";"31577"
"TOALHA UMEDECIDA HUGGIES 48UN SUPREME CARE : TOALHA UMEDECIDA HUGGIES 48UN";"7896018700604";"57360"
"TOALHA DE CHA ESTAMPADA TEKA 81X78 : TOALHA DE CHA ESTAMPADA TEKA 81X78";"7891228907515";"47455"
"TOALHA DE BANHO ROSANA LISTRADA 68CMX1,20M : TOALHA DE BANHO ROSANA LISTRADA";"7893285000017";"68460"
"TNT ENERGY DRINK SABORES ZERO 269ML MACA VERDE : TNT ENERGY DRINK SABORES ZERO 269ML";"7897395001810";"73430"
"TNT ENERGY DRINK SABORES 269ML MANGO : TNT ENERGY DRINK SABORES 269ML";"7897395001650";"35051"
"TNT ENERGY DRINK 269ML : TNT ENERGY DRINK 269ML";"7897395031602";"1648"
"TIRINHAS STICK FRANGO COPACOL 300G : TIRINHAS STICK FRANGO COPACOL 300G";"7891527064902";"38559"
"TIRINHAS DE FRANGO FRIMESA 300G APERITIVO : TIRINHAS DE FRANGO FRIMESA 300G";"7896275920142";"29266"
"TIRINHAS DE FRANGO AURORA 275G : TIRINHAS DE FRANGO AURORA 275G";"7891164110642";"69248"
"TIRA RISCOS LUXCAR 120G : TIRA RISCOS LUXCAR 120G";"7896498542695";"74625"
"TIRA MANCHAS TRIEX 450G MULTIUSO : TIRA MANCHAS TRIEX 450G";"7896527702403";"45188"
"TIRA MANCHAS TIXAN YPE SACHE 380G ROUPA COLORIDA : TIRA MANCHAS TIXAN YPE SACHE 380G";"7896098901267";"43287"
"TIRA MANCHAS TIXAN YPE SACHE 380G ROUPA BRANCA : TIRA MANCHAS TIXAN YPE SACHE 380G";"7896098901298";"43287"
"TIRA MANCHAS TIXAN YPE GEL DP 462G ROUPA COLORIDA : TIRA MANCHAS TIXAN YPE GEL DP 462G";"7896098901953";"67241"
"TIRA MANCHAS TIXAN YPE GEL DP 462G ROUPA BRANCA : TIRA MANCHAS TIXAN YPE GEL DP 462G";"7896098901946";"67241"
"TIRA MANCHAS TIXAN YPE GEL 462G ROUPA BRANCA : TIRA MANCHAS TIXAN YPE GEL 462G";"7896098904077";"62481"
"TIRA MANCHAS TIXAN YPE 420G ROUPA BRANCA : TIRA MANCHAS TIXAN YPE 420G";"7896098901274";"43288"
"TIRA MANCHAS SEMORIN 100ML : TIRA MANCHAS SEMORIN 100ML";"7898917072974";"38540"
"TIRA MANCHAS BRILHANTE 2L UTILE FRESH : TIRA MANCHAS BRILHANTE 2L";"7891150067899";"9218"
"TIRA LIMO TUDO OXIGENIO ATIVO 500ML : TIRA LIMO TUDO OXIGENIO ATIVO 500ML";"7898575690701";"71033"
"TIRA LIMO AZULIM SQUEEZE 500ML COM CLORO ATIVO : TIRA LIMO AZULIM SQUEEZE 500ML";"7897534821514";"34629"
"TIRA LIMO AZULIM GATILHO 500ML COM CLORO ATIVO : TIRA LIMO AZULIM GATILHO 500ML";"7897534827943";"45258"
"TIRA FERRUGEM SEMORIN 50ML : TIRA FERRUGEM SEMORIN 50ML";"78989177";"6134"
"TINTA MUNDIAL PRIME SPRAY 400ML CAMALEAO AMAR. : TINTA MUNDIAL PRIME SPRAY 400ML";"7898915994889";"65959"
"TINGECOR GUARANY 40G VERDE CLARO : TINGECOR GUARANY 40G";"7891988004806";"65"
"TINGECOR GUARANY 40G VERDE : TINGECOR GUARANY 40G";"7891988000228";"65"
"TINGECOR GUARANY 40G TURQUESA : TINGECOR GUARANY 40G";"7891988000044";"65"
"TINGECOR GUARANY 40G PRETO : TINGECOR GUARANY 40G";"7891988000273";"65"
"TINGECOR GUARANY 40G NATIER : TINGECOR GUARANY 40G";"7891988000198";"65"
"TINGECOR GUARANY 40G MARROM : TINGECOR GUARANY 40G";"7891988002079";"65"
"TINGECOR GUARANY 40G MARINHO : TINGECOR GUARANY 40G";"7891988000204";"65"
"TINGECOR GUARANY 40G CINZA : TINGECOR GUARANY 40G";"7891988000129";"65"
"TINGECOR GUARANY 40G AZUL : TINGECOR GUARANY 40G";"7891988000211";"65"
"TIGELA VITAZZA OCEANI C/ TAMPA 2,4L : TIGELA VITAZZA OCEANI C/ TAMPA 2,4L";"7898964200955";"55678"
"TIGELA SANTANA COM TAMPA 5,5L : TIGELA SANTANA COM TAMPA 5,5L";"7896355704556";"63662"
"TIGELA NADIR AMERICANO COLOR 350ML : TIGELA NADIR AMERICANO COLOR 350ML";"7891155054801";"47762"
"TIGELA NADIR AMERICANO COLOR 150ML : TIGELA NADIR AMERICANO COLOR 150ML";"7891155047001";"48485"
"TIGELA MIMO BASE SILICONE INOX 24CM AN2242 : TIGELA MIMO BASE SILICONE INOX 24CM";"7908216121775";"67059"
"TIGELA MIMO BASE SILICONE INOX 20CM AN2240 : TIGELA MIMO BASE SILICONE INOX 20CM";"7908216121751";"67058"
"TIGELA EM CASA TEM INOX 25CM : TIGELA EM CASA TEM INOX 25CM";"7908486114002";"66600"
"TESOURA TRAMONTINA USO GERAL 7" MISTA : TESOURA TRAMONTINA USO GERAL 7"";"7891112027015";"8128"
"TEQUILA JOSE CUERVO OURO 750ML : TEQUILA JOSE CUERVO OURO 750ML";"7501035011328";"29724"
"TENYS PE BARUEL PO 100G WOMAN : TENYS PE BARUEL PO 100G";"7896020162452";"480"
"TENYS PE BARUEL PO 100G SPORT EDITION : TENYS PE BARUEL PO 100G";"7896020161721";"480"
"TENYS PE BARUEL PO 100G ORIGINAL : TENYS PE BARUEL PO 100G";"7896020162360";"480"
"TENYS PE BARUEL PO 100G MENTA FRESH : TENYS PE BARUEL PO 100G";"7896020160076";"480"
"TENYS PE BARUEL PO 100G CANFORADO : TENYS PE BARUEL PO 100G";"7896020160069";"480"
"TENYS PE BARUEL JATO SECO 86G ORIGINAL : TENYS PE BARUEL JATO SECO 86G";"7896020160151";"29961"
"TEMPEROS RS VERDURAS : TEMPEROS RS VERDURAS";"0609963577835";"73346"
"TEMPERO ZILIO 20G PEIXE : TEMPERO ZILIO 20G";"7896280402077";"9756"
"TEMPERO ZILIO 20G FILE DE FRANGO : TEMPERO ZILIO 20G";"7896280402435";"9756"
"TEMPERO ZILIO 20G FEIJAO : TEMPERO ZILIO 20G";"7896280402060";"9756"
"TEMPERO ZILIO 20G CARNES : TEMPERO ZILIO 20G";"7896280402053";"9756"
"TEMPERO ZILIO 20G CARNE DE PORCO : TEMPERO ZILIO 20G";"7896280402428";"9756"
"TEMPERO ZILIO 20G BIFES E FILES : TEMPERO ZILIO 20G";"7896280402411";"9756"
"TEMPERO ZILIO 20G AVES : TEMPERO ZILIO 20G";"7896280402046";"9756"
"TEMPERO TOQUE DE SABOR SIAMAR 50G SALADAS : TEMPERO TOQUE DE SABOR SIAMAR 50G";"7896069573660";"26059"
"TEMPERO TOQUE DE SABOR SIAMAR 50G SABOR NORDESTE : TEMPERO TOQUE DE SABOR SIAMAR 50G";"7896069572809";"26059"
"TEMPERO TOQUE DE SABOR SIAMAR 50G MASSAS : TEMPERO TOQUE DE SABOR SIAMAR 50G";"7896069572649";"26059"
"TEMPERO TOQUE DE SABOR SIAMAR 50G LEGUMES : TEMPERO TOQUE DE SABOR SIAMAR 50G";"7896069572663";"26059"
"TEMPERO TOQUE DE SABOR SIAMAR 50G COM PIMENTA : TEMPERO TOQUE DE SABOR SIAMAR 50G";"7896069574117";"26059"
"TEMPERO TOQUE DE SABOR SIAMAR 50G CARNE : TEMPERO TOQUE DE SABOR SIAMAR 50G";"7896069572632";"26059"
"TEMPERO TOQUE DE SABOR SIAMAR 50G AVES : TEMPERO TOQUE DE SABOR SIAMAR 50G";"7896069572656";"26059"
"TEMPERO TOQUE DE SABOR SIAMAR 50G ALHO : TEMPERO TOQUE DE SABOR SIAMAR 50G";"7896069574445";"26059"
"TEMPERO SABOR AMI 300G SEM PIMENTA : TEMPERO SABOR AMI 300G";"7891132019038";"1339"
"TEMPERO SABOR AMI 300G COM PIMENTA : TEMPERO SABOR AMI 300G";"7891132019045";"1339"
"TEMPERO SABOR AMI 300G ALHO E SAL : TEMPERO SABOR AMI 300G";"7891132019021";"1339"
"TEMPERO SABOR AMI 1KG SEM PIMENTA : TEMPERO SABOR AMI 1KG";"7891132019069";"1336"
"TEMPERO SABOR AMI 1KG COM PIMENTA : TEMPERO SABOR AMI 1KG";"7891132019076";"1336"
"TEMPERO SABOR AMI 1KG ALHO E SAL : TEMPERO SABOR AMI 1KG";"7891132019052";"1336"
"TEMPERO RECEITA DE CASA 450G CLASSICO : TEMPERO RECEITA DE CASA 450G";"7891132000012";"1345"
"TEMPERO PARA SUSHI KARUI 750ML : TEMPERO PARA SUSHI KARUI 750ML";"7898270966590";"70080"
"TEMPERO PARA PEIXES HONDASHI 60G : TEMPERO PARA PEIXES HONDASHI 60G";"7891132040018";"1372"
"TEMPERO PARA AVES SIAMAR 25G : TEMPERO PARA AVES SIAMAR 25G";"7896069590506";"34821"
"TEMPERO MEU ASSADO KNORR 23G LIMAO E OREGANO : TEMPERO MEU ASSADO KNORR 23G";"7891150083691";"62923"
"TEMPERO MEU ASSADO KNORR 23G CASEIRO : TEMPERO MEU ASSADO KNORR 23G";"7891150083714";"62923"
"TEMPERO MEU ASSADO KNORR 23G CAIPIRA : TEMPERO MEU ASSADO KNORR 23G";"7891150083707";"62923"
"TEMPERO MEU ASSADO KNORR 23G ALHO E CEBOLA : TEMPERO MEU ASSADO KNORR 23G";"7891150083721";"62923"
"TEMPERO MAGGI MEU SEGREDO 49G TOMATE E ERVAS : TEMPERO MAGGI MEU SEGREDO 49G";"7891000340073";"1373"
"TEMPERO MAGGI MEU SEGREDO 49G CHEIRO VERDE : TEMPERO MAGGI MEU SEGREDO 49G";"7891000339916";"1373"
"TEMPERO MAGGI MEU SEGREDO 49G ALHO E CEBOLA : TEMPERO MAGGI MEU SEGREDO 49G";"7891000339954";"1373"
"TEMPERO MAGGI MEU SEGREDO 49G 7 VEGETAIS : TEMPERO MAGGI MEU SEGREDO 49G";"7891000006689";"1373"
"TEMPERO MAGGI GRIL 120G TODO TIPO CARNE : TEMPERO MAGGI GRIL 120G";"7891000502204";"1369"
"TEMPERO MAGGI FONDOR 120G  : TEMPERO MAGGI FONDOR 120G";"7891000502105";"1370"
"TEMPERO MAGGI AMACIANTE CARNE 120G  : TEMPERO MAGGI AMACIANTE CARNE 120G";"7891000502303";"1367"
"TEMPERO MAGGI AMACIA E TEMPERA 50G : TEMPERO MAGGI AMACIA E TEMPERA 50G";"7891000396377";"71650"
"TEMPERO KNORR 50G FRANGO : TEMPERO KNORR 50G";"7891150088702";"45613"
"TEMPERO KNORR 50G FEIJAO : TEMPERO KNORR 50G";"7891150088696";"45613"
"TEMPERO KNORR 50G CARNE : TEMPERO KNORR 50G";"7891150088719";"45613"
"TEMPERO KNORR 50G ARROZ : TEMPERO KNORR 50G";"7891150088689";"45613"
"TEMPERO JE CASEIRO POTE 500G COMPLETO : TEMPERO JE CASEIRO POTE 500G";"7898198960106";"1503"
"TEMPERO JE CASEIRO PCT 500G VERMELHO : TEMPERO JE CASEIRO PCT 500G";"7898198960090";"1366"
"TEMPERO JE CASEIRO PCT 500G ALHO E SAL : TEMPERO JE CASEIRO PCT 500G";"7898198960021";"1366"
"TEMPERO JE CASEIRO PCT 500G ACAFRAO : TEMPERO JE CASEIRO PCT 500G";"7898198960083";"1366"
"TEMPERO E SABOR MAGGI 50G LEGUMES : TEMPERO E SABOR MAGGI 50G";"7891000037263";"1350"
"TEMPERO E SABOR MAGGI 50G FEIJAO : TEMPERO E SABOR MAGGI 50G";"7891000066904";"1350"
"TEMPERO E SABOR MAGGI 50G CARNES : TEMPERO E SABOR MAGGI 50G";"7891000037317";"1350"
"TEMPERO E SABOR MAGGI 50G AVES : TEMPERO E SABOR MAGGI 50G";"7891000037270";"1350"
"TEMPERO COMPLETO ZILIO 300G SEM PIMENTA : TEMPERO COMPLETO ZILIO 300G";"7896280400851";"3555"
"TEMPERO COMPLETO ZILIO 300G COM PIMENTA : TEMPERO COMPLETO ZILIO 300G";"7896280400868";"3555"
"TEMPERO COMPLETO ZILIO 300G ALHO E SAL : TEMPERO COMPLETO ZILIO 300G";"7896280401858";"3555"
"TEMPERO COMPLETO BELMONT 200G : TEMPERO COMPLETO BELMONT 200G";"7896090501199";"39394"
"TEMPERO BAIANO ZILIO 30G : TEMPERO BAIANO ZILIO 30G";"7896280401100";"3526"
"TEMPERO BAIANO SIAMAR 30G : TEMPERO BAIANO SIAMAR 30G";"7896069545599";"1434"
"TEMPERO ARISCO COMPLETO 300G SEM PIMENTA : TEMPERO ARISCO COMPLETO 300G";"7891700011204";"7548"
"TEMPERO ARISCO COMPLETO 300G COM PIMENTA : TEMPERO ARISCO COMPLETO 300G";"7891700011006";"7548"
"TATUAGEM TEMPORARIA INFANTIL JUNCO MENINO - 32UN : TATUAGEM TEMPORARIA INFANTIL JUNCO";"7896523146430";"74099"
"TATUAGEM TEMPORARIA INFANTIL JUNCO MENINA - 32UN : TATUAGEM TEMPORARIA INFANTIL JUNCO";"7896523146416";"74099"
"TAPIOCA ZILIO 500G : TAPIOCA ZILIO 500G";"7896280402329";"40676"
"TAPIOCA SIAMAR PRONTA 500G : TAPIOCA SIAMAR PRONTA 500G";"7898994335719";"36375"
"TAPIOCA SIAMAR PRONTA 1KG : TAPIOCA SIAMAR PRONTA 1KG";"7896069575893";"51586"
"TAPIOCA SIAMAR GRANULADA 500G  : TAPIOCA SIAMAR GRANULADA 500G";"7896069575862";"48984"
"TAPIOCA KODILAR TRADICIONAL 500G : TAPIOCA KODILAR TRADICIONAL 500G";"7896256050622";"40438"
"TAPIOCA KODILAR SEM GLUTEN 400G : TAPIOCA KODILAR SEM GLUTEN 400G";"7896256065992";"51990"
"TAPIOCA GRANULADA YOKI 500G : TAPIOCA GRANULADA YOKI 500G";"7891095300648";"3572"
"TAPETE TEARES MOREIRA 42X70CM : TAPETE TEARES MOREIRA 42X70CM";"7898925452300";"45865"
"TAPETE TEAR LIMPLAR 40X60CM : TAPETE TEAR LIMPLAR 40X60CM";"7898571160475";"40398"
"TAPETE PARA BOX ARTHI ANTIADERENTE : TAPETE PARA BOX ARTHI ANTIADERENTE";"7897807414993";"63418"
"TAPETE HIGIENICO SANOL 7UN  : TAPETE HIGIENICO SANOL 7UN";"7896183301484";"36761"
"TAPETE HIGIENICO PROCAO 7UN 60X55CM : TAPETE HIGIENICO PROCAO 7UN";"7908317600100";"54607"
"TAPETE HIGIENICO PROCAO 14UN 60X55CM : TAPETE HIGIENICO PROCAO 14UN";"7899069400080";"31352"
"TAMPAO PLAST. PIA/TANQUE 3/8 NEDO REF. 206 : TAMPAO PLAST. PIA/TANQUE 3/8 NEDO";"7896619802066";"7342"
"TAMPA PROTETORA DE ALIMENTOS P/M : TAMPA PROTETORA DE ALIMENTOS P/M";"7896355700206";"7968"
"TAMARINDO BANDEJA UNIDADE : TAMARINDO BANDEJA UNIDADE";"7898961043159";"2721"
"TAMARA SEM CAROCO MONAGUILO KG : TAMARA SEM CAROCO MONAGUILO KG";"6305";"50313"
"TAMARA EMBALADA KG : TAMARA EMBALADA KG";"7497";"61083"
"TAMARA DUNORTE 120G : TAMARA DUNORTE 120G";"7896029602812";"72140"
"TALHERES TRAMONTINA POLYWOOD VERMELHO : TALHERES TRAMONTINA POLYWOOD";"7891112251205";"12350"
"TALHERES TRAMONTINA LAGUNA ACO INOX : TALHERES TRAMONTINA LAGUNA ACO INOX";"7891116126400";"12592"
"TALHARIM VENTURELLI CASEIRO 500G : TALHARIM VENTURELLI CASEIRO 500G";"7896534400385";"67120"
"TALHARIM MEZZANI 500G : TALHARIM MEZZANI 500G";"7896216100176";"15366"
"TALCO TRA LA LA BABY 160G HIDRATA : TALCO TRA LA LA BABY 160G";"7896115700408";"28758"
"TALCO ANTISSEPTICO BARLA 140G : TALCO ANTISSEPTICO BARLA 140G";"7896806700076";"39625"
"TACA PLASUTIL AGUA GLAMOUR 14232 : TACA PLASUTIL AGUA GLAMOUR";"7899808871690";"65218"
"TACA PLASUTIL AGUA GLAMOUR 14231 : TACA PLASUTIL AGUA GLAMOUR";"7899808871706";"65218"
"TACA NADIR GIN TONICA 600ML : TACA NADIR GIN TONICA 600ML";"7891155056584";"8352"
"TACA NADIR GIN ROYAL 615ML : TACA NADIR GIN ROYAL 615ML";"7891155061106";"54899"
"TACA NADIR FLORIPA CERVEJA 300ML : TACA NADIR FLORIPA CERVEJA 300ML";"7891155032991";"8398"
"TACA NADIR CERVEJA GOURMET 400ML : TACA NADIR CERVEJA GOURMET 400ML";"7891155042600";"12817"
"TACA NADIR CASUAL AGUA 260ML : TACA NADIR CASUAL AGUA 260ML";"7891155059721";"47747"
"TACA NADIR BUFFET VINHO 260ML : TACA NADIR BUFFET VINHO 260ML";"7891155059738";"47899"
"TACA NADIR BUFFET CHAMPAGNE 186ML : TACA NADIR BUFFET CHAMPAGNE 186ML";"7891155059608";"47898"
"TACA NADIR BUFFET AGUA 300ML : TACA NADIR BUFFET AGUA 300ML";"7891155059714";"47897"
"TACA NADIR BARONE CHAMPAGNE 190ML : TACA NADIR BARONE CHAMPAGNE 190ML";"7891155040903";"40551"
"TACA NADIR BARONE AGUA 490ML : TACA NADIR BARONE AGUA 490ML";"7891155040866";"40549"
"TABULE KG : TABULE KG";"356";"7689"
"TABUA TRAMONTINA CHURRASCO : TABUA TRAMONTINA CHURRASCO";"7896403771561";"39346"
"TABUA PLASUTIL MISTA BRANCA 2854 : TABUA PLASUTIL MISTA BRANCA";"7896042028545";"68898"
"TABUA PLASTICA DE CARNE SIMOPLAST REF 125 : TABUA PLASTICA DE CARNE SIMOPLAST";"7896211801252";"10457"
"TABUA DOBRAVEL PRIME GRILL : TABUA DOBRAVEL PRIME GRILL";"7898275016184";"56985"
"SUSTAGEN KIDS 380G LT MORANGO : SUSTAGEN KIDS 380G LT";"7898941911072";"2345"
"SUSTAGEN KIDS 380G LT CHOCOLATE : SUSTAGEN KIDS 380G LT";"7898941911065";"2345"
"SUSTAGEN KIDS 380G LT BAUNILHA : SUSTAGEN KIDS 380G LT";"7898941911058";"2345"
"SUSPIRO SHALANA 150G TRADICIONAL : SUSPIRO SHALANA 150G";"0742832314633";"47821"
"SUSPIRO KG : SUSPIRO KG";"372";"2898"
"SUSHI DIVERSOS BANDEJA : SUSHI DIVERSOS BANDEJA";"5651";"42569"
"SUPORTE CORTE PERFEITO PRIME GRILL : SUPORTE CORTE PERFEITO PRIME GRILL";"7898275016139";"56984"
"SUPLEMENTO ALIMENTAR JUNGLE 500ML UVA : SUPLEMENTO ALIMENTAR JUNGLE 500ML";"7898692300880";"70991"
"SUPLEMENTO ALIMENTAR JUNGLE 500ML TANGERINA : SUPLEMENTO ALIMENTAR JUNGLE 500ML";"7898692300866";"70991"
"SUPLEMENTO ALIMENTAR JUNGLE 500ML MORANGO/LIMAO : SUPLEMENTO ALIMENTAR JUNGLE 500ML";"7898692300873";"70991"
"SUPLEMENTO ALIMENTAR JUNGLE 500ML LIMONADA : SUPLEMENTO ALIMENTAR JUNGLE 500ML";"7898692300859";"70991"
"SUPER PANO SCOTCH BRITE MULTIUSO 3UN : SUPER PANO SCOTCH BRITE MULTIUSO";"7891040166091";"35933"
"SUPER PANO SCOTCH BRITE CHAO AZUL C/ 1UN : SUPER PANO SCOTCH BRITE CHAO";"7891040166183";"35937"
"SUNDOWN FPS 70 200ML : SUNDOWN FPS 70 200ML";"7891010244361";"49782"
"SUNDOWN FPS 50 200ML : SUNDOWN FPS 50 200ML";"7891010020279";"29674"
"SUNDOWN FPS 30 200ML PRAIA E PISCINA : SUNDOWN FPS 30 200ML";"7891010096496";"29673"
"SUMO DE LIMAO CASTELO 500ML : SUMO DE LIMAO CASTELO 500ML";"7896048285270";"41947"
"SUKIYAKI KG : SUKIYAKI KG";"1024";"3072"
"SUCRILHOS KELLOGGS ORIGINAL 690G : SUCRILHOS KELLOGGS ORIGINAL 690G";"7896004015071";"1117"
"SUCRILHOS KELLOGGS ORIGINAL 280G SACHE : SUCRILHOS KELLOGGS ORIGINAL 280G";"7896004006604";"53249"
"SUCRILHOS KELLOGGS ORIGINAL 240G : SUCRILHOS KELLOGGS ORIGINAL 240G";"7896004007427";"53745"
"SUCRILHOS KELLOGGS L690G P540G ORIGINAL : SUCRILHOS KELLOGGS L690G P540G";"7896004011325";"74980"
"SUCRILHOS KELLOGGS L240G P200G ORIGINAL : SUCRILHOS KELLOGGS L240G P200G";"7896004007618";"67166"
"SUCRILHOS KELLOGGS 240G CHOCOLATE : SUCRILHOS KELLOGGS 240G";"7896004007366";"61530"
"SUCO YUMMY 100% 1L LARANJA : SUCO YUMMY 100% 1L";"7898651640637";"66659"
"SUCO UVA INTEGRAL PRATS 900ML : SUCO UVA INTEGRAL PRATS 900ML";"7898953148220";"39818"
"SUCO UVA INTEGRAL GARIBALDI 1,5L TINTO : SUCO UVA INTEGRAL GARIBALDI 1,5L";"7896034300819";"25840"
"SUCO UVA INTEGRAL AURORA TP 1,5L TINTO : SUCO UVA INTEGRAL AURORA TP 1,5L";"7891141036170";"65033"
"SUCO UVA INTEGRAL AURORA 1,5L TINTO : SUCO UVA INTEGRAL AURORA 1,5L";"7891141019838";"42751"
"SUCO UVA ALIANCA INTEGRAL 1,5L : SUCO UVA ALIANCA INTEGRAL 1,5L";"7896100501829";"43975"
"SUCO MAGUARY SELECAO 1,35L MACA : SUCO MAGUARY SELECAO 1,35L";"7896000598448";"67760"
"SUCO MAGUARY CONCENT.MARACUJA 500ML : SUCO MAGUARY CONCENT.MARACUJA 500ML";"7896000555359";"6689"
"SUCO MAGUARY CONCENT. UVA 500ML : SUCO MAGUARY CONCENT. UVA 500ML";"7896000556066";"33155"
"SUCO MAGUARY CONCENT. MARACUJA 1L : SUCO MAGUARY CONCENT. MARACUJA 1L";"7896000594679";"41621"
"SUCO MAGUARY CONCENT. LARANJA 500ML : SUCO MAGUARY CONCENT. LARANJA 500ML";"7896000550064";"30636"
"SUCO MAGUARY CONCENT. CAJU 500ML : SUCO MAGUARY CONCENT. CAJU 500ML";"7896000554369";"5353"
"SUCO MAGUARY CONCENT. CAJU 1L : SUCO MAGUARY CONCENT. CAJU 1L";"7896000594686";"51078"
"SUCO MAGUARY CONCENT. ABACAXI 500ML : SUCO MAGUARY CONCENT. ABACAXI 500ML";"7896000557056";"41650"
"SUCO LARANJA/ACER/MACA PRATS 900ML : SUCO LARANJA/ACER/MACA PRATS 900ML";"7898953148619";"42778"
"SUCO LARANJA INTEGRAL PRATS 900ML : SUCO LARANJA INTEGRAL PRATS 900ML";"7898953148169";"39817"
"SUCO LARANJA INTEGRAL PRATS 3L : SUCO LARANJA INTEGRAL PRATS 3L";"7898953148558";"41285"
"SUCO LARANJA INTEGRAL PRATS 300ML : SUCO LARANJA INTEGRAL PRATS 300ML";"7898953148701";"39820"
"SUCO LARANJA INTEGRAL PRATS 1,7L : SUCO LARANJA INTEGRAL PRATS 1,7L";"7898953148541";"48639"
"SUCO LARANJA INTEGRAL LIFE 900ML  : SUCO LARANJA INTEGRAL LIFE 900ML";"7897195981374";"51761"
"SUCO LARANJA INTEGRAL LIFE 1,7L : SUCO LARANJA INTEGRAL LIFE 1,7L";"7897195981480";"67867"
"SUCO LARANJA INTEGRAL KMAIS 900ML : SUCO LARANJA INTEGRAL KMAIS 900ML";"7898963855026";"73371"
"SUCO LARANJA INTEGRAL KMAIS 1,8L : SUCO LARANJA INTEGRAL KMAIS 1,8L";"7898963855033";"52961"
"SUCO LARANJA INTEG. JACOBINHO 900ML : SUCO LARANJA INTEG. JACOBINHO 900ML";"7898962571743";"70589"
"SUCO LARANJA INTEG. JACOBINHO 300ML : SUCO LARANJA INTEG. JACOBINHO 300ML";"7898047190241";"41646"
"SUCO LARANJA INTEG. JACOBINHO 1,7L : SUCO LARANJA INTEG. JACOBINHO 1,7L";"7898962571118";"70605"
"SUCO KAPO DEL VALLE 200ML UVA : SUCO KAPO DEL VALLE 200ML";"7894900593716";"1560"
"SUCO KAPO DEL VALLE 200ML MORANGO : SUCO KAPO DEL VALLE 200ML";"7894900583717";"1560"
"SUCO KAPO DEL VALLE 200ML MACA : SUCO KAPO DEL VALLE 200ML";"7894900650013";"1560"
"SUCO KAPO DEL VALLE 200ML LARANJA : SUCO KAPO DEL VALLE 200ML";"7894900563719";"1560"
"SUCO JAL CONCENTRADO LIMAO 500ML : SUCO JAL CONCENTRADO LIMAO 500ML";"7898263456978";"72801"
"SUCO JAL CONCENTRADO ACEROLA 500ML : SUCO JAL CONCENTRADO ACEROLA 500ML";"7898263456923";"72805"
"SUCO JAL CONCENT. TANGERINA 500ML  : SUCO JAL CONCENT. TANGERINA 500ML";"7898263456909";"72802"
"SUCO FRUPIC 450ML UVA : SUCO FRUPIC 450ML";"7896490400375";"1546"
"SUCO FRUPIC 450ML LIMONADA : SUCO FRUPIC 450ML";"7896490401006";"1546"
"SUCO FRUPIC 450ML LARANJA/ACEROLA : SUCO FRUPIC 450ML";"7896490400368";"1546"
"SUCO FRUPIC 450ML FRUTAS CITRICAS : SUCO FRUPIC 450ML";"7896490400351";"1546"
"SUCO FRUPIC 450ML FR. CITRI. ZERO : SUCO FRUPIC 450ML";"7896490400856";"1546"
"SUCO FRUPIC 250ML UVA/MACA : SUCO FRUPIC 250ML";"7896490400832";"1545"
"SUCO FRUPIC 250ML LARANJA/ACEROLA : SUCO FRUPIC 250ML";"7896490400825";"1545"
"SUCO FRUPIC 250ML FRUTAS CITRICAS : SUCO FRUPIC 250ML";"7896490400405";"1545"
"SUCO FRUPIC 1L UVA : SUCO FRUPIC 1L";"7896490400566";"1584"
"SUCO FRUPIC 1L LIMONADA : SUCO FRUPIC 1L";"7896490401037";"1584"
"SUCO FRUPIC 1L LARANJA ACEROLA : SUCO FRUPIC 1L";"7896490400559";"1584"
"SUCO FRUPIC 1L FRUTAS CITRICAS : SUCO FRUPIC 1L";"7898346060030";"1584"
"SUCO DEL VALLE FRUT PET 200ML UVA : SUCO DEL VALLE FRUT PET 200ML";"78938588";"74302"
"SUCO DEL VALLE FRUT PET 200ML LARANJA : SUCO DEL VALLE FRUT PET 200ML";"7894900556131";"74302"
"SUCO DEL VALLE FRUT PET 200ML FRUTAS CITRICAS : SUCO DEL VALLE FRUT PET 200ML";"7894900666557";"74302"
"SUCO DEL VALLE FRUT PET 1,5L UVA : SUCO DEL VALLE FRUT PET 1,5L";"7894900550061";"36368"
"SUCO DEL VALLE FRUT PET 1,5L LIMAO : SUCO DEL VALLE FRUT PET 1,5L";"7894900551068";"36368"
"SUCO DEL VALLE FRUT PET 1,5L LARANJA : SUCO DEL VALLE FRUT PET 1,5L";"7894900556063";"36368"
"SUCO DEL VALLE FRUT 450ML UVA : SUCO DEL VALLE FRUT 450ML";"7894900550054";"8408"
"SUCO DEL VALLE FRUT 1L UVA : SUCO DEL VALLE FRUT 1L";"7894900550030";"48697"
"SUCO DEL VALLE FRUT 1L LARANJA : SUCO DEL VALLE FRUT 1L";"7894900556032";"48697"
"SUCO DEL VALLE FRESH PET 200ML UVA : SUCO DEL VALLE FRESH PET 200ML";"7894900557619";"48298"
"SUCO DEL VALLE FRESH PET 1,5L UVA : SUCO DEL VALLE FRESH PET 1,5L";"7894900557626";"48297"
"SUCO DEL VALLE FRESH PET 1,5L LIMAO : SUCO DEL VALLE FRESH PET 1,5L";"7894900558623";"48297"
"SUCO DEL VALLE FRESH PET 1,5L LARANJA : SUCO DEL VALLE FRESH PET 1,5L";"7894900558111";"48297"
"SUCO DEL GRANO UVA INTEGRAL 300ML TINTO : SUCO DEL GRANO UVA INTEGRAL 300ML";"7897015211995";"66686"
"SUCO DEL GRANO UVA INTEGRAL 1,35L : SUCO DEL GRANO UVA INTEGRAL 1,35L";"7897015211926";"67708"
"SUCO DEL GRANO UVA E MACA 300ML : SUCO DEL GRANO UVA E MACA 300ML";"7897015212008";"66687"
"SUCO DEL GRANO UVA E MACA 1,35L : SUCO DEL GRANO UVA E MACA 1,35L";"7897015211933";"66683"
"SUCO DEL GRANO PESSEGO E MACA 1,35L : SUCO DEL GRANO PESSEGO E MACA 1,35L";"7897015211940";"66684"
"SUCO DEL GRANO ABACAXI E MACA 300ML : SUCO DEL GRANO ABACAXI E MACA 300ML";"7897015212022";"66689"
"SUCO DAFRUTA CONCENT.MARACUJA 500ML : SUCO DAFRUTA CONCENT.MARACUJA 500ML";"7896005400036";"3901"
"SUCO DAFRUTA CONCENT. UVA 500ML  : SUCO DAFRUTA CONCENT. UVA 500ML";"7896005400081";"5399"
"SUCO DAFRUTA CONCENT. CAJU 500ML : SUCO DAFRUTA CONCENT. CAJU 500ML";"7896005400029";"1588"
"SUCO DAFRUTA CONCENT. CAJU 1L : SUCO DAFRUTA CONCENT. CAJU 1L";"7896005401804";"41618"
"SUCO DAFRUTA CONCENT. ABACAXI 500ML : SUCO DAFRUTA CONCENT. ABACAXI 500ML";"7896005400012";"3896"
"SUCO DA FRUTA CONCENT. MARACUJA 1L : SUCO DA FRUTA CONCENT. MARACUJA 1L";"7896005401828";"58805"
"SUCO CAMPO LARGO 900ML MACA : SUCO CAMPO LARGO 900ML";"7896931614194";"41878"
"SUCO CAJU ADOCADO PRATS 900ML : SUCO CAJU ADOCADO PRATS 900ML";"7898953148916";"73586"
"SUCO CAJU ADOCADO PRATS 300ML : SUCO CAJU ADOCADO PRATS 300ML";"7898953148909";"73585"
"SUCO AVENTUREIROS LIFE MIX 200ML UVA : SUCO AVENTUREIROS LIFE MIX 200ML";"7898966688188";"58318"
"SUCO AVENTUREIROS LIFE MIX 200ML TUTTI FRUTTI : SUCO AVENTUREIROS LIFE MIX 200ML";"7898966688225";"58318"
"SUCO AVENTUREIROS LIFE MIX 200ML MORANGO : SUCO AVENTUREIROS LIFE MIX 200ML";"7898966688218";"58318"
"SUCO AVENTUREIROS LIFE MIX 200ML MARACUJA : SUCO AVENTUREIROS LIFE MIX 200ML";"7898966688201";"58318"
"SUCO AVENTUREIROS LIFE MIX 200ML MACA : SUCO AVENTUREIROS LIFE MIX 200ML";"7898966688539";"58318"
"SUCO AVENTUREIROS LIFE MIX 200ML LARANJA : SUCO AVENTUREIROS LIFE MIX 200ML";"7898966688195";"58318"
"STROOPWAFEL WAFFLE MOINHO 230G : STROOPWAFEL WAFFLE MOINHO 230G";"7898945660112";"40394"
"STROGONOFF DE FRANGO KG : STROGONOFF DE FRANGO KG";"712";"5014"
"STROGONOFF DE CARNE KG : STROGONOFF DE CARNE KG";"2322";"12491"
"STOP CHEIRO NEW FRESH LUXCAR 60ML NYTRO : STOP CHEIRO NEW FRESH LUXCAR 60ML";"7896498550225";"74622"
"STOP CHEIRO NEW FRESH LUXCAR 60ML NATURE : STOP CHEIRO NEW FRESH LUXCAR 60ML";"7896498550256";"74622"
"STOP CHEIRO NEW FRESH LUXCAR 60ML LAVANDA : STOP CHEIRO NEW FRESH LUXCAR 60ML";"7896498550218";"74622"
"STICK DE TILAPIA COPACOL 300G : STICK DE TILAPIA COPACOL 300G";"7891527064889";"41480"
"STEAK DE PEIXE COPACOL 100G : STEAK DE PEIXE COPACOL 100G";"7891527064926";"31500"
"STEAK DE FRANGO SEARA 100G TRADICIONAL : STEAK DE FRANGO SEARA 100G";"7894904003495";"1995"
"STEAK DE FRANGO SADIA 100G : STEAK DE FRANGO SADIA 100G";"7891515490638";"42105"
"STEAK DE FRANGO COPACOL 100G : STEAK DE FRANGO COPACOL 100G";"7891527064919";"31497"
"STARBUCKS PIKE PLACE ROAST 53G : STARBUCKS PIKE PLACE ROAST 53G";"7613036961745";"57545"
"STARBUCKS LATTE MACCHIATO 10CP : STARBUCKS LATTE MACCHIATO 10CP";"7891000473801";"70788"
"STARBUCKS HOUSE BLEND LUNGO 57G : STARBUCKS HOUSE BLEND LUNGO 57G";"7613036957069";"57543"
"STARBUCKS HOUSE B. AMERICANO 10CP : STARBUCKS HOUSE B. AMERICANO 10CP";"7891000757260";"70787"
"STARBUCKS FRAPPUCCINO 280ML MOCHA : STARBUCKS FRAPPUCCINO 280ML";"7891000371336";"70894"
"STARBUCKS FRAPPUCCINO 280ML CLASSIC : STARBUCKS FRAPPUCCINO 280ML";"7891000369753";"70894"
"STARBUCKS FRAPPUCCINO 280ML CARAMELO : STARBUCKS FRAPPUCCINO 280ML";"7891000369715";"70894"
"STARBUCKS ESPRESSO ROAST 57G : STARBUCKS ESPRESSO ROAST 57G";"7613036961028";"57547"
"STARBUCKS COLOMBIA ESPRESSO 10CP : STARBUCKS COLOMBIA ESPRESSO 10CP";"7891000594711";"70786"
"STARBUCKS COFFE COLOMBIA 57G : STARBUCKS COFFE COLOMBIA 57G";"7613036961448";"57546"
"STARBUCKS CAPPUCCINO 10CP : STARBUCKS CAPPUCCINO 10CP";"7891000592007";"70789"
"STARBUCKS BLONDE ESPRESSO ROAST 53G : STARBUCKS BLONDE ESPRESSO ROAST 53G";"7613036961004";"57548"
"SQUEEZE PLASDURAN BODY 1L TIPOGRAFICA : SQUEEZE PLASDURAN BODY 1L";"7897659607017";"62582"
"SPRAY TRATAMENTO PANTENE 160ML QUERATINA : SPRAY TRATAMENTO PANTENE 160ML";"7500435240529";"71089"
"SPRAY MULTIFUNCIONAL NEUTROX 300ML SOL MAR PISCINA : SPRAY MULTIFUNCIONAL NEUTROX 300ML";"7908324407570";"73328"
"SPRAY HIDRAT CAPILAR GIOVANNA BABY SUMMER 200ML : SPRAY HIDRAT CAPILAR GIOVANNA BABY";"7898663111132";"72704"
"SPRAY COAT TRESEMME 180ML SELAGEM IPERM. : SPRAY COAT TRESEMME 180ML";"7891150100107";"73934"
"SORVETE SR. CREME 2L TROPICAL : SORVETE SR. CREME 2L";"7898936680297";"71857"
"SORVETE SR. CREME 2L TRI DELICIA : SORVETE SR. CREME 2L";"7898936680198";"71857"
"SORVETE SR. CREME 2L OLHO DE SOGRA : SORVETE SR. CREME 2L";"7898936680068";"71857"
"SORVETE SR. CREME 2L NAPOLITANO : SORVETE SR. CREME 2L";"7898936680044";"71857"
"SORVETE SR. CREME 2L MORANGO/CHOC. : SORVETE SR. CREME 2L";"7898936680037";"71857"
"SORVETE SR. CREME 2L FLOCOS : SORVETE SR. CREME 2L";"7898936680143";"71857"
"SORVETE SR. CREME 2L CREME : SORVETE SR. CREME 2L";"7898936680112";"71857"
"SORVETE SR. CREME 2L CHOC. SUICO/BCO : SORVETE SR. CREME 2L";"7898936680914";"71857"
"SORVETE SR. CREME 2L ABACAXI : SORVETE SR. CREME 2L";"7898936680082";"71857"
"SORVETE SR. CREME 1,8L PANNA PISTACC. : SORVETE SR. CREME 1,8L";"7898936680495";"71860"
"SORVETE SR. CREME 1,8L LEITINHO TRUF. : SORVETE SR. CREME 1,8L";"7898936680518";"71860"
"SORVETE SR. CREME 1,8L CHOCOTELLA : SORVETE SR. CREME 1,8L";"7898936680501";"71860"
"SORVETE SR. CREME 1,8L BOMBOM TRUFADO : SORVETE SR. CREME 1,8L";"7898936680969";"71860"
"SORVETE PACOQUITA ICE BY NICE 900ML : SORVETE PACOQUITA ICE BY NICE 900ML";"7898940814145";"56073"
"SORVETE MERLI ZERO LIGHT 900ML MORANGO : SORVETE MERLI ZERO LIGHT 900ML";"7898077511795";"46339"
"SORVETE MERLI ZERO LIGHT 900ML CHOCOLATE : SORVETE MERLI ZERO LIGHT 900ML";"7898077511788";"46339"
"SORVETE MERLI ZERO LIGHT 900ML CHANTILLY : SORVETE MERLI ZERO LIGHT 900ML";"7898077511771";"46339"
"SORVETE MERLI 1L YOGURTE GREGO : SORVETE MERLI 1L";"7898077511597";"45590"
"SORVETE MERLI 1L NINHO TRUFADO : SORVETE MERLI 1L";"7898077511627";"45590"
"SORVETE MERLI 1L NAPOLITANO : SORVETE MERLI 1L";"7898077511610";"45590"
"SORVETE MERLI 1L FLOCOS CHOC. : SORVETE MERLI 1L";"7898077511634";"45590"
"SORVETE MERLI 1L CREME PASSAS : SORVETE MERLI 1L";"7898077511580";"45590"
"SORVETE MERLI 1,8L TORTA HOLANDESA : SORVETE MERLI 1,8L";"7898077510477";"42998"
"SORVETE MERLI 1,8L TENTACAO : SORVETE MERLI 1,8L";"7898077510385";"42998"
"SORVETE MERLI 1,8L NINHOTELLA : SORVETE MERLI 1,8L";"7898077511528";"42998"
"SORVETE MERLI 1,8L NINHO/MORANGO : SORVETE MERLI 1,8L";"7898077511740";"42998"
"SORVETE MERLI 1,8L NINHO TRUFADO : SORVETE MERLI 1,8L";"7898077510316";"42998"
"SORVETE MERLI 1,8L NAPOLITANO : SORVETE MERLI 1,8L";"7898077510453";"42998"
"SORVETE MERLI 1,8L MERLINHO : SORVETE MERLI 1,8L";"7898077510330";"42998"
"SORVETE MERLI 1,8L MARACUJA : SORVETE MERLI 1,8L";"7898077510354";"42998"
"SORVETE MERLI 1,8L MALTINE TRUFADO : SORVETE MERLI 1,8L";"7898077511559";"42998"
"SORVETE MERLI 1,8L FLOCOS : SORVETE MERLI 1,8L";"7898077510392";"42998"
"SORVETE MERLI 1,8L DOCE DE LEITE : SORVETE MERLI 1,8L";"7898077512150";"42998"
"SORVETE MERLI 1,8L CREME PREMIUM : SORVETE MERLI 1,8L";"7898077510705";"42998"
"SORVETE MERLI 1,8L CREME AMARENA : SORVETE MERLI 1,8L";"7898077512143";"42998"
"SORVETE MERLI 1,8L COCO/ABOBORA : SORVETE MERLI 1,8L";"7898077510293";"42998"
"SORVETE MERLI 1,8L CHOCONINHO : SORVETE MERLI 1,8L";"7898077510323";"42998"
"SORVETE MERLI 1,8L ABACAXI : SORVETE MERLI 1,8L";"7898077510422";"42998"
"SORVETE KIBON TABLITO 70ML MAX AVELA : SORVETE KIBON TABLITO 70ML";"7891150089051";"63863"
"SORVETE KIBON SUNDAE 1,4L LEITINHO TRUF. : SORVETE KIBON SUNDAE 1,4L";"7891150074026";"50625"
"SORVETE KIBON SUNDAE 1,4L CHOCOLATE : SORVETE KIBON SUNDAE 1,4L";"7891150068315";"50625"
"SORVETE KIBON CREMOSISSIMO 2L 4 EM 1 CHOCOL. : SORVETE KIBON CREMOSISSIMO 2L";"7891150062115";"5307"
"SORVETE KIBON CREMOSISSIMO 2L 4 EM 1 : SORVETE KIBON CREMOSISSIMO 2L";"7891150055957";"5307"
"SORVETE KIBON CREMOSISSIMO 2L 2EM1 TROPICAL : SORVETE KIBON CREMOSISSIMO 2L 2EM1";"7891150086906";"63144"
"SORVETE KIBON CREMOSISSIMO 1,5L NAPOLITANO : SORVETE KIBON CREMOSISSIMO 1,5L";"7891150055858";"43343"
"SORVETE KIBON CREMOSISSIMO 1,5L FLOCOS : SORVETE KIBON CREMOSISSIMO 1,5L";"7891150050242";"43343"
"SORVETE KIBON CREMOSISSIMO 1,5L CREME : SORVETE KIBON CREMOSISSIMO 1,5L";"7891150050235";"43343"
"SORVETE KIBON CREMOSISSIMO 1,5L CHOCOLATE : SORVETE KIBON CREMOSISSIMO 1,5L";"7891150077263";"43343"
"SORVETE KIBON CREMOSIS. TRISABOR 2L CR./FLOCOS/CHO : SORVETE KIBON CREMOSIS. TRISABOR 2L";"7891150024571";"33651"
"SORVETE KIBON CORNETTO UNICORNETTO 59G : SORVETE KIBON CORNETTO UNICORNETTO";"7891150068537";"67880"
"SORVETE KIBON CORNETTO M&M'S 90ML : SORVETE KIBON CORNETTO M&M'S 90ML";"7891150065925";"22958"
"SORVETE KIBON CORNETTO CROCANTE 90ML : SORVETE KIBON CORNETTO CROCANTE";"7891150051973";"28865"
"SORVETE KIBON BLAST 800ML SNICKERS : SORVETE KIBON BLAST 800ML";"7891150061033";"49069"
"SORVETE KIBON BLAST 800ML OVOMALTINE : SORVETE KIBON BLAST 800ML";"7891150061040";"49069"
"SORVETE ICE BY NICE ZERO 900ML COCO : SORVETE ICE BY NICE ZERO 900ML";"7898940814121";"22903"
"SORVETE ICE BY NICE ZERO 900ML CHOCOLATE : SORVETE ICE BY NICE ZERO 900ML";"7898940814138";"22903"
"SORVETE ICE BY NICE TRIP. ICE 900ML MORANGO LOVERS : SORVETE ICE BY NICE TRIP. ICE 900ML";"7898940814183";"61614"
"SORVETE ICE BY NICE TRIP. ICE 900ML CHOCO MALLOW : SORVETE ICE BY NICE TRIP. ICE 900ML";"7898940814206";"61614"
"SORVETE ICE BY NICE 900ML DOCE DE LEITE : SORVETE ICE BY NICE 900ML";"7898940814107";"47457"
"SORVETE ICE BY NICE 900ML CHOCOLATE BELGA : SORVETE ICE BY NICE 900ML";"7898940814114";"47457"
"SORVETE ICE BY NICE 900ML CHERRY BERRY : SORVETE ICE BY NICE 900ML";"7898940814176";"47457"
"SOQUETE SEM CHAVE NEDO REF. 370 : SOQUETE SEM CHAVE NEDO REF. 370";"7896619803704";"6562"
"SOPAO MAGGI CANJAO ARROZ 200G : SOPAO MAGGI CANJAO ARROZ 200G";"7891000582305";"3607"
"SOPAO MAGGI 200G GALINHA CAIPIRA : SOPAO MAGGI 200G";"7891000049907";"3638"
"SOPAO MAGGI 200G GALINHA : SOPAO MAGGI 200G";"7891000582008";"3638"
"SOPAO MAGGI 200G COSTELA/LEGUMES : SOPAO MAGGI 200G";"7891000026199";"3638"
"SOPAO MAGGI 200G CARNE DE PANELA : SOPAO MAGGI 200G";"7891000097700";"3638"
"SOPAO MAGGI 200G CARNE : SOPAO MAGGI 200G";"7891000582107";"3638"
"SOPAO EQUILIBRIUM MAGGI 150G GALINHA : SOPAO EQUILIBRIUM MAGGI 150G";"7891000275122";"52170"
"SOPAO EQUILIBRIUM MAGGI 150G CARNE : SOPAO EQUILIBRIUM MAGGI 150G";"7891000275108";"52170"
"SOPA VONO MENOS SODIO 35G MANDIOQ./FRANGO : SOPA VONO MENOS SODIO 35G";"7891132161317";"62936"
"SOPA VONO MENOS SODIO 17G MANDIOQUINHA : SOPA VONO MENOS SODIO 17G";"7891132007530";"1608"
"SOPA VONO 18G MILHO C/ FRANGO : SOPA VONO 18G";"7891132007486";"32143"
"SOPA VONO 18G CALDINHO FEIJAO : SOPA VONO 18G";"7891132007561";"32143"
"SOPA VONO 18G BATATA C/ CARNE : SOPA VONO 18G";"7891132007509";"32143"
"SOPA VONO 18G AIPIM/COSTELA : SOPA VONO 18G";"7891132009374";"32143"
"SOPA MISTA INTEGRAL NAT. LIFE 200G : SOPA MISTA INTEGRAL NAT. LIFE 200G";"7896256040937";"18968"
"SOPA MAGGI CREME QUEIJO 78G : SOPA MAGGI CREME QUEIJO 78G";"7891000011553";"5436"
"SOPA MAGGI CREME CEBOLA 68G : SOPA MAGGI CREME CEBOLA 68G";"7891000538517";"1616"
"SOPA MAGGI CEBOLA 68G : SOPA MAGGI CEBOLA 68G";"7891000530603";"3745"
"SOPA MAGGI CARNE COM CONCHINHAS 63G : SOPA MAGGI CARNE COM CONCHINHAS 63G";"7891000544402";"37502"
"SOPA DE LEGUMES KG : SOPA DE LEGUMES KG";"5886";"25163"
"SOPA CREME DE QUEIJO VONO CHEF 53G : SOPA CREME DE QUEIJO VONO CHEF 53G";"7891132009688";"43368"
"SOPA CREME DE CEBOLA KNORR 60G : SOPA CREME DE CEBOLA KNORR 60G";"7891150030596";"35195"
"SONHO DOCE DE LEITE KG  : SONHO DOCE DE LEITE KG";"2361";"13385"
"SONHO CREME KG : SONHO CREME KG";"1844";"11560"
"SONHO CHOCOLATE KG : SONHO CHOCOLATE KG            ";"2360";"13384"
"SOJA EM GRAO SIAMAR 500G : SOJA EM GRAO SIAMAR 500G";"7896069531219";"52764"
"SODA CAUSTICA INDAIA 1KG : SODA CAUSTICA INDAIA 1KG";"7898061200049";"222"
"SODA ARCO IRIS 600ML LIMAO : SODA ARCO IRIS 600ML";"7896317101195";"74853"
"SODA ARCO IRIS 600ML FR. VERMELHAS : SODA ARCO IRIS 600ML";"7896317101225";"74853"
"SODA ARCO IRIS 600ML ABACAXI/HORTELA : SODA ARCO IRIS 600ML";"7896317101188";"74853"
"SOBREMESA FLAN FRIMESA 200G FR. VERMELHAS : SOBREMESA FLAN FRIMESA 200G";"7896275982881";"37703"
"SOBREMESA FLAN FRIMESA 200G CARAMELO : SOBREMESA FLAN FRIMESA 200G";"7896275980504";"37703"
"SOBREMESA DANETTE DANONE 180G CHOCOLATE : SOBREMESA DANETTE DANONE 180G";"7891025110897";"1819"
"SOBREMESA DANETTE CREMOSAO 90G CHOC./AVELA : SOBREMESA DANETTE CREMOSAO 90G";"7891025124924";"71960"
"SOBREMESA DANETTE 90G - UNITARIO CHOCOLATE : SOBREMESA DANETTE 90G - UNITARIO";"7891025119456";"52892"
"SOBREMESA CREMOSA FRIMESA 200G MILHO VERDE : SOBREMESA CREMOSA FRIMESA 200G";"7896275982980";"37704"
"SOBREMESA CREMOSA FRIMESA 200G CHOCOLATE : SOBREMESA CREMOSA FRIMESA 200G";"7896275980498";"37704"
"SOBREMESA CREMOSA FRIMESA 200G CHOC. BRANCO : SOBREMESA CREMOSA FRIMESA 200G";"7896275980986";"37704"
"SOBREMESA CREMOSA FRIMESA 200G CH. MEIO AMARGO : SOBREMESA CREMOSA FRIMESA 200G";"7896275983000";"37704"
"SOBREMESA CHANDELLE PUDIM 100G : SOBREMESA CHANDELLE PUDIM 100G";"7898755200027";"70988"
"SOBREMESA CHANDELLE DUO 180G CHOC BCO/AMARGO : SOBREMESA CHANDELLE DUO 180G";"7891000396452";"68605"
"SOBREMESA CHANDELLE 540G CHOCOLATE : SOBREMESA CHANDELLE 540G";"7891000370933";"66829"
"SOBREMESA CHANDELLE 360G CHOCOLATE : SOBREMESA CHANDELLE 360G";"7891000096468";"39726"
"SOBREMESA CHANDELLE 360G CHOC. BRANCO : SOBREMESA CHANDELLE 360G";"7891000110096";"39726"
"SOBREMESA CHANDELLE 180G. CHOCOLATE : SOBREMESA CHANDELLE 180G.";"78936195";"22901"
"SOBRECOXAS FRANGO SADIA BANDEJA 1KG : SOBRECOXAS FRANGO SADIA BANDEJA 1KG";"7893000436725";"15374"
"SNACK REPEAT ALGA MARINHA 5G WASABI : SNACK REPEAT ALGA MARINHA 5G";"7898994217923";"66798"
"SNACK REPEAT ALGA MARINHA 5G ORIGINAL : SNACK REPEAT ALGA MARINHA 5G";"7898994217916";"66798"
"SNACK REPEAT ALGA MARINHA 5G BARBECUE : SNACK REPEAT ALGA MARINHA 5G";"7898994217930";"66798"
"SNACK PIPOQUINHA MUCILON 35G : SNACK PIPOQUINHA MUCILON 35G";"7891000383077";"67400"
"SNACK OLIV VALE FERTIL 50G PROVENCAL : SNACK OLIV VALE FERTIL 50G";"7896272009321";"57023"
"SNACK OLIV VALE FERTIL 50G NATURAL : SNACK OLIV VALE FERTIL 50G";"7896272010648";"57023"
"SNACK OLIV VALE FERTIL 50G CHILI : SNACK OLIV VALE FERTIL 50G";"7896272009338";"57023"
"SNACK MARILAN PIT STOP 60G CEBOLA E SALSA : SNACK MARILAN PIT STOP 60G";"7896003739596";"67936"
"SNACK CROCANTISSIMO 40G SALAMINHO/LIMAO : SNACK CROCANTISSIMO 40G";"7896002301398";"15820"
"SNACK CROCANTISSIMO 40G QUEIJO E CEBOLA : SNACK CROCANTISSIMO 40G";"7896002364768";"15820"
"SNACK CROCANTISSIMO 40G PEITO DE PERU : SNACK CROCANTISSIMO 40G";"7896002365963";"15820"
"SNACK CROCANTISSIMO 40G CHURRASCO : SNACK CROCANTISSIMO 40G";"7896002302449";"15820"
"SNACK BELIVE SEM GLUTEN 35G QUEIJO SUICO : SNACK BELIVE SEM GLUTEN 35G";"7898380411201";"42559"
"SNACK BELIVE SEM GLUTEN 35G CHURRASCO : SNACK BELIVE SEM GLUTEN 35G";"7898380410822";"42559"
"SNACK BELIVE SEM GLUTEN 35G CEBOLA E SALSA : SNACK BELIVE SEM GLUTEN 35G";"7898380410815";"42559"
"SKOL BEATS TROPICAL LONG NECK 269ML : SKOL BEATS TROPICAL LONG NECK 269ML";"7891991306188";"68481"
"SKOL BEATS TROPICAL LATA 269ML : SKOL BEATS TROPICAL LATA 269ML";"7891991306164";"67870"
"SKOL BEATS SENSES LONG NECK 269ML : SKOL BEATS SENSES LONG NECK 269ML";"7891991301138";"61049"
"SKOL BEATS SENSES LATA 269ML : SKOL BEATS SENSES LATA 269ML";"7891149105571";"36998"
"SKOL BEATS RED MIX LN 269ML FR. VERMELHAS : SKOL BEATS RED MIX LN 269ML";"7891991307246";"72648"
"SKOL BEATS RED MIX LATA 269ML FR. VERMELHAS : SKOL BEATS RED MIX LATA 269ML";"7891991307192";"72649"
"SKOL BEATS GT LONG NECK 269ML GIN E TONICA : SKOL BEATS GT LONG NECK 269ML";"7891991301114";"60672"
"SKOL BEATS GT 269ML : SKOL BEATS GT 269ML";"7891149840878";"53812"
"SKOL BEATS CAIPIRINHA LONG N 269ML : SKOL BEATS CAIPIRINHA LONG N 269ML";"7891991304849";"65394"
"SILICONE PROAUTO 120ML SECAGEM RAPIDA : SILICONE PROAUTO 120ML";"7896189223025";"33875"
"SILICONE MUNDIAL PRIME SPRAY 300ML TUTTI FRUTTI : SILICONE MUNDIAL PRIME SPRAY 300ML";"7898907527835";"65958"
"SILICONE LIQUIDO LUXCAR 110ML CARRO NOVO : SILICONE LIQUIDO LUXCAR 110ML";"7896498525087";"74620"
"SILICONE GEL LUXCAR 200G LAVANDA : SILICONE GEL LUXCAR 200G";"7896498537929";"74621"
"SILICONE EM BISNAGA NEDO 50G : SILICONE EM BISNAGA NEDO 50G";"7896619802493";"12908"
"SHOYU TRADICIONAL KARUI 500ML : SHOYU TRADICIONAL KARUI 500ML";"7898270967115";"70066"
"SHOYU TRADICIONAL KARUI 150ML : SHOYU TRADICIONAL KARUI 150ML";"7898270967665";"70063"
"SHOYU PICANTE KARUI 150ML : SHOYU PICANTE KARUI 150ML";"7898270967818";"70062"
"SHOYU LIGTH KARUI 150ML : SHOYU LIGTH KARUI 150ML";"7898270967672";"70061"
"SHOYU HINOMOTO TRADICIONAL 500ML MOLHO DE SOJA : SHOYU HINOMOTO TRADICIONAL 500ML";"7896181500100";"1266"
"SHOYU HINOMOTO TRADICIONAL 1L : SHOYU HINOMOTO TRADICIONAL 1L";"7896181500414";"1255"
"SHOYU HINOMOTO PREMIUM 500ML : SHOYU HINOMOTO PREMIUM 500ML";"7896181500117";"1264"
"SHOYU HINOMOTO PREMIUM 150ML : SHOYU HINOMOTO PREMIUM 150ML";"7896181501435";"13368"
"SHOYU HINOMOTO LIGHT SUAVE 500ML : SHOYU HINOMOTO LIGHT SUAVE 500ML";"7896181500834";"50939"
"SHOYU HINOMOTO LIGHT 150ML : SHOYU HINOMOTO LIGHT 150ML";"7896181501442";"1267"
"SHAMPOO+CONDICIONADOR NOVEX 300ML OLEO DE COCO : SHAMPOO+CONDICIONADOR NOVEX 300ML";"7896013563525";"44615"
"SHAMPOO+CONDICIONADOR NOVEX 300ML OLEO DE ARGAN : SHAMPOO+CONDICIONADOR NOVEX 300ML";"7896013553908";"44615"
"SHAMPOO+CONDICIONADOR NOVEX 300ML MEUS CACHINHOS : SHAMPOO+CONDICIONADOR NOVEX 300ML";"7896013562306";"44615"
"SHAMPOO+CONDICIONADOR NOVEX 300ML CACHOS MAGICOS : SHAMPOO+CONDICIONADOR NOVEX 300ML";"7896013557111";"44615"
"SHAMPOO+CONDICIONADOR NOVEX 300ML CACHOS CINEMA : SHAMPOO+CONDICIONADOR NOVEX 300ML";"7896013563532";"44615"
"SHAMPOO+CONDICIONADOR NOVEX 300ML AZEITE DE OLIVA : SHAMPOO+CONDICIONADOR NOVEX 300ML";"7896013561880";"44615"
"SHAMPOO+COND PHYTOERVAS 250ML CACHOS : SHAMPOO+COND PHYTOERVAS 250ML";"7896044994299";"51241"
"SHAMPOO+COND PHYTOERVAS 250ML C. OLEOSIDADE : SHAMPOO+COND PHYTOERVAS 250ML";"7896044955856";"51241"
"SHAMPOO+COND PHYTOERVAS 250ML ANTIQUEDA : SHAMPOO+COND PHYTOERVAS 250ML";"7896044959960";"51241"
"SHAMPOO+COND PALMOLIVE KIDS 350ML : SHAMPOO+COND PALMOLIVE KIDS 350ML";"7509546688008";"66966"
"SHAMPOO+COND PALMOLIVE 350ML. HYALURONIC : SHAMPOO+COND PALMOLIVE 350ML.";"7509546687476";"66967"
"SHAMPOO+COND PALMOLIVE 350ML. COLAGENO : SHAMPOO+COND PALMOLIVE 350ML.";"7509546688015";"66967"
"SHAMPOO+COND PALMOLIVE 350ML LISOS RADIANTES : SHAMPOO+COND PALMOLIVE 350ML";"7509546689340";"36318"
"SHAMPOO+COND PALMOLIVE 350ML DETOX ENERG. : SHAMPOO+COND PALMOLIVE 350ML";"7509546668277";"36318"
"SHAMPOO+COND PALMOLIVE 350ML CERAMIDAS : SHAMPOO+COND PALMOLIVE 350ML";"7891024032312";"36318"
"SHAMPOO+COND PALMOLIVE 350ML BOOM HIDRAT. : SHAMPOO+COND PALMOLIVE 350ML";"7509546689357";"36318"
"SHAMPOO VULT 350ML RECONSTRUCAO : SHAMPOO VULT 350ML";"7899852025070";"68715"
"SHAMPOO VULT 350ML ONDULADOS : SHAMPOO VULT 350ML";"7899852025551";"68715"
"SHAMPOO VULT 350ML NUTRICAO : SHAMPOO VULT 350ML";"7899852023144";"68715"
"SHAMPOO VULT 350ML LISO : SHAMPOO VULT 350ML";"7899852025537";"68715"
"SHAMPOO VULT 350ML HIDRATACAO : SHAMPOO VULT 350ML";"7899852025063";"68715"
"SHAMPOO VULT 350ML EXPLOS.FORCA : SHAMPOO VULT 350ML";"7899852025049";"68715"
"SHAMPOO VULT 350ML CACHOS : SHAMPOO VULT 350ML";"7899852025513";"68715"
"SHAMPOO VULT + CONDICIONADOR 200ML REC. HIDRATACAO : SHAMPOO VULT + CONDICIONADOR 200ML";"7899852024912";"69388"
"SHAMPOO VULT + CONDICIONADOR 200ML CHOQUE RECONST. : SHAMPOO VULT + CONDICIONADOR 200ML";"7899852023502";"69388"
"SHAMPOO TRESEMME PUMP 650ML BLINDAGEM ANT. : SHAMPOO TRESEMME PUMP 650ML";"7891150100312";"31619"
"SHAMPOO TRESEMME 400ML RECONS E FORCA : SHAMPOO TRESEMME 400ML";"7891150018877";"29711"
"SHAMPOO TRESEMME 400ML HIDRAT PROFUNDA : SHAMPOO TRESEMME 400ML";"7891150018846";"29711"
"SHAMPOO TRESEMME 400ML CACHOS DEF. : SHAMPOO TRESEMME 400ML";"7891150018853";"29711"
"SHAMPOO TRESEMME 400ML BRILHO LAMELAR : SHAMPOO TRESEMME 400ML";"7891150091214";"29711"
"SHAMPOO TRESEMME 400ML BLINDAGEM ANT. : SHAMPOO TRESEMME 400ML";"7891150100336";"29711"
"SHAMPOO TRESEMME 350ML+ COND 175ML BRILHO LAMELAR : SHAMPOO TRESEMME 350ML+ COND 175ML";"7891150094529";"32116"
"SHAMPOO TRESEMME 350ML+ COND 175ML BLINDAGEM ANT. : SHAMPOO TRESEMME 350ML+ COND 175ML";"7891150094505";"32116"
"SHAMPOO SEDA JUNTINHOS 300ML CRESPOS : SHAMPOO SEDA JUNTINHOS 300ML";"7891150083592";"60069"
"SHAMPOO SEDA JUNTINHOS 300ML CACHOS : SHAMPOO SEDA JUNTINHOS 300ML";"7891150083585";"60069"
"SHAMPOO SEDA JUNTINHOS 300ML BRILHO ENCANT. : SHAMPOO SEDA JUNTINHOS 300ML";"7891150083561";"60069"
"SHAMPOO SEDA ANTICASPA 325ML HIDRAT. DIARIA : SHAMPOO SEDA ANTICASPA 325ML";"7891150037458";"29348"
"SHAMPOO SEDA 325ML SOS RESTAURACAO : SHAMPOO SEDA 325ML";"7891150037571";"40076"
"SHAMPOO SEDA 325ML SOS CERAMIDAS : SHAMPOO SEDA 325ML";"7891150037397";"40076"
"SHAMPOO SEDA 325ML PUREZA REFRESC. : SHAMPOO SEDA 325ML";"7891150037564";"40076"
"SHAMPOO SEDA 325ML PRETOS LUMIN. : SHAMPOO SEDA 325ML";"7891150037526";"40076"
"SHAMPOO SEDA 325ML PREBIOTICOS : SHAMPOO SEDA 325ML";"7891150091467";"40076"
"SHAMPOO SEDA 325ML OLEO HIDRATACAO : SHAMPOO SEDA 325ML";"7891150037540";"40076"
"SHAMPOO SEDA 325ML LISO PERFEITO : SHAMPOO SEDA 325ML";"7891150037519";"40076"
"SHAMPOO SEDA 325ML LISO EXTREMO : SHAMPOO SEDA 325ML";"7891150037502";"40076"
"SHAMPOO SEDA 325ML COLAGENO : SHAMPOO SEDA 325ML";"7891150080089";"40076"
"SHAMPOO SEDA 325ML CACHOS DEF. : SHAMPOO SEDA 325ML";"7891150037595";"40076"
"SHAMPOO SEDA 325ML BABOSA + OLEOS : SHAMPOO SEDA 325ML";"7891150060685";"40076"
"SHAMPOO SEDA 300ML+COND 190ML TOQUE DE SEDA : SHAMPOO SEDA 300ML+COND 190ML";"7891150101630";"71540"
"SHAMPOO SEDA 300ML+COND 190ML PREB.+BIOTINA : SHAMPOO SEDA 300ML+COND 190ML";"7891150097346";"71540"
"SHAMPOO SEDA 300ML+COND 190ML LUMINOUS UV : SHAMPOO SEDA 300ML+COND 190ML";"7891150099982";"71540"
"SHAMPOO SEDA 300ML+COND 190ML LISO PERFEITO : SHAMPOO SEDA 300ML+COND 190ML";"7891150097384";"71540"
"SHAMPOO SEDA 300ML+COND 190ML COLAGENO+VIT C : SHAMPOO SEDA 300ML+COND 190ML";"7891150097360";"71540"
"SHAMPOO SEDA 300ML+COND 190ML CERAMIDAS : SHAMPOO SEDA 300ML+COND 190ML";"7891150097377";"71540"
"SHAMPOO SEDA 300ML+COND 190ML CACHOS DEF. : SHAMPOO SEDA 300ML+COND 190ML";"7891150097353";"71540"
"SHAMPOO SEDA 300ML+COND 190ML BABOSA OLEOS : SHAMPOO SEDA 300ML+COND 190ML";"7891150097339";"71540"
"SHAMPOO SEDA 300ML TOQUE DE SEDA : SHAMPOO SEDA 300ML";"7891150101616";"63975"
"SHAMPOO SEDA 300ML LUMINOUS UV : SHAMPOO SEDA 300ML";"7891150099845";"63975"
"SHAMPOO SEDA 250ML BOOM HIDRATACAO : SHAMPOO SEDA 250ML";"7891150096288";"72860"
"SHAMPOO SANOL DOG 500ML ANTI PULGAS : SHAMPOO SANOL DOG 500ML";"7896183300852";"299"
"SHAMPOO RICCA A SECO 150ML SEM PERFURME : SHAMPOO RICCA A SECO 150ML";"7897517928575";"71911"
"SHAMPOO RICCA A SECO 150ML MENTA : SHAMPOO RICCA A SECO 150ML";"7897517928506";"71911"
"SHAMPOO RICCA A SECO 150ML MACA DO AMOR : SHAMPOO RICCA A SECO 150ML";"7897517928520";"71911"
"SHAMPOO PHYTOERVAS 250ML HIDRAT. INTENSA : SHAMPOO PHYTOERVAS 250ML";"7896044954941";"50970"
"SHAMPOO PANTENE PRO-V 510ML BIOTINAMINA : SHAMPOO PANTENE PRO-V 510ML";"7500435248068";"73613"
"SHAMPOO PANTENE PRO-V 400ML REST. PROFUNDA : SHAMPOO PANTENE PRO-V 400ML";"7501065922403";"621"
"SHAMPOO PANTENE PRO-V 400ML REPARACAO INT. : SHAMPOO PANTENE PRO-V 400ML";"7501007413921";"621"
"SHAMPOO PANTENE PRO-V 400ML MICELAR : SHAMPOO PANTENE PRO-V 400ML";"7500435128933";"621"
"SHAMPOO PANTENE PRO-V 400ML LISO EXTREMO : SHAMPOO PANTENE PRO-V 400ML";"7501001165246";"621"
"SHAMPOO PANTENE PRO-V 400ML HIDROCAUTERIZ. : SHAMPOO PANTENE PRO-V 400ML";"7506309840024";"621"
"SHAMPOO PANTENE PRO-V 400ML BRILHO EXTREMO : SHAMPOO PANTENE PRO-V 400ML";"7501007457796";"621"
"SHAMPOO PANTENE PRO-V 400ML BAMBU : SHAMPOO PANTENE PRO-V 400ML";"7500435154239";"621"
"SHAMPOO PANTENE PRO-V 300ML QUERATINA : SHAMPOO PANTENE PRO-V 300ML";"7500435232814";"62358"
"SHAMPOO PANTENE PRO-V 300ML COLAGENO : SHAMPOO PANTENE PRO-V 300ML";"7500435196987";"62358"
"SHAMPOO PANTENE PRO-V 300ML BIOTINAMINA : SHAMPOO PANTENE PRO-V 300ML";"7500435248143";"62358"
"SHAMPOO PANTENE PRO-V 300ML ALGA MARINHA : SHAMPOO PANTENE PRO-V 300ML";"7500435209304";"62358"
"SHAMPOO PANTENE PRO-V 200ML MICELAR : SHAMPOO PANTENE PRO-V 200ML";"7500435128926";"627"
"SHAMPOO PANTENE PRO-V 200ML BRILHO EXTREMO : SHAMPOO PANTENE PRO-V 200ML";"7501007457789";"627"
"SHAMPOO PANTENE PRO-V 200ML BAMBU : SHAMPOO PANTENE PRO-V 200ML";"7500435154222";"627"
"SHAMPOO PANTENE PRO-V 175ML RESTAURACAO : SHAMPOO PANTENE PRO-V 175ML";"7500435125468";"46474"
"SHAMPOO PANTENE PRO-V 175ML QUERATINA : SHAMPOO PANTENE PRO-V 175ML";"7500435232777";"46474"
"SHAMPOO PANTENE PRO-V 175ML LISO EXTREMO : SHAMPOO PANTENE PRO-V 175ML";"7500435125420";"46474"
"SHAMPOO PANTENE PRO-V 175ML HIDROCAUTERIZ. : SHAMPOO PANTENE PRO-V 175ML";"7500435125406";"46474"
"SHAMPOO PANTENE PRO-V 175ML HIDRATACAO : SHAMPOO PANTENE PRO-V 175ML";"7500435125383";"46474"
"SHAMPOO PANTENE PRO-V 175ML COLAGENO : SHAMPOO PANTENE PRO-V 175ML";"7500435196970";"46474"
"SHAMPOO PANTENE PRO-V 175ML BIOTINAMINA : SHAMPOO PANTENE PRO-V 175ML";"7500435248136";"46474"
"SHAMPOO PANTENE PRO-V 175ML ALGA MARINHA : SHAMPOO PANTENE PRO-V 175ML";"7500435209342";"46474"
"SHAMPOO PANTENE 350ML+COND 175ML RESTAURACAO : SHAMPOO PANTENE 350ML+COND 175ML";"7500435169356";"50078"
"SHAMPOO PANTENE 350ML+COND 175ML LISO EXTREMO : SHAMPOO PANTENE 350ML+COND 175ML";"7500435169363";"50078"
"SHAMPOO PANTENE 350ML+COND 175ML HIDROCAUTERIZ. : SHAMPOO PANTENE 350ML+COND 175ML";"7500435169387";"50078"
"SHAMPOO PANTENE 350ML+COND 175ML HIDRATACAO : SHAMPOO PANTENE 350ML+COND 175ML";"7500435169370";"50078"
"SHAMPOO PANTENE 300ML+COND 150ML QUERATINA : SHAMPOO PANTENE 300ML+COND 150ML";"7500435233644";"69393"
"SHAMPOO PANTENE 300ML+COND 150ML EQUILIBRIO : SHAMPOO PANTENE 300ML+COND 150ML";"7500435215565";"69393"
"SHAMPOO PANTENE 300ML+COND 150ML COLAGENO : SHAMPOO PANTENE 300ML+COND 150ML";"7500435200301";"69393"
"SHAMPOO PANTENE 300ML+COND 150ML BIOTINAMINA : SHAMPOO PANTENE 300ML+COND 150ML";"7500435253598";"69393"
"SHAMPOO PAMPERS 200ML GLICERINA : SHAMPOO PAMPERS 200ML";"7891033522309";"68764"
"SHAMPOO PALMOLIVE LUMINOUS 350ML OLEO DE RICINO : SHAMPOO PALMOLIVE LUMINOUS 350ML";"7509546689944";"68596"
"SHAMPOO PALMOLIVE LUMINOUS 350ML OLEO DE ARGAN : SHAMPOO PALMOLIVE LUMINOUS 350ML";"7509546689913";"68596"
"SHAMPOO PALMOLIVE KIDS 350ML TROLLS : SHAMPOO PALMOLIVE KIDS 350ML";"7509546689876";"510"
"SHAMPOO PALMOLIVE KIDS 350ML TODO T/ CABELO : SHAMPOO PALMOLIVE KIDS 350ML";"7891024174135";"510"
"SHAMPOO PALMOLIVE KIDS 350ML CABELO CACHEADO : SHAMPOO PALMOLIVE KIDS 350ML";"7891024174180";"510"
"SHAMPOO PALMOLIVE HYALURONIC 350ML : SHAMPOO PALMOLIVE HYALURONIC 350ML";"7509546681153";"64155"
"SHAMPOO PALMOLIVE COLAGENO 350ML : SHAMPOO PALMOLIVE COLAGENO 350ML";"7509546681139";"64154"
"SHAMPOO PALMOLIVE ANTICASPA 350ML CLASSIC : SHAMPOO PALMOLIVE ANTICASPA 350ML";"7891024171233";"7454"
"SHAMPOO PALMOLIVE ANTICASPA 350ML ANTICOCEIRA : SHAMPOO PALMOLIVE ANTICASPA 350ML";"7509546686202";"7454"
"SHAMPOO PALMOLIVE 650ML NUTRICAO EXT. : SHAMPOO PALMOLIVE 650ML";"7509546674940";"34181"
"SHAMPOO PALMOLIVE 650ML LIMPEZA BALANC. : SHAMPOO PALMOLIVE 650ML";"7509546673851";"34181"
"SHAMPOO PALMOLIVE 650ML CERAMIDAS FORCE : SHAMPOO PALMOLIVE 650ML";"7509546674957";"34181"
"SHAMPOO PALMOLIVE 350ML NUTRICAO EXTR. : SHAMPOO PALMOLIVE 350ML";"7891024171639";"631"
"SHAMPOO PALMOLIVE 350ML NUTRI LISS : SHAMPOO PALMOLIVE 350ML";"7891024161913";"631"
"SHAMPOO PALMOLIVE 350ML NEUTRO : SHAMPOO PALMOLIVE 350ML";"7891024172230";"631"
"SHAMPOO PALMOLIVE 350ML FRIZZ RESIST : SHAMPOO PALMOLIVE 350ML";"7891024174036";"631"
"SHAMPOO PALMOLIVE 350ML DETOX : SHAMPOO PALMOLIVE 350ML";"7891024042908";"631"
"SHAMPOO PALMOLIVE 350ML CERAMIDAS FORCE : SHAMPOO PALMOLIVE 350ML";"7891024174210";"631"
"SHAMPOO PALMOLIVE 350ML CACHOS LIVRES : SHAMPOO PALMOLIVE 350ML";"7891024042311";"631"
"SHAMPOO PALMOLIVE 350ML BOOM HIDRATACAO : SHAMPOO PALMOLIVE 350ML";"7891024034064";"631"
"SHAMPOO OX 500ML VITA GLOW : SHAMPOO OX 500ML";"7908324405149";"67946"
"SHAMPOO OX 500ML GLICOLICO : SHAMPOO OX 500ML";"7908324408706";"67946"
"SHAMPOO OX 400ML NUTRE : SHAMPOO OX 400ML";"7897664168213";"53140"
"SHAMPOO OX 400ML LISOS : SHAMPOO OX 400ML";"7897664168237";"53140"
"SHAMPOO OX 400ML HIDRATA : SHAMPOO OX 400ML";"7908324406160";"53140"
"SHAMPOO OX 375ML + COND 170ML NUTRE : SHAMPOO OX 375ML + COND 170ML";"7908324400847";"58979"
"SHAMPOO OX 375ML + COND 170ML LISOS : SHAMPOO OX 375ML + COND 170ML";"7908324400861";"58979"
"SHAMPOO OX 375ML + COND 170ML HITRATA : SHAMPOO OX 375ML + COND 170ML";"7908324406399";"58979"
"SHAMPOO OX 240ML PEPTIDEOS : SHAMPOO OX 240ML";"7908324408751";"73304"
"SHAMPOO OX 240ML GLICOLICO : SHAMPOO OX 240ML";"7908324408683";"73304"
"SHAMPOO OX 200ML NUTRE : SHAMPOO OX 200ML";"7896916782337";"53141"
"SHAMPOO OX 200ML HIDRATA : SHAMPOO OX 200ML";"7908324406177";"53141"
"SHAMPOO OX 200ML + COND 170ML MICELAR : SHAMPOO OX 200ML + COND 170ML";"7908324404814";"67945"
"SHAMPOO OX 200ML + COND 170ML HIALURONICO : SHAMPOO OX 200ML + COND 170ML";"7908324404760";"67945"
"SHAMPOO OX 200ML + COND 170ML GLICOLICO : SHAMPOO OX 200ML + COND 170ML";"7908324408737";"67945"
"SHAMPOO OX 200ML + COND 170ML COLAGENO : SHAMPOO OX 200ML + COND 170ML";"7908324404753";"67945"
"SHAMPOO NIELY 275ML+COND. 175ML QUERATINA REC. : SHAMPOO NIELY 275ML+COND. 175ML";"7896000711601";"4086"
"SHAMPOO NIELY 275ML+COND. 175ML OLEO DE ARGAN : SHAMPOO NIELY 275ML+COND. 175ML";"7896000717658";"4086"
"SHAMPOO NIELY 275ML+COND. 175ML NUTR. PODEROSA : SHAMPOO NIELY 275ML+COND. 175ML";"7896000722577";"4086"
"SHAMPOO NIELY 275ML+COND. 175ML LISO PROLONGADO : SHAMPOO NIELY 275ML+COND. 175ML";"7896000713186";"4086"
"SHAMPOO NIELY 275ML+COND. 175ML HIDR. MILAGROSA : SHAMPOO NIELY 275ML+COND. 175ML";"7896000727527";"4086"
"SHAMPOO NIELY 275ML+COND. 175ML DEF. CACHOS : SHAMPOO NIELY 275ML+COND. 175ML";"7908615017297";"4086"
"SHAMPOO NIELY 275ML+COND. 175ML COMPRID+FORT : SHAMPOO NIELY 275ML+COND. 175ML";"7896000726407";"4086"
"SHAMPOO NEUTROX PUMP 500ML NUTRE OLEOS : SHAMPOO NEUTROX PUMP 500ML";"7908324407457";"73323"
"SHAMPOO NEUTROX 300ML+COND 200ML SOS CACHOS : SHAMPOO NEUTROX 300ML+COND 200ML";"7908324403657";"58597"
"SHAMPOO NEUTROX 300ML+COND 200ML FORCA : SHAMPOO NEUTROX 300ML+COND 200ML";"7908324408270";"58597"
"SHAMPOO NEUTROX 300ML+COND 200ML CLASSICO : SHAMPOO NEUTROX 300ML+COND 200ML";"7908324401202";"58597"
"SHAMPOO NEUTROX 300ML PURIFICA : SHAMPOO NEUTROX 300ML";"7908324407587";"7436"
"SHAMPOO NEUTROX 300ML FORCA : SHAMPOO NEUTROX 300ML";"7908324407471";"7436"
"SHAMPOO NEUTROX 300ML CLASSICO : SHAMPOO NEUTROX 300ML";"7897664171442";"7436"
"SHAMPOO NEUTROX 300ML CACHOS E ONDAS : SHAMPOO NEUTROX 300ML";"7908324407501";"7436"
"SHAMPOO MONANGE 325ML REST. Q/ GOSTO : SHAMPOO MONANGE 325ML";"7896235353362";"639"
"SHAMPOO MONANGE 325ML QUIMICA SEM DR. : SHAMPOO MONANGE 325ML";"7896235353355";"639"
"SHAMPOO MONANGE 325ML LISOS TE QUERO! : SHAMPOO MONANGE 325ML";"7896235353331";"639"
"SHAMPOO MONANGE 325ML HIDR. COM PODER : SHAMPOO MONANGE 325ML";"7896235353324";"639"
"SHAMPOO MONANGE 325ML DETOXTERAPIA : SHAMPOO MONANGE 325ML";"7896235353386";"639"
"SHAMPOO MONANGE 325ML CACHOS QUE TAL? : SHAMPOO MONANGE 325ML";"7896235353348";"639"
"SHAMPOO MONANGE 325ML BOOST CRESCIM. : SHAMPOO MONANGE 325ML";"7896235353379";"639"
"SHAMPOO KOLENE 300ML+COND 200ML ORIGINAL : SHAMPOO KOLENE 300ML+COND 200ML";"7908324401615";"62229"
"SHAMPOO KOLENE 300ML+COND 200ML CURVATURAS : SHAMPOO KOLENE 300ML+COND 200ML";"7908324404074";"62229"
"SHAMPOO KERATEX 800ML+COND 500ML USO DIARIO : SHAMPOO KERATEX 800ML+COND 500ML";"7898211383523";"65800"
"SHAMPOO KERATEX 800ML+COND 500ML REC. CAPILAR : SHAMPOO KERATEX 800ML+COND 500ML";"7898211383554";"65800"
"SHAMPOO KERATEX 800ML+COND 500ML LISO EXTREMO : SHAMPOO KERATEX 800ML+COND 500ML";"7898211383530";"65800"
"SHAMPOO KERATEX 800ML+COND 500ML HIDR. PROFUNDA : SHAMPOO KERATEX 800ML+COND 500ML";"7898211383547";"65800"
"SHAMPOO KERATEX 800ML+COND 500ML ACIDO HIALURON : SHAMPOO KERATEX 800ML+COND 500ML";"7898211383622";"65800"
"SHAMPOO JOHNSONS BABY REFIL 180ML REGULAR : SHAMPOO JOHNSONS BABY REFIL 180ML";"7891010256487";"70340"
"SHAMPOO JOHNSONS BABY 750ML REGULAR : SHAMPOO JOHNSONS BABY 750ML";"7891010027858";"45916"
"SHAMPOO JOHNSONS BABY 400ML REGULAR : SHAMPOO JOHNSONS BABY 400ML";"7891010800048";"13772"
"SHAMPOO JOHNSONS BABY 400ML CHEIRINHO PROL. : SHAMPOO JOHNSONS BABY 400ML";"7891010521448";"13772"
"SHAMPOO JOHNSONS BABY 400ML BLACKINHO POD. : SHAMPOO JOHNSONS BABY 400ML";"7891010255039";"13772"
"SHAMPOO JOHNSONS BABY 200ML TRADICIONAL : SHAMPOO JOHNSONS BABY 200ML";"7891010030094";"517"
"SHAMPOO JOHNSONS BABY 200ML GOTAS DE BRILHO : SHAMPOO JOHNSONS BABY 200ML";"7891010601164";"517"
"SHAMPOO JOHNSONS BABY 200ML CHEIRINHO PROL. : SHAMPOO JOHNSONS BABY 200ML";"7891010980061";"517"
"SHAMPOO JOHNSONS BABY 200ML CABELOS CLAROS : SHAMPOO JOHNSONS BABY 200ML";"7891010030889";"517"
"SHAMPOO HUGGIES 360ML NUTRICAO : SHAMPOO HUGGIES 360ML";"7896018750869";"69924"
"SHAMPOO HUGGIES 360ML HIDRAT./BRILHO : SHAMPOO HUGGIES 360ML";"7896018750838";"69924"
"SHAMPOO HUGGIES 360ML CACHOS : SHAMPOO HUGGIES 360ML";"7896018750807";"69924"
"SHAMPOO HUGGIES 200ML EXTRA SUAVE : SHAMPOO HUGGIES 200ML";"7896018700307";"518"
"SHAMPOO HEAD & SHOULDERS MEN 400ML PREV QUEDA HOM : SHAMPOO HEAD & SHOULDERS MEN 400ML";"7501006707694";"43638"
"SHAMPOO HEAD & SHOULDERS MEN 400ML OLD SPICE : SHAMPOO HEAD & SHOULDERS MEN 400ML";"7500435187886";"43638"
"SHAMPOO HEAD & SHOULDERS MEN 400ML 3 EM 1 : SHAMPOO HEAD & SHOULDERS MEN 400ML";"7506309865409";"43638"
"SHAMPOO HEAD & SHOULDERS MEN 200ML PREV CONT QUEDA : SHAMPOO HEAD & SHOULDERS MEN 200ML";"7506309890913";"43636"
"SHAMPOO HEAD & SHOULDERS MEN 200ML OLD SPICE : SHAMPOO HEAD & SHOULDERS MEN 200ML";"7500435187879";"43636"
"SHAMPOO HEAD & SHOULDERS MEN 200ML MENTHOL SPORT : SHAMPOO HEAD & SHOULDERS MEN 200ML";"7501001133627";"43636"
"SHAMPOO HEAD & SHOULDERS MEN 200ML 3X1 : SHAMPOO HEAD & SHOULDERS MEN 200ML";"7506309865393";"43636"
"SHAMPOO HEAD & SHOULDERS 400ML LIMPEZA EFICAZ : SHAMPOO HEAD & SHOULDERS 400ML";"7500435242622";"14362"
"SHAMPOO HEAD & SHOULDERS 200ML LIMPEZA EFICAZ : SHAMPOO HEAD & SHOULDERS 200ML";"7500435242615";"14361"
"SHAMPOO HEAD & SHOULDERS 200ML HIDRATACAO : SHAMPOO HEAD & SHOULDERS 200ML";"7501001133634";"14361"
"SHAMPOO HEAD & SHOULDERS 200ML ANTI COCEIRA : SHAMPOO HEAD & SHOULDERS 200ML";"7506195142035";"14361"
"SHAMPOO GRANADO BEBE 250ML : SHAMPOO GRANADO BEBE 250ML";"7896512907493";"30916"
"SHAMPOO GIOVANNA BABY GIBY 200ML : SHAMPOO GIOVANNA BABY GIBY 200ML";"7896044997726";"36481"
"SHAMPOO EUDORA SIAGE MEN 250ML COMBATE CASPA : SHAMPOO EUDORA SIAGE MEN 250ML";"7891033522125";"68587"
"SHAMPOO EUDORA SIAGE 250ML REVELA CACHOS : SHAMPOO EUDORA SIAGE 250ML";"7891033534623";"68584"
"SHAMPOO EUDORA SIAGE 250ML RESG. IMEDIATO : SHAMPOO EUDORA SIAGE 250ML";"7891033558025";"68584"
"SHAMPOO EUDORA SIAGE 250ML RECONST FIOS : SHAMPOO EUDORA SIAGE 250ML";"7891033535194";"68584"
"SHAMPOO EUDORA SIAGE 250ML PRO CRONOLOGY : SHAMPOO EUDORA SIAGE 250ML";"7891033530946";"68584"
"SHAMPOO EUDORA SIAGE 250ML NUTRI ROSE : SHAMPOO EUDORA SIAGE 250ML";"7891033534357";"68584"
"SHAMPOO EUDORA SIAGE 250ML LISO INTENSO : SHAMPOO EUDORA SIAGE 250ML";"7891033535040";"68584"
"SHAMPOO EUDORA SIAGE 250ML HAIR PLASTIA : SHAMPOO EUDORA SIAGE 250ML";"7891033016419";"68584"
"SHAMPOO EUDORA SIAGE 250ML GLOW EXPERT : SHAMPOO EUDORA SIAGE 250ML";"7891033471751";"68584"
"SHAMPOO EUDORA SIAGE 250ML CICA THERAPY : SHAMPOO EUDORA SIAGE 250ML";"7891033198160";"68584"
"SHAMPOO EUDORA SIAGE 250ML CAUTER. LISOS : SHAMPOO EUDORA SIAGE 250ML";"7891033517466";"68584"
"SHAMPOO EUDORA 250ML+COND 200ML LISO INTENSO : SHAMPOO EUDORA 250ML+COND 200ML";"7899852009346";"70641"
"SHAMPOO EUDORA 250ML+COND 125ML HAIR-PLASTIA : SHAMPOO EUDORA 250ML+COND 125ML";"7891033545957";"68836"
"SHAMPOO EUDORA 250ML+COND 125ML GLOW EXPERT : SHAMPOO EUDORA 250ML+COND 125ML";"7891033545995";"68836"
"SHAMPOO ELSEVE HIALURONICO 400ML : SHAMPOO ELSEVE HIALURONICO 400ML";"7899706244107";"65840"
"SHAMPOO ELSEVE ANTICASPA 400ML HYDRA DETOX : SHAMPOO ELSEVE ANTICASPA 400ML";"7899706134170";"43420"
"SHAMPOO ELSEVE 400ML REPARACAO TOT 5 : SHAMPOO ELSEVE 400ML";"7899026420564";"17471"
"SHAMPOO ELSEVE 400ML LONGO SONHOS : SHAMPOO ELSEVE 400ML";"7899706170819";"17471"
"SHAMPOO ELSEVE 400ML LISO LIQUID : SHAMPOO ELSEVE 400ML";"7908785461708";"17471"
"SHAMPOO ELSEVE 400ML HIDR. HIALURON : SHAMPOO ELSEVE 400ML";"7899706187367";"17471"
"SHAMPOO ELSEVE 400ML GLYCOLIC GLOSS : SHAMPOO ELSEVE 400ML";"7908615060606";"17471"
"SHAMPOO ELSEVE 400ML COLORVIVE : SHAMPOO ELSEVE 400ML";"7899026417885";"17471"
"SHAMPOO ELSEVE 400ML CACHOS SONHOS : SHAMPOO ELSEVE 400ML";"7899706197649";"17471"
"SHAMPOO ELSEVE 375ML+COND 170ML REP. TOTAL 5 : SHAMPOO ELSEVE 375ML+COND 170ML";"7899706164337";"50661"
"SHAMPOO ELSEVE 375ML+COND 170ML PURE HIALUR. : SHAMPOO ELSEVE 375ML+COND 170ML";"7908615020785";"50661"
"SHAMPOO ELSEVE 375ML+COND 170ML OLEO EXTRAORD. : SHAMPOO ELSEVE 375ML+COND 170ML";"7899706164375";"50661"
"SHAMPOO ELSEVE 375ML+COND 170ML LONGO SONHO : SHAMPOO ELSEVE 375ML+COND 170ML";"7899706175951";"50661"
"SHAMPOO ELSEVE 375ML+COND 170ML HIDRA HIALUR. : SHAMPOO ELSEVE 375ML+COND 170ML";"7899706188302";"50661"
"SHAMPOO ELSEVE 375ML+COND 170ML GLYCO : SHAMPOO ELSEVE 375ML+COND 170ML";"7908615085418";"50661"
"SHAMPOO ELSEVE 375ML+COND 170ML CACHOS SONHOS : SHAMPOO ELSEVE 375ML+COND 170ML";"7899706197687";"50661"
"SHAMPOO ELSEVE 200ML SHAMPOO ELSEVE HIALURONICO 20 : SHAMPOO ELSEVE 200ML";"7899706244121";"29126"
"SHAMPOO ELSEVE 200ML REPAR TOTAL 5 : SHAMPOO ELSEVE 200ML";"7899026459977";"29126"
"SHAMPOO ELSEVE 200ML OLEO EXTR. : SHAMPOO ELSEVE 200ML";"7898587774314";"29126"
"SHAMPOO ELSEVE 200ML OLEO CACHOS : SHAMPOO ELSEVE 200ML";"7899706152105";"29126"
"SHAMPOO ELSEVE 200ML LONGO SONHOS : SHAMPOO ELSEVE 200ML";"7899706170833";"29126"
"SHAMPOO ELSEVE 200ML LISO LIQUID : SHAMPOO ELSEVE 200ML";"7908785461753";"29126"
"SHAMPOO ELSEVE 200ML LISO DESMAIA : SHAMPOO ELSEVE 200ML";"7899706180924";"29126"
"SHAMPOO ELSEVE 200ML HIDR. HIALURON : SHAMPOO ELSEVE 200ML";"7899706187343";"29126"
"SHAMPOO ELSEVE 200ML GLYCOLIC GLOSS : SHAMPOO ELSEVE 200ML";"7908615060385";"29126"
"SHAMPOO ELSEVE 200ML COLORVIVE : SHAMPOO ELSEVE 200ML";"7899026459755";"29126"
"SHAMPOO ELSEVE 200ML CACHOS SONHOS : SHAMPOO ELSEVE 200ML";"7899706197601";"29126"
"SHAMPOO DOVE OLEO NUTRICAO 400ML : SHAMPOO DOVE OLEO NUTRICAO 400ML";"7891150017368";"45296"
"SHAMPOO DOVE BABY 200ML GLICERINADA : SHAMPOO DOVE BABY 200ML";"7891150065307";"37310"
"SHAMPOO DOVE BABY 200ML ENRIQUECIDA : SHAMPOO DOVE BABY 200ML";"7891150025929";"37310"
"SHAMPOO DOVE BABY 200ML ENRIQ/OLEO COCO : SHAMPOO DOVE BABY 200ML";"7891150044555";"37310"
"SHAMPOO DOVE 400ML RITUAL REPAR. : SHAMPOO DOVE 400ML";"7891150050082";"30482"
"SHAMPOO DOVE 400ML RECON. COMPLETA : SHAMPOO DOVE 400ML";"7791293005010";"30482"
"SHAMPOO DOVE 400ML OXIGENIO : SHAMPOO DOVE 400ML";"7891150054455";"30482"
"SHAMPOO DOVE 400ML OLEO MICELAR : SHAMPOO DOVE 400ML";"7891150055162";"30482"
"SHAMPOO DOVE 400ML HIDRA LISO : SHAMPOO DOVE 400ML";"7891150075283";"30482"
"SHAMPOO DOVE 400ML CACHEADOS : SHAMPOO DOVE 400ML";"7891150084483";"30482"
"SHAMPOO DOVE 400ML + COND 200ML HIDRATACAO : SHAMPOO DOVE 400ML + COND 200ML";"7891150095533";"42863"
"SHAMPOO DOVE 350ML+ COND 175ML RITUAL REPAR. : SHAMPOO DOVE 350ML+ COND 175ML";"7891150095250";"68343"
"SHAMPOO DOVE 350ML+ COND 175ML RECONSTRUCAO : SHAMPOO DOVE 350ML+ COND 175ML";"7891150093263";"68343"
"SHAMPOO DOVE 350ML+ COND 175ML OLEO NUTRICAO : SHAMPOO DOVE 350ML+ COND 175ML";"7891150093256";"68343"
"SHAMPOO DOVE 350ML+ COND 175ML CACHEADOS : SHAMPOO DOVE 350ML+ COND 175ML";"7891150090088";"68343"
"SHAMPOO DOVE 350ML BOND INTENSE : SHAMPOO DOVE 350ML";"7891150095588";"69945"
"SHAMPOO DOVE 200ML RECON. COMPLETA : SHAMPOO DOVE 200ML";"7891150008953";"11977"
"SHAMPOO DOVE 200ML OXIGENIO : SHAMPOO DOVE 200ML";"7891150054462";"11977"
"SHAMPOO DOVE 200ML OLEO NUTRICAO : SHAMPOO DOVE 200ML";"7891150017351";"11977"
"SHAMPOO DOVE 175ML BOND INTENSE : SHAMPOO DOVE 175ML";"7891150095571";"69955"
"SHAMPOO DARLING DETOX 350ML DETOX : SHAMPOO DARLING DETOX 350ML";"7509546682600";"64230"
"SHAMPOO DARLING 650ML CERAMIDAS : SHAMPOO DARLING 650ML";"7509546696300";"63363"
"SHAMPOO DARLING 650ML 2 EM 1 : SHAMPOO DARLING 650ML";"7509546673844";"63363"
"SHAMPOO DARLING 350ML TILIA : SHAMPOO DARLING 350ML";"7891024180877";"644"
"SHAMPOO DARLING 350ML CERAMIDAS : SHAMPOO DARLING 350ML";"7891024181072";"644"
"SHAMPOO DARLING 350ML 2 EM 1 : SHAMPOO DARLING 350ML";"7891024182475";"644"
"SHAMPOO CONDICIONADOR PROCAO 500ML ERVA STA MARIA : SHAMPOO CONDICIONADOR PROCAO 500ML";"7897520012131";"36939"
"SHAMPOO CONDICIONADOR PROCAO 500ML 2 EM 1 : SHAMPOO CONDICIONADOR PROCAO 500ML";"7897520009193";"36939"
"SHAMPOO CLEAR WOMEN 200ML HIDRAT. INTENSA : SHAMPOO CLEAR WOMEN 200ML";"7891150008151";"14078"
"SHAMPOO CLEAR WOMEN 200ML DETOX DIARIO : SHAMPOO CLEAR WOMEN 200ML";"7891150055698";"14078"
"SHAMPOO CLEAR MEN ANTICASPA 400ML QUEDA CONTROL : SHAMPOO CLEAR MEN ANTICASPA 400ML";"7891150001268";"29829"
"SHAMPOO CLEAR MEN ANTICASPA 400ML LIMPEZA DIARIA : SHAMPOO CLEAR MEN ANTICASPA 400ML";"7891150014138";"29829"
"SHAMPOO CLEAR MEN ANTICASPA 400ML LIMP. PROFUNDA : SHAMPOO CLEAR MEN ANTICASPA 400ML";"7891150019416";"29829"
"SHAMPOO CLEAR MEN ANTICASPA 400ML ICE COOL MENTH. : SHAMPOO CLEAR MEN ANTICASPA 400ML";"7891150001183";"29829"
"SHAMPOO CLEAR MEN ANTICASPA 400ML CONTR. COCEIRA : SHAMPOO CLEAR MEN ANTICASPA 400ML";"7891150014121";"29829"
"SHAMPOO CLEAR MEN ANTICASPA 200ML QUEDA CONTROL : SHAMPOO CLEAR MEN ANTICASPA 200ML";"7891150001077";"570"
"SHAMPOO CLEAR MEN ANTICASPA 200ML LIMPEZA DIARIA : SHAMPOO CLEAR MEN ANTICASPA 200ML";"7898422746216";"570"
"SHAMPOO CLEAR MEN ANTICASPA 200ML LIMP. PROFUNDA : SHAMPOO CLEAR MEN ANTICASPA 200ML";"7891150019508";"570"
"SHAMPOO CLEAR MEN ANTICASPA 200ML ICE COOL MENTH. : SHAMPOO CLEAR MEN ANTICASPA 200ML";"7891150007406";"570"
"SHAMPOO CLEAR MEN ANTICASPA 200ML HIDRAT. CAMPEA : SHAMPOO CLEAR MEN ANTICASPA 200ML";"7891150099289";"570"
"SHAMPOO CLEAR MEN ANTICASPA 200ML CONTR. COCEIRA : SHAMPOO CLEAR MEN ANTICASPA 200ML";"7891150014107";"570"
"SHAMPOO CLEAR MEN ANTICASPA 200ML CABELO & BARBA : SHAMPOO CLEAR MEN ANTICASPA 200ML";"7891150075276";"570"
"SHAMPOO BARUEL BABY 210ML SUAVE : SHAMPOO BARUEL BABY 210ML";"7896020162698";"7803"
"SHAMPOO BARUEL BABY 210ML SONO TRANQUILO : SHAMPOO BARUEL BABY 210ML";"7896020162711";"7803"
"SHAMPOO BARUEL BABY 210ML CAMOMILA : SHAMPOO BARUEL BABY 210ML";"7896020162704";"7803"
"SHAMPOO 250ML+MASC 250G EUDORA CICA THERAPY : SHAMPOO 250ML+MASC 250G EUDORA";"7891033545988";"69386"
"SHAMPOO 2 EM 1 KITT E KUTT 240ML : SHAMPOO 2 EM 1 KITT E KUTT 240ML";"7898211383660";"65801"
"SHAMPO PROCAO 500ML NEUTRO : SHAMPO PROCAO 500ML";"7897520009124";"36841"
"SHAKEIRA PLASUTIL INFANTIL 580ML UNICORNIO : SHAKEIRA PLASUTIL INFANTIL 580ML";"7896042010083";"31089"
"SHAKEIRA PLASUTIL INFANTIL 580ML MICKEY - 6902 : SHAKEIRA PLASUTIL INFANTIL 580ML";"7896042069029";"31089"
"SHAKEIRA PLASUTIL INFANTIL 320ML REI LEAO : SHAKEIRA PLASUTIL INFANTIL 320ML";"7899808838143";"46173"
"SHAKEIRA PLASUTIL INFANTIL 320ML PATRULHA CANINA : SHAKEIRA PLASUTIL INFANTIL 320ML";"7899808860984";"46173"
"SHAKEIRA PLASUTIL INFANTIL 320ML HOMEM ARANHA : SHAKEIRA PLASUTIL INFANTIL 320ML";"7896042010779";"46173"
"SHAKEIRA PLASUTIL FITNESS 580ML REF. 5706 : SHAKEIRA PLASUTIL FITNESS 580ML";"7896042057064";"38705"
"SHAKEIRA PLASUTIL FITNESS 580ML REF. 15835 : SHAKEIRA PLASUTIL FITNESS 580ML";"7899808852897";"38705"
"SERUM+OLEO SEDA TOQUE DE SEDA 60ML : SERUM+OLEO SEDA TOQUE DE SEDA 60ML";"7891150101753";"74513"
"SERUM TRESEMME 170ML BRILHO LAMELAR : SERUM TRESEMME 170ML";"7891150091276";"60072"
"SERUM TRESEMME 170ML BLINDAGEM ANT. : SERUM TRESEMME 170ML";"7891150100046";"60072"
"SERUM RECONSTRUTOR OX 110ML VITA GLOW : SERUM RECONSTRUTOR OX 110ML";"7908324405101";"73305"
"SERRA DE ACO CARBONO NEDO 2 UNID. REF. 166 : SERRA DE ACO CARBONO NEDO 2 UNID.";"7896619801663";"4863"
"SERINGA BARATICIDA GEL MAXFORMI 10G : SERINGA BARATICIDA GEL MAXFORMI 10G";"7890000000031";"68631"
"SEQUILHOS NAZINHA MAIS FIBRA 120G LIMAO SICILIANO : SEQUILHOS NAZINHA MAIS FIBRA 120G";"7897042701384";"51989"
"SEQUILHOS NAZINHA MAIS FIBRA 120G BAUNILHA : SEQUILHOS NAZINHA MAIS FIBRA 120G";"7897042701360";"51989"
"SEQUILHO NEWBREAD 240G LEITE COND. : SEQUILHO NEWBREAD 240G";"7896998705590";"30567"
"SEQUILHO NEWBREAD 240G COCO : SEQUILHO NEWBREAD 240G";"7896998705545";"30567"
"SEMENTE LINHACA TRITUR. SIAMAR 150G : SEMENTE LINHACA TRITUR. SIAMAR 150G";"7896069582136";"30487"
"SEMENTE LINHACA TRIT NAT LIFE 150G : SEMENTE LINHACA TRIT NAT LIFE 150G";"7896256040579";"1141"
"SEMENTE LINHACA NAT LIFE TRAD. 200G : SEMENTE LINHACA NAT LIFE TRAD. 200G";"7896256040357";"1137"
"SEMENTE LINHACA MARROM ZILIO 200G : SEMENTE LINHACA MARROM ZILIO 200G";"7896280402589";"62366"
"SEMENTE LINHACA DOURADA ZILIO 150G : SEMENTE LINHACA DOURADA ZILIO 150G";"7896280402572";"62365"
"SEMENTE LINHACA DOUR NAT LIFE 200G : SEMENTE LINHACA DOUR NAT LIFE 200G";"7896256041071";"1135"
"SEMENTE LINHACA DOUR NAT LIFE 150G TRITURADA : SEMENTE LINHACA DOUR NAT LIFE 150G";"7896256041088";"18932"
"SEMENTE DE CHIA KODILAR 100G : SEMENTE DE CHIA KODILAR 100G";"7896256041590";"30333"
"SEM PASSAR BABY SOFT 300ML : SEM PASSAR BABY SOFT 300ML";"7896075910879";"68601"
"SELETA MISTA SEARA NATURE 300G : SELETA MISTA SEARA NATURE 300G";"7894904204496";"58113"
"SELETA LEGUMES VAPOR FUGINI LT 170G : SELETA LEGUMES VAPOR FUGINI LT 170G";"7897517209421";"41514"
"SELETA LEGUMES QUERO LATA 170G  : SELETA LEGUMES QUERO LATA 170G";"7896102505016";"2948"
"SELETA LEGUMES PREDILECTA LATA 170G : SELETA LEGUMES PREDILECTA LATA 170G";"7896292347786";"9840"
"SELETA LEGUMES FUGINI SACHE 170G : SELETA LEGUMES FUGINI SACHE 170G";"7897517209674";"35944"
"SELETA LEGUMES FUGINI SACHE 1,7KG  : SELETA LEGUMES FUGINI SACHE 1,7KG";"7897517209711";"63978"
"SELETA LEGUMES ART VERDE BANDEJA : SELETA LEGUMES ART VERDE BANDEJA";"7898945773119";"27169"
"SELETA CONGELADA COPACOL 300G : SELETA CONGELADA COPACOL 300G";"7891527064674";"41265"
"SELETA CONGELADA COPACOL 1,1KG : SELETA CONGELADA COPACOL 1,1KG";"7891527064742";"41278"
"SECANTE FINISH ABRILHANTADO 250ML : SECANTE FINISH ABRILHANTADO 250ML";"7891035023514";"44940"
"SCHWEPPES TONICA LIGHT LATA 350ML : SCHWEPPES TONICA LIGHT LATA 350ML";"7894900360042";"6648"
"SCHWEPPES TONICA LATA 350ML : SCHWEPPES TONICA LATA 350ML";"7894900309836";"28951"
"SCHWEPPES SPRITZ VD 250ML : SCHWEPPES SPRITZ VD 250ML";"7894900184303";"57134"
"SCHWEPPES CITRUS LATA 350ML : SCHWEPPES CITRUS LATA 350ML";"7894900320015";"6649"
"SCHWEPPES CITRUS 1,5L LEVE EM ACUCAR : SCHWEPPES CITRUS 1,5L";"7894900321753";"16920"
"SBP ELETRICO REFIL 45 NOITES 35ML ORIGINAL : SBP ELETRICO REFIL 45 NOITES 35ML";"7891035618239";"7673"
"SBP ELETRICO REFIL 45 NOITES 35ML OLEO CITRONELA : SBP ELETRICO REFIL 45 NOITES 35ML";"7891035618246";"7673"
"SBP ELETRICO REFIL 2UN - 50% DESC. ORIGINAL : SBP ELETRICO REFIL 2UN - 50% DESC.";"7891035618277";"11784"
"SBP ELETRICO REFIL 2UN - 50% DESC. CHEIRO SUAVE : SBP ELETRICO REFIL 2UN - 50% DESC.";"7891035990991";"11784"
"SBP ELETRICO APAR.+REFIL 45 NOITES ORIGINAL : SBP ELETRICO APAR.+REFIL 45 NOITES";"7891035024535";"7677"
"SBP ELETRICO APAR.+REFIL 45 NOITES CHEIRO SUAVE : SBP ELETRICO APAR.+REFIL 45 NOITES";"7891035990984";"7677"
"SBP AEROSOL ULTRA INSETOS RASTEIROS 360ML : SBP AEROSOL ULTRA INSETOS RASTEIROS";"7891035002083";"63767"
"SBP AEROSOL LEVE + PAGUE - 450ML OLEO EUCALIPTO : SBP AEROSOL LEVE + PAGUE - 450ML";"7891035024993";"29742"
"SBP AEROSOL LEVE + PAGUE - 450ML OLEO CITRONELA : SBP AEROSOL LEVE + PAGUE - 450ML";"7891035024894";"29742"
"SBP AEROSOL LEVE + PAGUE - 450ML MULTI INSETIC. : SBP AEROSOL LEVE + PAGUE - 450ML";"7891035617959";"29742"
"SBP AEROSOL LEVE + PAGUE - 450ML ANTI AEDES : SBP AEROSOL LEVE + PAGUE - 450ML";"7891035990922";"29742"
"SBP AEROSOL EMB. ECONOMICA 380ML MULTI INSETIC. : SBP AEROSOL EMB. ECONOMICA 380ML";"7891035618567";"46127"
"SBP AEROSOL EMB. ECONOMICA 380ML EUCALIPTO : SBP AEROSOL EMB. ECONOMICA 380ML";"7891035618543";"46127"
"SBP AEROSOL EMB. ECONOMICA 380ML CITRONELA : SBP AEROSOL EMB. ECONOMICA 380ML";"7891035618550";"46127"
"SBP AEROSOL ANTI AEDES 360ML SEM CHEIRO : SBP AEROSOL ANTI AEDES 360ML";"7891035002458";"66269"
"SBP AEROSOL ACAO MAGNETICA 360ML : SBP AEROSOL ACAO MAGNETICA 360ML";"7891035002670";"67343"
"SAZON SACHE 60G SALADAS - VERDE : SAZON SACHE 60G";"7891132019731";"1347"
"SAZON SACHE 60G SABOR NORDESTE : SAZON SACHE 60G";"7891132001101";"1347"
"SAZON SACHE 60G PIPOCA MANTEIGA : SAZON SACHE 60G";"7891132083053";"1347"
"SAZON SACHE 60G PIPOCA CHURR. : SAZON SACHE 60G";"7891132083060";"1347"
"SAZON SACHE 60G PIPOCA : SAZON SACHE 60G";"7891132082155";"1347"
"SAZON SACHE 60G MASSAS-LARANJA : SAZON SACHE 60G";"7891132019717";"1347"
"SAZON SACHE 60G LIMAO : SAZON SACHE 60G";"7891132008704";"1347"
"SAZON SACHE 60G LEGUMES-AMARELO : SAZON SACHE 60G";"7891132019403";"1347"
"SAZON SACHE 60G FRANGO- VERDE : SAZON SACHE 60G";"7891132019274";"1347"
"SAZON SACHE 60G FEIJAO-MARROM : SAZON SACHE 60G";"7891132019724";"1347"
"SAZON SACHE 60G CARNES-VERMELHO : SAZON SACHE 60G";"7891132019281";"1347"
"SAZON SACHE 60G ARROZ - BRANCO : SAZON SACHE 60G";"7891132000449";"1347"
"SAZON SACHE 60G ALHO : SAZON SACHE 60G";"7891132008698";"1347"
"SAZON SACHE 60G ALECRIM : SAZON SACHE 60G";"7891132008711";"1347"
"SAZON PROFISSIONAL 900G CARNES : SAZON PROFISSIONAL 900G";"7891132001354";"3525"
"SAZON MEU TOQUE TOMATE 23G  : SAZON MEU TOQUE TOMATE 23G";"7891132165445";"70543"
"SAZON MEU TOQUE CASEIRO 32G  : SAZON MEU TOQUE CASEIRO 32G";"7891132165407";"70541"
"SAZON CALDO PROFISSIONAL 1,1KG CARNE : SAZON CALDO PROFISSIONAL 1,1KG";"7891132005840";"30015"
"SAZON CALDO PO 32,5G PICANHA/ALHO : SAZON CALDO PO 32,5G";"7891132110261";"30014"
"SAZON CALDO PO 32,5G LEGUMES : SAZON CALDO PO 32,5G";"7891132110247";"30014"
"SAZON CALDO PO 32,5G GALINHA : SAZON CALDO PO 32,5G";"7891132110230";"30014"
"SAZON CALDO PO 32,5G COSTELA : SAZON CALDO PO 32,5G";"7891132110223";"30014"
"SAZON CALDO PO 32,5G CARNE : SAZON CALDO PO 32,5G";"7891132110216";"30014"
"SAZON CALDO PO 32,5G CAMARAO : SAZON CALDO PO 32,5G";"7891132110193";"30014"
"SAZON CALDO PO 32,5G BACON DEFUMADO : SAZON CALDO PO 32,5G";"7891132110186";"30014"
"SARDINHA INTEIRA COPACOL IQF 800G  : SARDINHA INTEIRA COPACOL IQF 800G";"7891527055146";"31506"
"SARDINHA GOMES DA COSTA 250G TOMATE : SARDINHA GOMES DA COSTA 250G";"7891167036888";"3185"
"SARDINHA GOMES DA COSTA 250G OLEO : SARDINHA GOMES DA COSTA 250G";"7891167036871";"3185"
"SARDINHA GOMES DA COSTA 125G TOMATE PICANTE : SARDINHA GOMES DA COSTA 125G";"7891167021075";"3034"
"SARDINHA GOMES DA COSTA 125G TOMATE : SARDINHA GOMES DA COSTA 125G";"7891167021020";"3034"
"SARDINHA GOMES DA COSTA 125G LIMAO : SARDINHA GOMES DA COSTA 125G";"7891167021037";"3034"
"SARDINHA GOMES DA COSTA 125G ERVAS : SARDINHA GOMES DA COSTA 125G";"7891167021082";"3034"
"SARDINHA GOMES DA COSTA 125G DEFUMADO : SARDINHA GOMES DA COSTA 125G";"7891167021105";"3034"
"SARDINHA GOMES DA COSTA 125G COM OLEO : SARDINHA GOMES DA COSTA 125G";"7891167021013";"3034"
"SARDINHA EVISCERADA IGLU 800G : SARDINHA EVISCERADA IGLU 800G";"7898937200210";"8468"
"SARDINHA EVISCERADA COPACOL 800G  : SARDINHA EVISCERADA COPACOL 800G";"7891527055122";"31571"
"SARDINHA ESPALMADA IGLU 800G : SARDINHA ESPALMADA IGLU 800G";"7898937200289";"67149"
"SARDINHA COQUEIRO 125G TOMATE : SARDINHA COQUEIRO 125G";"7896009301063";"958"
"SARDINHA COQUEIRO 125G OLEO : SARDINHA COQUEIRO 125G";"7896009301049";"958"
"SAQUINHO GELADINHO JUNCO 4X23CM 100UN : SAQUINHO GELADINHO JUNCO 4X23CM";"7896523100838";"49632"
"SAQUE KYODAI 750ML : SAQUE KYODAI 750ML";"7896731301461";"36511"
"SAPONACEO ZIP SPRAY 300ML : SAPONACEO ZIP SPRAY 300ML";"7898567703365";"65982"
"SAPONACEO CREMOSO YPE 300ML ORIGINAL : SAPONACEO CREMOSO YPE 300ML";"7896098904336";"17168"
"SAPOLIO RADIUM PEDRA 200G CLASSICO : SAPOLIO RADIUM PEDRA 200G";"7891022851434";"54"
"SAPOLIO RADIUM CREMOSO 250ML LIMAO : SAPOLIO RADIUM CREMOSO 250ML";"7891022861051";"52245"
"SAPOLIO RADIUM CREMOSO 250ML LAVANDA : SAPOLIO RADIUM CREMOSO 250ML";"7891022861068";"52245"
"SAPOLIO RADIUM CREMOSO 250ML CLORO ATIVO : SAPOLIO RADIUM CREMOSO 250ML";"7891022861075";"52245"
"SAPOLIO RADIUM CREMOSO 250ML CLASSICO : SAPOLIO RADIUM CREMOSO 250ML";"7891022861044";"52245"
"SAPOLIO EM PO RADIUM 300G LIMAO : SAPOLIO EM PO RADIUM 300G";"7891022851366";"17669"
"SAPOLIO EM PO RADIUM 300G LAVANDA : SAPOLIO EM PO RADIUM 300G";"7891022852691";"17669"
"SAPOLIO EM PO RADIUM 300G CLORO : SAPOLIO EM PO RADIUM 300G";"7891022851359";"17669"
"SAPOLIO EM PO RADIUM 300G CLASSICO : SAPOLIO EM PO RADIUM 300G";"7891022852707";"17669"
"SANDUICHEIRA PLASUTIL INF. : SANDUICHEIRA PLASUTIL INF.";"7899808865781";"39619"
"SAMAMBAIA AMERICANA C21 : SAMAMBAIA AMERICANA C21";"7896553664829";"35561"
"SALSICHA UNIAO KG : SALSICHA UNIAO KG";"190";"2591"
"SALSICHA TIPO VIENA BORDON 180G LATA : SALSICHA TIPO VIENA BORDON 180G";"7896031232083";"3029"
"SALSICHA TIPO VIENA ANGLO LATA 180G : SALSICHA TIPO VIENA ANGLO LATA 180G";"7899567245220";"3030"
"SALSICHA SEARA DEF. AIR FRYER 250G : SALSICHA SEARA DEF. AIR FRYER 250G";"7894904546213";"74237"
"SALSICHA HOT DOG SEARA KG : SALSICHA HOT DOG SEARA KG";"7894904572465";"28932"
"SALSICHA HOT DOG SEARA 500G : SALSICHA HOT DOG SEARA 500G";"7894904005482";"10339"
"SALSICHA HOT DOG SADIA 500G - 10UN  : SALSICHA HOT DOG SADIA 500G - 10UN";"7893000135529";"2027"
"SALSICHA HOT DOG RESFRI CONFINA 1KG  : SALSICHA HOT DOG RESFRI CONFINA 1KG";"7898272611047";"74676"
"SALSICHA HOT DOG RESF.SEARA PCT 3KG : SALSICHA HOT DOG RESF.SEARA PCT 3KG";"7894904726950";"74606"
"SALSICHA HOT DOG PERDIGAO KG  : SALSICHA HOT DOG PERDIGAO KG";"7891515220983";"2588"
"SALSICHA HOT DOG AURORA 500G : SALSICHA HOT DOG AURORA 500G";"7891164016074";"39129"
"SALSICHA BOLINHA UNIAO KG : SALSICHA BOLINHA UNIAO KG";"7898902924035";"2584"
"SALSICHA A VINAGRETE UNIAO 400G : SALSICHA A VINAGRETE UNIAO 400G";"7898902924141";"8509"
"SALSA DESIDRATADA ZILIO 7G : SALSA DESIDRATADA ZILIO 7G";"7896280400653";"9254"
"SALSA DESIDRATADA SIAMAR 10G : SALSA DESIDRATADA SIAMAR 10G";"7896069547821";"1436"
"SALPICAO KG : SALPICAO KG";"579";"5003"
"SALGADINHOS MISTO KG : SALGADINHOS MISTO KG";"1464";"2987"
"SALGADINHOS FABITOS BOLINHA 100G CALABRESA : SALGADINHOS FABITOS BOLINHA 100G";"7896481033384";"1671"
"SALGADINHOS FABITOS BOLINHA 100G BACON : SALGADINHOS FABITOS BOLINHA 100G";"7896481033377";"1671"
"SALGADINHOS FABITOS 90G QUEIJO : SALGADINHOS FABITOS 90G";"7896481033346";"30825"
"SALGADINHOS FABITOS 90G PRESUNTO : SALGADINHOS FABITOS 90G";"7896481033391";"30825"
"SALGADINHOS FABITOS 90G PIZZA : SALGADINHOS FABITOS 90G";"7896481033360";"30825"
"SALGADINHOS FABITOS 90G CHURRASCO : SALGADINHOS FABITOS 90G";"7896481056550";"30825"
"SALGADINHOS FABITOS 90G CEBOLA E SALSA : SALGADINHOS FABITOS 90G";"7896481033353";"30825"
"SALGADINHOS FABITOS 90G BACON : SALGADINHOS FABITOS 90G";"7896481033339";"30825"
"SALGADINHO TORCIDA 35G VINAGRETE : SALGADINHO TORCIDA 35G";"7892840822545";"44814"
"SALGADINHO TORCIDA 35G COSTELINHA/LIM. : SALGADINHO TORCIDA 35G";"7892840822484";"44814"
"SALGADINHO TORCIDA 35G CHURRASCO : SALGADINHO TORCIDA 35G";"7892840822477";"44814"
"SALGADINHO TORCIDA 35G BACON : SALGADINHO TORCIDA 35G";"7892840822422";"44814"
"SALGADINHO TAKIS 56G HOT CHILLI : SALGADINHO TAKIS 56G";"7896002311762";"68681"
"SALGADINHO TAKIS 56G FUEGO : SALGADINHO TAKIS 56G";"7896002311748";"68681"
"SALGADINHO STIKSY 160G : SALGADINHO STIKSY 160G";"7892840822613";"69074"
"SALGADINHO SORTIDO FABITOS 35G 6UN : SALGADINHO SORTIDO FABITOS 35G 6UN";"7896481022357";"30828"
"SALGADINHO SNACKS SIAMAR 70G CHURRASCO : SALGADINHO SNACKS SIAMAR 70G";"7896069576005";"50741"
"SALGADINHO SNACKS SIAMAR 70G CEBOLA E SALSA : SALGADINHO SNACKS SIAMAR 70G";"7896069575954";"50741"
"SALGADINHO SNACKS SIAMAR 70G BACON : SALGADINHO SNACKS SIAMAR 70G";"7896069575947";"50741"
"SALGADINHO PINGO D'OURO 160G BACON : SALGADINHO PINGO D'OURO 160G";"7892840823108";"69072"
"SALGADINHO PANCO BISNACK 80G LEMON PEPPER : SALGADINHO PANCO BISNACK 80G";"7891203069559";"36379"
"SALGADINHO PANCO BISNACK 80G COSTELA BAFO : SALGADINHO PANCO BISNACK 80G";"7891203069528";"36379"
"SALGADINHO PANCO BISNACK 80G CHURRASCO : SALGADINHO PANCO BISNACK 80G";"7891203060082";"36379"
"SALGADINHO PANCO BISNACK 80G CEBOLA : SALGADINHO PANCO BISNACK 80G";"7891203060051";"36379"
"SALGADINHO PANCO BISNACK 80G BACON : SALGADINHO PANCO BISNACK 80G";"7891203063182";"36379"
"SALGADINHO LANCHINHO ELMACHIPS 98G SORTIDOS : SALGADINHO LANCHINHO ELMACHIPS 98G";"7892840818296";"4631"
"SALGADINHO FANDANGOS 37G QUEIJO : SALGADINHO FANDANGOS 37G";"7892840821159";"60746"
"SALGADINHO FANDANGOS 37G PRESUNTO : SALGADINHO FANDANGOS 37G";"7892840821166";"60746"
"SALGADINHO FANDANGOS 105G QUEIJO : SALGADINHO FANDANGOS 105G";"7892840822897";"69124"
"SALGADINHO FANDANGOS 105G PRESUNTO : SALGADINHO FANDANGOS 105G";"7892840822880";"69124"
"SALGADINHO DORITOS MOSTARDA 110G : SALGADINHO DORITOS MOSTARDA 110G";"7892840823764";"71662"
"SALGADINHO DORITOS KETCHUP 110G : SALGADINHO DORITOS KETCHUP 110G";"7892840823771";"71663"
"SALGADINHO DORITOS DINAMITA 60G PIMENTA MEXIC. : SALGADINHO DORITOS DINAMITA 60G";"7892840823481";"69990"
"SALGADINHO DORITOS 75G QUEIJO NACHO : SALGADINHO DORITOS 75G";"7892840822347";"69130"
"SALGADINHO DORITOS 60G FLAMIN HOT : SALGADINHO DORITOS 60G";"7892840822378";"69500"
"SALGADINHO DORITOS 37G QUEIJO NACHO : SALGADINHO DORITOS 37G";"7892840822408";"69068"
"SALGADINHO DORITOS 37G KETCHUP : SALGADINHO DORITOS 37G";"7892840823610";"69068"
"SALGADINHO DORITOS 300G QUEIJO NACHO : SALGADINHO DORITOS 300G";"7892840818357";"23793"
"SALGADINHO DORITOS 210G QUEIJO NACHO : SALGADINHO DORITOS 210G";"7892840817916";"1604"
"SALGADINHO DORITOS 120G : SALGADINHO DORITOS 120G";"7892840822446";"69132"
"SALGADINHO CHEETOS ONDA 45G REQUEIJAO : SALGADINHO CHEETOS ONDA 45G";"7892840824044";"41911"
"SALGADINHO CHEETOS ONDA 105G REQUEIJAO : SALGADINHO CHEETOS ONDA 105G";"7892840823467";"69128"
"SALGADINHO CHEETOS MIX 82G QUEIJOS : SALGADINHO CHEETOS MIX 82G";"7892840822316";"69071"
"SALGADINHO CHEETOS MIX 41G : SALGADINHO CHEETOS MIX 41G";"7892840824068";"59675"
"SALGADINHO CHEETOS LUA 95G PARMESAO : SALGADINHO CHEETOS LUA 95G";"7892840822514";"69073"
"SALGADINHO CHEETOS LUA 40G PARMESAO : SALGADINHO CHEETOS LUA 40G";"7892840824051";"59565"
"SALGADINHO CHEETOS BOLA 37G QUEIJO SUICO : SALGADINHO CHEETOS BOLA 37G";"7892840824075";"11818"
"SALGADINHO CEBOLITOS 91G : SALGADINHO CEBOLITOS 91G";"7892840822804";"69451"
"SALGADINHO CEBOLITOS 36G : SALGADINHO CEBOLITOS 36G";"7892840822255";"69452"
"SALGADINHO CASEIRINHO 120G PIMENTA : SALGADINHO CASEIRINHO 120G";"7898420000235";"51378"
"SALGADINHO CASEIRINHO 120G CHURRASCO : SALGADINHO CASEIRINHO 120G";"7898420000259";"51378"
"SALGADINHO CASEIRINHO 120G CALABRESA : SALGADINHO CASEIRINHO 120G";"7898420000242";"51378"
"SALGADINHO CASEIRINHO 120G BACON : SALGADINHO CASEIRINHO 120G";"7898420000228";"51378"
"SALGADINHO BACONZITOS 86G : SALGADINHO BACONZITOS 86G";"7892840822774";"69127"
"SALGADINHO BACONZITOS 34G : SALGADINHO BACONZITOS 34G";"7892840823450";"69126"
"SALGADINHO BACON BITS FABITOS 90G : SALGADINHO BACON BITS FABITOS 90G";"7896481033490";"47946"
"SALGADINHO BACON BITS FABITOS 58G : SALGADINHO BACON BITS FABITOS 58G";"7896481056796";"47948"
"SALGADINHO BACON BITS FABITOS 180G : SALGADINHO BACON BITS FABITOS 180G";"7896481022340";"47947"
"SALEIRO SANTANA CLEAR ACRILICO : SALEIRO SANTANA CLEAR ACRILICO";"7896355700558";"49313"
"SALEIRO RUBI NITRON : SALEIRO RUBI NITRON";"7896779600908";"22050"
"SALEIRO PLASUTIL 100ML 100ML : SALEIRO PLASUTIL 100ML";"7896042026053";"50843"
"SALEIRO E PALITEIRO PLASUTIL TWIST 15530 : SALEIRO E PALITEIRO PLASUTIL TWIST";"7899808855546";"64900"
"SALAMITOS PETISCO SADIA 36G TRADICIONAL : SALAMITOS PETISCO SADIA 36G";"7891515437015";"46386"
"SALAMITOS PETISCO SADIA 36G SWEET CHILII : SALAMITOS PETISCO SADIA 36G";"7891515549527";"46386"
"SALAMITOS PETISCO SADIA 36G PEPPERONI : SALAMITOS PETISCO SADIA 36G";"7891515479558";"46386"
"SALAMITOS PETISCO SADIA 36G LIMAO : SALAMITOS PETISCO SADIA 36G";"7891515479541";"46386"
"SALAMINHO SADIA KG  : SALAMINHO SADIA KG";"7893000520356";"2579"
"SALAME SEARA GOURMET FATIADO 80G ALHO NEGRO : SALAME SEARA GOURMET FATIADO 80G";"7894904297078";"74858"
"SALAME SEARA GOUR. COM VINHO 160G : SALAME SEARA GOUR. COM VINHO 160G";"7894904296996";"74856"
"SALAME SEARA GOUR. ALHO NEGRO 160G : SALAME SEARA GOUR. ALHO NEGRO 160G";"7894904297009";"74855"
"SALAME SADIA ITALIANO KG : SALAME SADIA ITALIANO KG";"1463";"2547"
"SALAME ITALIANO SEARA FATIADO 100G  : SALAME ITALIANO SEARA FATIADO 100G";"7894904555659";"2575"
"SALAME ITALIANO SADIA FATIADO 100G  : SALAME ITALIANO SADIA FATIADO 100G";"7893000290259";"2025"
"SALAME ITALIANO PEQUENO SEARA KG  : SALAME ITALIANO PEQUENO SEARA KG";"7894904706983";"30928"
"SALAME ITALIANO GRANDE SEARA KG  : SALAME ITALIANO GRANDE SEARA KG";"7894904706976";"11262"
"SALAME ITALIANO CERATTI FAT 100G : SALAME ITALIANO CERATTI FAT 100G";"7898618520750";"59670"
"SALAME HAMBURGUES SEARA KG  : SALAME HAMBURGUES SEARA KG";"4941";"37186"
"SALAME HAMBURGUES SEARA BDJ KG : SALAME HAMBURGUES SEARA BDJ KG";"6543";"52092"
"SALAME HAMBURGUES SEARA 100G  : SALAME HAMBURGUES SEARA 100G";"7894904211234";"67733"
"SALAME HAMBURGUES SADIA 100G  : SALAME HAMBURGUES SADIA 100G";"7893000289758";"15209"
"SALAME FATIADO PERDIGAO PT 100G : SALAME FATIADO PERDIGAO PT 100G";"7891515490218";"48988"
"SALAME FATIADO AURORA 100G : SALAME FATIADO AURORA 100G";"7891164006204";"32783"
"SALADA VERAO KG : SALADA VERAO KG";"1356";"5582"
"SALADA TROPICAL ART VERDE BANDEJA : SALADA TROPICAL ART VERDE BANDEJA";"7898945773010";"25419"
"SALADA SABOROSA ART VERDE BANDEJA : SALADA SABOROSA ART VERDE BANDEJA";"7898945773041";"25020"
"SALADA MISTA KG : SALADA MISTA KG";"1062";"3155"
"SALADA MARROQUINA KG : SALADA MARROQUINA KG";"2334";"12668"
"SALADA DE VAGEM COM CENOURA KG : SALADA DE VAGEM COM CENOURA KG";"1763";"5919"
"SALADA DE QUIABO KG : SALADA DE QUIABO KG";"575";"5001"
"SALADA DE OVO DE CODORNA KG : SALADA DE OVO DE CODORNA KG";"4644";"35231"
"SALADA DE MANDIOCA KG : SALADA DE MANDIOCA KG";"574";"6645"
"SALADA DE MACARRAO KG : SALADA DE MACARRAO KG";"1399";"11062"
"SALADA DE LEGUMES KG : SALADA DE LEGUMES KG";"1074";"5021"
"SALADA DE GRAO DE BICO KG : SALADA DE GRAO DE BICO KG";"627";"7096"
"SALADA DE CHUCHU KG : SALADA DE CHUCHU KG";"692";"5013"
"SALADA DE CENOURA KG : SALADA DE CENOURA KG";"1394";"11059"
"SALADA DE BETERRABA KG : SALADA DE BETERRABA KG";"1736";"5914"
"SALADA DE BATATA KG : SALADA DE BATATA KG";"2921";"18508"
"SALADA DE ATUM GOMES DA COSTA 150G BATATA DOCE/AZ. : SALADA DE ATUM GOMES DA COSTA 150G";"7891167014039";"9838"
"SALADA DE ATUM GOMES DA COSTA 150G BATATA : SALADA DE ATUM GOMES DA COSTA 150G";"7891167014008";"9838"
"SALADA COLORIDA ART VERDE BANDEJA : SALADA COLORIDA ART VERDE BANDEJA";"7898945773065";"25021"
"SALADA BROCOLIS E COUVE FLOR KG : SALADA BROCOLIS E COUVE FLOR KG";"1773";"5959"
"SAL ROSA HIMALAIA NATURAL LIFE 500G : SAL ROSA HIMALAIA NATURAL LIFE 500G";"7896256042399";"44914"
"SAL ROSA HIMALAIA NAT.LIFE 100G COM MOEDOR : SAL ROSA HIMALAIA NAT.LIFE 100G";"7896256042252";"40636"
"SAL ROSA HIMALAIA NAT. LIFE 500G  : SAL ROSA HIMALAIA NAT. LIFE 500G";"7896256042375";"42771"
"SAL REFINADO MOC 1KG IODADO : SAL REFINADO MOC 1KG";"7896100013018";"1932"
"SAL REFINADO FINO SAL 1KG : SAL REFINADO FINO SAL 1KG";"7898921282215";"33179"
"SAL REFINADO CISNE TRADICIONAL 1KG : SAL REFINADO CISNE TRADICIONAL 1KG";"7896035210001";"4442"
"SAL PARRILLA SOETO 500G ALHO : SAL PARRILLA SOETO 500G";"7898278402762";"67195"
"SAL MARINHO NATURAL LIFE 1KG : SAL MARINHO NATURAL LIFE 1KG";"7896256040302";"22128"
"SAL HIMALAIA MOIDO SIAMAR 500G : SAL HIMALAIA MOIDO SIAMAR 500G";"7896069575657";"44840"
"SAL GROSSO PICANHA GRILL 1KG : SAL GROSSO PICANHA GRILL 1KG";"7898280080156";"30768"
"SAL GROSSO CISNE CHURRASCO 1KG : SAL GROSSO CISNE CHURRASCO 1KG";"7896035210018";"1928"
"SAL DE PARRILLA SIAMAR 420G PIMENTA REINO : SAL DE PARRILLA SIAMAR 420G";"7896069576685";"56609"
"SAL DE PARRILLA SIAMAR 420G CHIMICHURRI : SAL DE PARRILLA SIAMAR 420G";"7896069576500";"56609"
"SAL DE PARRILLA MARCON GOURMET 500G PIMENTA : SAL DE PARRILLA MARCON GOURMET 500G";"0618341862999";"66140"
"SAL DE PARRILLA MARCON GOURMET 500G DEFUMADO : SAL DE PARRILLA MARCON GOURMET 500G";"0618341862951";"66140"
"SAL DE PARRILLA MARCON GOURMET 500G CHIMICHURRI : SAL DE PARRILLA MARCON GOURMET 500G";"0618341862975";"66140"
"SAL DE PARRILLA MARCON GOURMET 500G ARGENTINO : SAL DE PARRILLA MARCON GOURMET 500G";"0618341862937";"66140"
"SAL DE PARRILLA MARCON GOURMET 500G ALHO : SAL DE PARRILLA MARCON GOURMET 500G";"0618341862944";"66140"
"SAL DE PARRILLA GOURMET SIAMAR 500G : SAL DE PARRILLA GOURMET SIAMAR 500G";"7896069576494";"55763"
"SAL CISNE LIGHT 500G : SAL CISNE LIGHT 500G";"7896035210087";"993"
"SAL AMONIACO ZILIO 40G : SAL AMONIACO ZILIO 40G";"7896280400363";"1414"
"SAGU ZILIO 500G TIPO 1 : SAGU ZILIO 500G";"7896280400530";"1504"
"SAGU DR. OETKER 250G UVA : SAGU DR. OETKER 250G";"7891048064030";"1223"
"SAGU DR. OETKER 250G MORANGO : SAGU DR. OETKER 250G";"7891048064023";"1223"
"SACOS PARA FAZER GELO BRICOFLEX 10UN : SACOS PARA FAZER GELO BRICOFLEX";"7898608575661";"64351"
"SACO ZIP MAJIPACK NEW BAG GRANDE 30 X 8CM 06UN : SACO ZIP MAJIPACK NEW BAG GRANDE";"7898221195321";"63399"
"SACO XADREZ MULTBOM : SACO XADREZ MULTBOM";"7894868001667";"41857"
"SACO XADREZ ALGODAO 65X44CM  : SACO XADREZ ALGODAO 65X44CM";"7891187063918";"6145"
"SACO PLAST. GELADINHO FESTMIL 100UN : SACO PLAST. GELADINHO FESTMIL 100UN";"7896619856472";"40838"
"SACO PIPOCA IMPRESSO JUNCO Nº3 50UN IMPRESSO : SACO PIPOCA IMPRESSO JUNCO Nº3 50UN";"7896523113531";"63930"
"SACO PIPOCA BRANCO JUNCO Nº3 50UN 7,5X13,5CM : SACO PIPOCA BRANCO JUNCO Nº3 50UN";"7896523113524";"49629"
"SACO PARA ALIMENTOS BRICOFLEX 5L COM 50 UNIDADES : SACO PARA ALIMENTOS BRICOFLEX 5L";"7898608572967";"63388"
"SACO PARA ALIMENTOS BRICOFLEX 3L C/ 50 UNIDADES : SACO PARA ALIMENTOS BRICOFLEX 3L";"7898608572950";"63394"
"SACO MINI HOT DOG JUNCO 50UN 14X9CM : SACO MINI HOT DOG JUNCO 50UN";"7896523113562";"52392"
"SACO LIXO ZANLIX 50L : SACO LIXO ZANLIX";"7895608903500";"45592"
"SACO LIXO ZANLIX 30L : SACO LIXO ZANLIX";"7895608903302";"45592"
"SACO LIXO ZANLIX 15L : SACO LIXO ZANLIX";"7895608903203";"45592"
"SACO LIXO ZANLIX 100L : SACO LIXO ZANLIX";"7895608903104";"45592"
"SACO LIXO LIDERLIX REFORCADO JUMBO 50L - 25 UNID. : SACO LIXO LIDERLIX REFORCADO JUMBO";"7898143350334";"8648"
"SACO LIXO LIDERLIX REFORCADO JUMBO 30L - 30 UNID. : SACO LIXO LIDERLIX REFORCADO JUMBO";"7898143350358";"8648"
"SACO LIXO LIDERLIX REFORCADO JUMBO 100L - 15 UNID. : SACO LIXO LIDERLIX REFORCADO JUMBO";"7898958366049";"8648"
"SACO LIXO LIDERLIX REFORCADO 50L - 10 UNID. : SACO LIXO LIDERLIX REFORCADO";"7898965225025";"265"
"SACO LIXO LIDERLIX REFORCADO 30L - 10 UNID. : SACO LIXO LIDERLIX REFORCADO";"7898965225032";"265"
"SACO LIXO LIDERLIX REFORCADO 100L - 5 UNID. : SACO LIXO LIDERLIX REFORCADO";"7898965225018";"265"
"SACO LIXO ESFRELUX 50L - 30 UNID. : SACO LIXO ESFRELUX";"7896314709073";"53342"
"SACO LIXO EMBALAR ROLL COZINHA/BANH 100UN : SACO LIXO EMBALAR ROLL COZINHA/BANH";"7896492409734";"48875"
"SACO LIXO EMBALAR ROLL AZUL 50L - 40UN : SACO LIXO EMBALAR ROLL AZUL";"7896492409994";"70783"
"SACO LIXO EMBALAR ROLL AZUL 30L - 50UN : SACO LIXO EMBALAR ROLL AZUL";"7896492409987";"70783"
"SACO LIXO EMBALAR ROLL AZUL 100L - 20UN : SACO LIXO EMBALAR ROLL AZUL";"7896492410006";"70783"
"SACO LIXO EMBALAR ROLL 50L - 40UN : SACO LIXO EMBALAR ROLL";"7896492409871";"48873"
"SACO LIXO EMBALAR ROLL 30L - 50UN : SACO LIXO EMBALAR ROLL";"7896492409864";"48873"
"SACO LIXO EMBALAR ROLL 15L - 80UN : SACO LIXO EMBALAR ROLL";"7896492409857";"48873"
"SACO LIXO EMBALAR ROLL 100L - 20UN : SACO LIXO EMBALAR ROLL";"7896492409888";"48873"
"SACO LIXO EMBALAR FORTAO 50L - 10 SACOS : SACO LIXO EMBALAR FORTAO";"7898994075752";"48874"
"SACO LIXO EMBALAR FORTAO 30L - 10 SACOS : SACO LIXO EMBALAR FORTAO";"7898994075745";"48874"
"SACO LIXO EMBALAR FORTAO 15L - 20 SACOS : SACO LIXO EMBALAR FORTAO";"7898994075738";"48874"
"SACO LIXO EMBALAR FORTAO 100L - 5 SACOS : SACO LIXO EMBALAR FORTAO";"7898994075769";"48874"
"SACO FREEZER BRICOFLEX 27X31CM 8 UNIDADES : SACO FREEZER BRICOFLEX 27X31CM";"7898608572974";"63386"
"SACO CRU SILVA ROCHA 80X55CM : SACO CRU SILVA ROCHA 80X55CM";"7891954000139";"37555"
"SACO CRU MULTBOM : SACO CRU MULTBOM";"7898310440028";"41860"
"SACO ALVEJADO PEQUENO MULTBOM : SACO ALVEJADO PEQUENO MULTBOM";"7894868000547";"41858"
"SACO ALVEJADO MULTBOM : SACO ALVEJADO MULTBOM";"7897486833337";"8635"
"SACO ALVEJADO EXTRA LIMP LAR 49X76CM PINTURA : SACO ALVEJADO EXTRA LIMP LAR";"7898571160048";"9823"
"SACO ALVEJADO ESPECIAL MULTBOM : SACO ALVEJADO ESPECIAL MULTBOM";"7897486800322";"41859"
"SACO ALVEJADO ACAPULCO 63X42CM : SACO ALVEJADO ACAPULCO 63X42CM";"7891954000078";"5987"
"SACO ALVEJADO 80X50CM : SACO ALVEJADO 80X50CM";"7891954000085";"6295"
"SACA ROLHA STARHOUSE INOX MENDONZA  : SACA ROLHA STARHOUSE INOX MENDONZA";"7899653780871";"40329"
"SACA ROLHA MIMO AZ9182 : SACA ROLHA MIMO AZ9182";"7898452508938";"66979"
"SABONETEIRA RICCA : SABONETEIRA RICCA";"7897517933012";"71904"
"SABONETEIRA PLASUTIL INF. C/ TAMPA REF. 8430 : SABONETEIRA PLASUTIL INF. C/ TAMPA";"7896042084305";"29066"
"SABONETEIRA PLASUTIL BLEND 15615 : SABONETEIRA PLASUTIL BLEND";"7899808855768";"67114"
"SABONETEIRA C\ESCORREDOR JAGUAR UN REF:605 : SABONETEIRA C\ESCORREDOR JAGUAR UN";"7896952506058";"7924"
"SABONETE YPE ACTION ANTIBACT. 85G ORIGINAL : SABONETE YPE ACTION ANTIBACT. 85G";"7896098909652";"53853"
"SABONETE YPE ACTION ANTIBACT. 85G CARVAO DETOX : SABONETE YPE ACTION ANTIBACT. 85G";"7896098908136";"53853"
"SABONETE YPE ACTION ANT REFIL 200ML ORIGINAL : SABONETE YPE ACTION ANT REFIL 200ML";"7896098908006";"68520"
"SABONETE VULT INTIMO 200ML CONFORTO : SABONETE VULT INTIMO 200ML";"7899852023854";"68725"
"SABONETE VULT HIDRALURONIC 200ML FRESCOR : SABONETE VULT HIDRALURONIC 200ML";"7899852023861";"68724"
"SABONETE VULT HIDRALURONIC 200ML CONFORTO : SABONETE VULT HIDRALURONIC 200ML";"7899852023892";"68724"
"SABONETE SANOL DOG 90G CITRONELA : SABONETE SANOL DOG 90G";"7896183311360";"333"
"SABONETE REXONA 84G - 6UN LIMP. PROFUNDA : SABONETE REXONA 84G - 6UN";"7891150068551";"53381"
"SABONETE REXONA 84G - 6UN ANTIBAC. FRESH : SABONETE REXONA 84G - 6UN";"7891150067172";"53381"
"SABONETE PROTEX REFIL 200ML VITAMINA E : SABONETE PROTEX REFIL 200ML";"7891024027257";"38176"
"SABONETE PROTEX REFIL 200ML ERVA DOCE : SABONETE PROTEX REFIL 200ML";"7891024027325";"38176"
"SABONETE PROTEX REFIL 200ML BALANCE : SABONETE PROTEX REFIL 200ML";"7891024027226";"38176"
"SABONETE PROTEX INTIMO REFIL 140ML DELICATE CARE : SABONETE PROTEX INTIMO REFIL 140ML";"7891024037706";"50890"
"SABONETE PROTEX INTIMO L200 P150ML FRESH EQUILIBR. : SABONETE PROTEX INTIMO L200 P150ML";"7891024033418";"37731"
"SABONETE PROTEX INTIMO L200 P150ML DELICATE CARE : SABONETE PROTEX INTIMO L200 P150ML";"7891024024003";"37731"
"SABONETE PROTEX INTIMO 85G DELICATE CARE : SABONETE PROTEX INTIMO 85G";"7891024037348";"49972"
"SABONETE PROTEX FOR MEN 85G 3 EM 1 : SABONETE PROTEX FOR MEN 85G";"7891024035320";"30671"
"SABONETE PROTEX BABY REFIL 380ML LAVANDA : SABONETE PROTEX BABY REFIL 380ML";"7509546687841";"57563"
"SABONETE PROTEX BABY REFIL 180ML LAVANDA : SABONETE PROTEX BABY REFIL 180ML";"7509546687865";"57561"
"SABONETE PROTEX BABY 400ML LAVANDA : SABONETE PROTEX BABY 400ML";"7509546687896";"57572"
"SABONETE PROTEX BABY 200ML LAVANDA : SABONETE PROTEX BABY 200ML";"7509546687902";"57562"
"SABONETE PROTEX 85G VITAMINA E : SABONETE PROTEX 85G";"7891024035139";"48000"
"SABONETE PROTEX 85G SUAVE : SABONETE PROTEX 85G";"7891024034941";"48000"
"SABONETE PROTEX 85G MACADAMIA : SABONETE PROTEX 85G";"7891024035214";"48000"
"SABONETE PROTEX 85G LEVE 6 PAGUE - VITAMINA E : SABONETE PROTEX 85G LEVE 6 PAGUE -";"7891024035528";"29780"
"SABONETE PROTEX 85G LEVE 6 PAGUE - MACADAMIA : SABONETE PROTEX 85G LEVE 6 PAGUE -";"7891024035535";"29780"
"SABONETE PROTEX 85G LEVE 6 PAGUE - LIMP. PROFUNDA : SABONETE PROTEX 85G LEVE 6 PAGUE -";"7891024035511";"29780"
"SABONETE PROTEX 85G LEVE 6 PAGUE - FRESH : SABONETE PROTEX 85G LEVE 6 PAGUE -";"7509546695792";"29780"
"SABONETE PROTEX 85G LEVE 6 PAGUE - CARVAO DETOX : SABONETE PROTEX 85G LEVE 6 PAGUE -";"7509546678870";"29780"
"SABONETE PROTEX 85G LEVE 6 PAGUE - BALANCE : SABONETE PROTEX 85G LEVE 6 PAGUE -";"7891024035559";"29780"
"SABONETE PROTEX 85G LEVE 6 PAGUE - AVEIA : SABONETE PROTEX 85G LEVE 6 PAGUE -";"7891024113608";"29780"
"SABONETE PROTEX 85G FRESH : SABONETE PROTEX 85G";"7509546695785";"48000"
"SABONETE PROTEX 85G ERVA DOCE : SABONETE PROTEX 85G";"7891024038819";"48000"
"SABONETE PROTEX 85G CREAM : SABONETE PROTEX 85G";"7891024035078";"48000"
"SABONETE PROTEX 85G COMPLETE 12 : SABONETE PROTEX 85G";"7891024035191";"48000"
"SABONETE PROTEX 85G CARVAO DETOX : SABONETE PROTEX 85G";"7509546678832";"48000"
"SABONETE PROTEX 85G BALANCE : SABONETE PROTEX 85G";"7891024034996";"48000"
"SABONETE PROTEX 85G AVEIA : SABONETE PROTEX 85G";"7891024034910";"48000"
"SABONETE PROTEX 250ML ERVA DOCE : SABONETE PROTEX 250ML";"7891024115848";"569"
"SABONETE PROTEX 250ML CREAM : SABONETE PROTEX 250ML";"7891024115107";"569"
"SABONETE PROTEX 250ML CARVAO DETOX : SABONETE PROTEX 250ML";"7509546679075";"569"
"SABONETE PROTEX 250ML AVEIA : SABONETE PROTEX 250ML";"7891024114216";"569"
"SABONETE PHEBO 90G TOQUE LAVANDA : SABONETE PHEBO 90G";"7896512909794";"558"
"SABONETE PHEBO 90G ODOR DE ROSAS : SABONETE PHEBO 90G";"7896512909787";"558"
"SABONETE PHEBO 90G NATURELLE : SABONETE PHEBO 90G";"7896512909770";"558"
"SABONETE PHEBO 90G FRESCOR MANHA : SABONETE PHEBO 90G";"7896512909763";"558"
"SABONETE PHEBO 90G AMAZONIAN : SABONETE PHEBO 90G";"7896512909732";"558"
"SABONETE PAMPERS GLICERINA 400ML : SABONETE PAMPERS GLICERINA 400ML";"7891033519279";"68760"
"SABONETE PALMOLIVE SACHE 200ML OLEO NUTRITIVO : SABONETE PALMOLIVE SACHE 200ML";"7891024032886";"39773"
"SABONETE PALMOLIVE SACHE 200ML NULTRI-MILK : SABONETE PALMOLIVE SACHE 200ML";"7891024028995";"39773"
"SABONETE PALMOLIVE SACHE 200ML JASMIM : SABONETE PALMOLIVE SACHE 200ML";"7891024035696";"39773"
"SABONETE PALMOLIVE SACHE 200ML ARGAN OIL : SABONETE PALMOLIVE SACHE 200ML";"7891024028988";"39773"
"SABONETE PALMOLIVE REFIL 500ML NUTRIMILK : SABONETE PALMOLIVE REFIL 500ML";"7509546659329";"57571"
"SABONETE PALMOLIVE KIDS 85G MEU MALVADO F. : SABONETE PALMOLIVE KIDS 85G";"7891024042229";"52607"
"SABONETE PALMOLIVE KIDS 200ML MINNIONS : SABONETE PALMOLIVE KIDS 200ML";"7891024142240";"52609"
"SABONETE PALMOLIVE 85G. TANG. E ALECRIM : SABONETE PALMOLIVE 85G.";"7509546689333";"4074"
"SABONETE PALMOLIVE 85G. MELANCIA/CHIA : SABONETE PALMOLIVE 85G.";"7509546669670";"4074"
"SABONETE PALMOLIVE 85G SENSACAO PURF. : SABONETE PALMOLIVE 85G";"7509546659107";"563"
"SABONETE PALMOLIVE 85G L6 PAGUE - TURMALINA : SABONETE PALMOLIVE 85G L6 PAGUE -";"7891024042267";"57861"
"SABONETE PALMOLIVE 85G L6 PAGUE - TANG/ALECRIM : SABONETE PALMOLIVE 85G L6 PAGUE -";"7509546694191";"57861"
"SABONETE PALMOLIVE 85G L6 PAGUE - MELANCIA/CHIA : SABONETE PALMOLIVE 85G L6 PAGUE -";"7509546693873";"57861"
"SABONETE PALMOLIVE 85G L6 PAGUE - KARITE : SABONETE PALMOLIVE 85G L6 PAGUE -";"7891024042274";"57861"
"SABONETE PALMOLIVE 85G L6 PAGUE - ARGILA PR./OLEO : SABONETE PALMOLIVE 85G L6 PAGUE -";"7509546696126";"57861"
"SABONETE PALMOLIVE 85G KARITE : SABONETE PALMOLIVE 85G.";"7891024034781";"4074"
"SABONETE PALMOLIVE 85G GELEIA REAL : SABONETE PALMOLIVE 85G.";"7891024034750";"4074"
"SABONETE PALMOLIVE 85G FRAMB/TURMALINA : SABONETE PALMOLIVE 85G.";"7891024034828";"4074"
"SABONETE PALMOLIVE 85G CAMELIA : SABONETE PALMOLIVE 85G.";"7891024034712";"4074"
"SABONETE PALMOLIVE 250ML. TURMALINA : SABONETE PALMOLIVE 250ML.";"7891024026472";"4059"
"SABONETE PALMOLIVE 150G TURMALINA : SABONETE PALMOLIVE 150G";"7891024026458";"564"
"SABONETE PALMOLIVE 150G TANG./ALECRIM : SABONETE PALMOLIVE 150G";"7509546689326";"564"
"SABONETE PALMOLIVE 150G SENSACAO PURF. : SABONETE PALMOLIVE 150G";"7509546659091";"564"
"SABONETE PALMOLIVE 150G OLEO DE ARGAN : SABONETE PALMOLIVE 150G";"7891024110355";"564"
"SABONETE PALMOLIVE 150G MELANCIA/CHIA : SABONETE PALMOLIVE 150G";"7509546669687";"564"
"SABONETE PALMOLIVE 150G LEITE & ROSAS : SABONETE PALMOLIVE 150G";"7891024110508";"564"
"SABONETE PALMOLIVE 150G GELEIA REAL : SABONETE PALMOLIVE 150G";"7891024027523";"564"
"SABONETE PALMOLIVE 150G COCO E ALGODAO : SABONETE PALMOLIVE 150G";"7891024177846";"564"
"SABONETE PALMOLIVE 150G CACAU/KARITE : SABONETE PALMOLIVE 150G";"7891024110300";"564"
"SABONETE PALMOLIVE 150G ARGILA PR./OLEO : SABONETE PALMOLIVE 150G";"7509546695396";"564"
"SABONETE NIVEA REFIL 200ML ERVA DOCE : SABONETE NIVEA REFIL 200ML";"4005900734075";"55431"
"SABONETE NIVEA REFIL 200ML CREME SOFT : SABONETE NIVEA REFIL 200ML";"4005900734068";"55431"
"SABONETE NIVEA PURE MILK 90G SENSITIVE : SABONETE NIVEA PURE MILK 90G";"4005900807854";"60128"
"SABONETE NIVEA CAIXA 90G CREME CARE : SABONETE NIVEA CAIXA 90G";"4005900294722";"48536"
"SABONETE NIVEA ANTIBACTERIANO 85G 3EM1 HIDRA : SABONETE NIVEA ANTIBACTERIANO 85G";"4005900916129";"51907"
"SABONETE NIVEA 85G TOQUE BAUNILHA : SABONETE NIVEA 85G";"4005900527073";"48249"
"SABONETE NIVEA 85G ORQUIDEAS : SABONETE NIVEA 85G";"4005900522016";"48249"
"SABONETE NIVEA 85G LEITE : SABONETE NIVEA 85G";"4005900521910";"48249"
"SABONETE NIVEA 85G LAVANDA : SABONETE NIVEA 85G";"4005900521972";"48249"
"SABONETE NIVEA 85G FLOR LARANJEIRA : SABONETE NIVEA 85G";"4005900696830";"48249"
"SABONETE NIVEA 85G ERVA DOCE : SABONETE NIVEA 85G";"4005900521934";"48249"
"SABONETE NIVEA 85G AVEIA : SABONETE NIVEA 85G";"4005900521897";"48249"
"SABONETE NIVEA 85G AGUA DE COCO : SABONETE NIVEA 85G";"4005900696847";"48249"
"SABONETE NIVEA 250ML. WATERLILY & OIL : SABONETE NIVEA 250ML.";"4005808313167";"51910"
"SABONETE NIVEA 250ML ERVA DOCE : SABONETE NIVEA 250ML";"7890704810738";"4054"
"SABONETE NIVEA 250ML CREME SOFT : SABONETE NIVEA 250ML";"4005808513550";"4054"
"SABONETE LUX REFIL 200ML ROSAS FRANCESAS : SABONETE LUX REFIL 200ML";"7891150060234";"48176"
"SABONETE LUX REFIL 200ML ORQUIDEA NEGRA : SABONETE LUX REFIL 200ML";"7891150060210";"48176"
"SABONETE LUX REFIL 200ML LAVANDA : SABONETE LUX REFIL 200ML";"7891150060227";"48176"
"SABONETE LUX REFIL 200ML BUQUE DE JASMIM : SABONETE LUX REFIL 200ML";"7891150060241";"48176"
"SABONETE LUX BOTANICALS 85G ROSAS FRANCESAS : SABONETE LUX BOTANICALS 85G";"7891150059870";"48178"
"SABONETE LUX BOTANICALS 85G ORQUIDEA NEGRA : SABONETE LUX BOTANICALS 85G";"7891150059900";"48178"
"SABONETE LUX BOTANICALS 85G LIRIO AZUL : SABONETE LUX BOTANICALS 85G";"7891150059917";"48178"
"SABONETE LUX BOTANICALS 85G LAVANDA : SABONETE LUX BOTANICALS 85G";"7891150059887";"48178"
"SABONETE LUX BOTANICALS 85G FLOR DE VERBENA : SABONETE LUX BOTANICALS 85G";"7891150059856";"48178"
"SABONETE LUX BOTANICALS 85G FLOR DE LOTUS : SABONETE LUX BOTANICALS 85G";"7891150059924";"48178"
"SABONETE LUX BOTANICALS 85G BUQUE DE JASMIM : SABONETE LUX BOTANICALS 85G";"7891150059849";"48178"
"SABONETE LUX BOTANICALS 85G - 6UN ORQUIDEA NEGRA : SABONETE LUX BOTANICALS 85G - 6UN";"7891150101807";"74904"
"SABONETE LUX BOTANICALS 250ML ROSAS FRANCESAS : SABONETE LUX BOTANICALS 250ML";"7891150060197";"48177"
"SABONETE LUX BOTANICALS 250ML LAVANDA : SABONETE LUX BOTANICALS 250ML";"7891150060159";"48177"
"SABONETE LUX BOTANICALS 250ML BUQUE DE JASMIM : SABONETE LUX BOTANICALS 250ML";"7891150060166";"48177"
"SABONETE LUX BOTANICALS 125G BUQUE DE JASMIM : SABONETE LUX BOTANICALS 125G";"7891150060289";"48182"
"SABONETE LIQ. GIOV. BABY GIBY 200ML : SABONETE LIQ. GIOV. BABY GIBY 200ML";"7896044956389";"36484"
"SABONETE JOHNSONS BABY 80G. HORA DO SONO : SABONETE JOHNSONS BABY 80G.";"7891010781668";"65751"
"SABONETE JOHNSONS BABY 80G TRADICIONAL : SABONETE JOHNSONS BABY 80G";"7891010032906";"7884"
"SABONETE JOHNSONS BABY 80G MEL/VITAMINA E : SABONETE JOHNSONS BABY 80G";"7891010035976";"7884"
"SABONETE JOHNSONS BABY 400ML CABECA AOS PES : SABONETE JOHNSONS BABY 400ML";"7891010870744";"45914"
"SABONETE JOHNSONS BABY 200ML HORA DO SONO : SABONETE JOHNSONS BABY 200ML";"7891010042950";"9097"
"SABONETE JOHNSONS BABY 200ML CAMOMILA : SABONETE JOHNSONS BABY 200ML";"7891010256807";"9097"
"SABONETE JOHNSONS BABY 200ML CABECA AOS PES : SABONETE JOHNSONS BABY 200ML";"7891010005757";"9097"
"SABONETE JOHNSONS BABY 180ML HORA DO SONO : SABONETE JOHNSONS BABY 180ML";"7891010871024";"9311"
"SABONETE JOHNSONS BABY 180ML CABECA AOS PES : SABONETE JOHNSONS BABY 180ML";"7891010871031";"9311"
"SABONETE JOHNSONS 80G LAVANDA : SABONETE JOHNSONS 80G";"7891010247386";"50456"
"SABONETE INTIMO NIVEA 250ML SUAVE : SABONETE INTIMO NIVEA 250ML";"7890704810516";"29587"
"SABONETE INTIMO NIVEA 250ML NATURAL : SABONETE INTIMO NIVEA 250ML";"7890704808131";"29587"
"SABONETE INTIMO NAT. BANHO 200ML MORANGO : SABONETE INTIMO NAT. BANHO 200ML";"7899581401114";"38092"
"SABONETE INTIMO INTIMITAT LV2 PG1 200ML : SABONETE INTIMO INTIMITAT LV2 PG1";"7898950045096";"38095"
"SABONETE INTIMO GIOVANNA BABY 200ML CLASSIC : SABONETE INTIMO GIOVANNA BABY 200ML";"7898663111002";"72528"
"SABONETE INTIMO DERMAFEME 200ML 2UN FRESH : SABONETE INTIMO DERMAFEME 200ML 2UN";"7897947615397";"71447"
"SABONETE INTIMO DERMAFEME 200ML 2UN FLORAL : SABONETE INTIMO DERMAFEME 200ML 2UN";"7897947604384";"71447"
"SABONETE HUGGIES 75G EXTRA SUAVE : SABONETE HUGGIES 75G";"7896018700369";"3962"
"SABONETE GRANADO GLICERINA 90G TRADICIONAL : SABONETE GRANADO GLICERINA 90G";"7896512905222";"16016"
"SABONETE GRANADO GLICERINA 90G ERVA DOCE : SABONETE GRANADO GLICERINA 90G";"7896512905277";"16016"
"SABONETE GRANADO GLICERINA 90G ENXOFRE : SABONETE GRANADO GLICERINA 90G";"7896512900043";"16016"
"SABONETE GRANADO GLICERINA 100G COCO : SABONETE GRANADO GLICERINA 100G";"7896512900050";"57689"
"SABONETE GRANADO BEBE REFIL 250ML ERVA DOCE : SABONETE GRANADO BEBE REFIL 250ML";"7896512922465";"59001"
"SABONETE GRANADO BEBE REFIL 250ML CAMOMILA : SABONETE GRANADO BEBE REFIL 250ML";"7896512941930";"59001"
"SABONETE GRANADO BEBE GLICERINA 90G TRADICIONAL : SABONETE GRANADO BEBE GLICERINA 90G";"7896512905420";"58329"
"SABONETE GRANADO BEBE GLICERINA 90G LAVANDA : SABONETE GRANADO BEBE GLICERINA 90G";"7896512911858";"58329"
"SABONETE GRANADO BEBE GLICERINA 90G ERVA DOCE : SABONETE GRANADO BEBE GLICERINA 90G";"7896512911865";"58329"
"SABONETE GRANADO BEBE GLICERINA 90G CAMOMILA : SABONETE GRANADO BEBE GLICERINA 90G";"7896512941947";"58329"
"SABONETE GRANADO BEBE 250ML ERVA DOCE : SABONETE GRANADO BEBE 250ML";"7896512911940";"30915"
"SABONETE GRANADO BEBE 250ML CAMOMILA : SABONETE GRANADO BEBE 250ML";"7896512941923";"30915"
"SABONETE GRANADO BEBE 250ML BASE VEGETAL : SABONETE GRANADO BEBE 250ML";"7896512904621";"30915"
"SABONETE GIOVANNA BABY 90G UNISSEX : SABONETE GIOVANNA BABY 90G";"7896044900337";"36485"
"SABONETE GIOVANNA BABY 90G GIBY : SABONETE GIOVANNA BABY 90G";"7896044900313";"36485"
"SABONETE GIOVANNA BABY 90G GABY : SABONETE GIOVANNA BABY 90G";"7896044900320";"36485"
"SABONETE GIOVANNA BABY 90G CLASSIC : SABONETE GIOVANNA BABY 90G";"7896044999904";"36485"
"SABONETE GIOVANNA BABY 90G CHERRY : SABONETE GIOVANNA BABY 90G";"7896044999935";"36485"
"SABONETE GIOVANNA BABY 90G CANDY : SABONETE GIOVANNA BABY 90G";"7896044999942";"36485"
"SABONETE GIOVANNA BABY 90G BLUE : SABONETE GIOVANNA BABY 90G";"7896044999911";"36485"
"SABONETE GIOVANNA BABY 90G BLUBERRY : SABONETE GIOVANNA BABY 90G";"7896044999959";"36485"
"SABONETE GIOVANNA BABY 90G BLANC VANILLA : SABONETE GIOVANNA BABY 90G";"7896044999928";"36485"
"SABONETE GIOVANA BABY SECRETS 90G : SABONETE GIOVANA BABY SECRETS 90G";"7898663111194";"71204"
"SABONETE FRANCIS CLASSICO 90G ROSA : SABONETE FRANCIS CLASSICO 90G";"7896090400027";"565"
"SABONETE FRANCIS CLASSICO 90G BRANCO : SABONETE FRANCIS CLASSICO 90G";"7896090400010";"565"
"SABONETE FRANCIS CLASSICO 90G AZUL : SABONETE FRANCIS CLASSICO 90G";"7896090403233";"565"
"SABONETE FRANCIS 250ML ROSA BCA/PATCH : SABONETE FRANCIS 250ML";"7891176118087";"75176"
"SABONETE FLOR YPE REFIL 200ML ROSAS BCA/AVELA : SABONETE FLOR YPE REFIL 200ML";"7896098907986";"62664"
"SABONETE FLOR YPE REFIL 200ML MACA/FRAMBOESA : SABONETE FLOR YPE REFIL 200ML";"7896098905593";"62664"
"SABONETE FLOR YPE REFIL 200ML LARANJA/DAMASCO : SABONETE FLOR YPE REFIL 200ML";"7896098907993";"62664"
"SABONETE FLOR YPE REFIL 200ML FRESIA E PESSEG : SABONETE FLOR YPE REFIL 200ML";"7896098908082";"62664"
"SABONETE FLOR YPE REFIL 200ML AGUA COCO : SABONETE FLOR YPE REFIL 200ML";"7896098907979";"62664"
"SABONETE FLOR YPE MEU MOMENTO 85G MANDARINA : SABONETE FLOR YPE MEU MOMENTO 85G";"7896098902165";"67156"
"SABONETE FLOR YPE MEU MOMENTO 85G GENGIBRE : SABONETE FLOR YPE MEU MOMENTO 85G";"7896098907870";"67156"
"SABONETE FLOR DE YPE LV6 PG5 ROSAS BR./AVELA : SABONETE FLOR DE YPE LV6 PG5";"7896098902189";"52394"
"SABONETE FLOR DE YPE 85G ROSAS BR./AVELA : SABONETE FLOR DE YPE 85G";"7896098902264";"562"
"SABONETE FLOR DE YPE 85G MACA/FRAMBOESA : SABONETE FLOR DE YPE 85G";"7896098902233";"562"
"SABONETE FLOR DE YPE 85G FLOR DE PITAYA : SABONETE FLOR DE YPE 85G";"7896098907900";"562"
"SABONETE FARNESE 500ML PITAYA/FRAMB. : SABONETE FARNESE 500ML";"7897751902980";"65217"
"SABONETE FARNESE 500ML LAVANDA : SABONETE FARNESE 500ML";"7897751903017";"65217"
"SABONETE FARNESE 500ML FLOR CEREJEIRA : SABONETE FARNESE 500ML";"7897751903024";"65217"
"SABONETE FARNESE 500ML ERVA/HORTELA : SABONETE FARNESE 500ML";"7897751903000";"65217"
"SABONETE FARNESE 180G PURO HIDRATANTE : SABONETE FARNESE 180G";"7897751900238";"36198"
"SABONETE FARNESE 180G LAVANDA : SABONETE FARNESE 180G";"7897751902096";"36198"
"SABONETE FARNESE 180G FR. VERMELHAS : SABONETE FARNESE 180G";"7897751900191";"36198"
"SABONETE FARNESE 180G ERVA DOCE : SABONETE FARNESE 180G";"7897751900184";"36198"
"SABONETE FARNESE 180G AVEIA : SABONETE FARNESE 180G";"7897751900214";"36198"
"SABONETE DOVE REFIL 200ML NUTR. PROFUNDA : SABONETE DOVE REFIL 200ML";"7891150053229";"49395"
"SABONETE DOVE BABY REFIL 180ML HORA DE DORMIR : SABONETE DOVE BABY REFIL 180ML";"7891150079229";"37260"
"SABONETE DOVE BABY REFIL 180ML GLICERINADA : SABONETE DOVE BABY REFIL 180ML";"7891150065338";"37260"
"SABONETE DOVE BABY 200ML GLICERINA : SABONETE DOVE BABY 200ML";"7891150065291";"37307"
"SABONETE DOVE 90G. REVIGORANTE : SABONETE DOVE 90G.";"7891150043923";"50262"
"SABONETE DOVE 90G ESFOLIACAO : SABONETE DOVE 90G";"7898422746827";"556"
"SABONETE DOVE 90G ERVA DOCE/CAM. : SABONETE DOVE 90G";"7891150088238";"556"
"SABONETE DOVE 90G CREMOSO BRANCO : SABONETE DOVE 90G";"7898422746759";"556"
"SABONETE DOVE 90G - 6 UNIDADES ORIGINAL : SABONETE DOVE 90G - 6 UNIDADES";"7891150044616";"30133"
"SABONETE DOVE 90G - 6 UNIDADES KARITE/BAUNILHA : SABONETE DOVE 90G - 6 UNIDADES";"7891150044654";"30133"
"SABONETE DOVE 90G - 6 UNIDADES ERVA DOCE : SABONETE DOVE 90G - 6 UNIDADES";"7891150088474";"30133"
"SABONETE DOVE 250ML NUTR. PROFUNDA : SABONETE DOVE 250ML";"7898422751746";"7540"
"SABONETE DOVE 250ML CUIDA & PROTEGE : SABONETE DOVE 250ML";"7891150075405";"7540"
"SABONETE DERMACYD 200ML NEUTRALIZE : SABONETE DERMACYD 200ML";"7891058018221";"3952"
"SABONETE DERMACYD 200ML FEMINA : SABONETE DERMACYD 200ML";"7897595901866";"3952"
"SABONETE COALA 500ML ROSA CHIC : SABONETE COALA 500ML";"7897744505112";"67702"
"SABONETE COALA 500ML PATCHOULI/TANG : SABONETE COALA 500ML";"7897744505143";"67702"
"SABONETE COALA 500ML ORQUIDEA NEGRA : SABONETE COALA 500ML";"7897744505136";"67702"
"SABONETE COALA 500ML LAVANDA : SABONETE COALA 500ML";"7897744504894";"67702"
"SABONETE COALA 500ML FR. VERMELHAS : SABONETE COALA 500ML";"7897744504900";"67702"
"SABONETE COALA 500ML FLOR DE CACTO : SABONETE COALA 500ML";"7897744505556";"67702"
"SABONETE COALA 500ML ERVA DOCE : SABONETE COALA 500ML";"7897744505129";"67702"
"SABONETE COALA 500ML CHA BRANCO : SABONETE COALA 500ML";"7897744504917";"67702"
"SABONETE COALA 500ML BAMBU : SABONETE COALA 500ML";"7897744504887";"67702"
"SABONETE COALA 500ML AMEIXA DOURADA : SABONETE COALA 500ML";"7897744505419";"67702"
"SABONETE COALA 500ML ALECRIM : SABONETE COALA 500ML";"7897744504924";"67702"
"SABONETE CLOY 80G RED FRUIT : SABONETE CLOY 80G";"7897751902317";"47859"
"SABONETE CLOY 80G MILK CARE : SABONETE CLOY 80G";"7897751902300";"47859"
"SABONETE CLOY 80G MANGA : SABONETE CLOY 80G";"7897751903512";"47859"
"SABONETE CLOY 80G LAVANDA : SABONETE CLOY 80G";"7897751902348";"47859"
"SABONETE CLOY 80G GINGER & LEMON : SABONETE CLOY 80G";"7897751902584";"47859"
"SABONETE BARUEL BABY SACHE 210ML SONO TRANQUILO : SABONETE BARUEL BABY SACHE 210ML";"7896020163121";"48012"
"SABONETE BARUEL BABY SACHE 210ML GLICERINA : SABONETE BARUEL BABY SACHE 210ML";"7896020163077";"48012"
"SABONETE BARUEL BABY 400ML SONO TRANQUILO : SABONETE BARUEL BABY 400ML";"7896020162810";"55850"
"SABONETE BARUEL BABY 400ML PELE DELICADA : SABONETE BARUEL BABY 400ML";"7896020164142";"55850"
"SABONETE BARUEL BABY 400ML GLICERINA : SABONETE BARUEL BABY 400ML";"7896020162803";"55850"
"SABONETE ANTIBACTERIAL REXONA 84G ORCHID FRESH : SABONETE ANTIBACTERIAL REXONA 84G";"7891150024793";"34494"
"SABONETE ANTIBACTERIAL REXONA 84G MULTIVITAMINAS : SABONETE ANTIBACTERIAL REXONA 84G";"7891150083288";"34494"
"SABONETE ANTIBACTERIAL REXONA 84G LIMP. PROFUNDA : SABONETE ANTIBACTERIAL REXONA 84G";"7891150066908";"34494"
"SABONETE ANTIBACTERIAL REXONA 84G FRUTAS VERMELHA : SABONETE ANTIBACTERIAL REXONA 84G";"7891150083271";"34494"
"SABONETE ANTIBACTERIAL REXONA 84G ERVA-DOCE : SABONETE ANTIBACTERIAL REXONA 84G";"7891150083264";"34494"
"SABONETE ALBANY HOMEM 85G CONTROLE ODOR : SABONETE ALBANY HOMEM 85G";"7897664171732";"50487"
"SABONETE ALBANY 85G HID. SUAVIZANTE : SABONETE ALBANY 85G";"7897664171718";"26002"
"SABONETE ALBANY 85G HID. NUTRITIVA : SABONETE ALBANY 85G";"7897664171725";"26002"
"SABONETE ALBANY 85G CUIDADO ANTIBAC : SABONETE ALBANY 85G";"7908324400120";"26002"
"SABONETE 3 EM 1 NIVEA MEN 90G SENSITIVE : SABONETE 3 EM 1 NIVEA MEN 90G";"4005900380975";"47789"
"SABONETE 3 EM 1 NIVEA MEN 90G ORIGINAL PROT. : SABONETE 3 EM 1 NIVEA MEN 90G";"4005900380982";"47789"
"SABAO EM PASTA NATHAN 500G BIODEGRADAVEL : SABAO EM PASTA NATHAN 500G";"7898902829019";"58"
"SABAO EM PASTA DIPOL 500G NEUTRO : SABAO EM PASTA DIPOL 500G";"7896075910060";"72"
"SABAO EM PASTA ATOL ASSOLAN 500G : SABAO EM PASTA ATOL ASSOLAN 500G";"7896055501103";"15595"
"SABAO EM GEL LIMPEZA PESADA JOB 2KG : SABAO EM GEL LIMPEZA PESADA JOB 2KG";"7898024101116";"40277"
"SABAO EM GEL JOB 2KG PINHO : SABAO EM GEL JOB 2KG";"7898024100683";"9204"
"SABAO EM GEL JOB 2KG FRESH : SABAO EM GEL JOB 2KG";"7898024100737";"9204"
"SABAO EM GEL JOB 2KG EUCALIPTO : SABAO EM GEL JOB 2KG";"7898024100706";"9204"
"SABAO EM GEL JOB 2KG COCO : SABAO EM GEL JOB 2KG";"7898024100768";"9204"
"SABAO DE COCO PASTA UFE 500G  : SABAO DE COCO PASTA UFE 500G";"7896060401467";"8688"
"SABAO DE COCO MINUANO 500G : SABAO DE COCO MINUANO 500G";"7897664120136";"43"
"SABAO DE COCO ICARAI 200G : SABAO DE COCO ICARAI 200G";"7898917072035";"63059"
"SABAO COCO UFE BARRA 450G  : SABAO COCO UFE BARRA 450G";"7896060400613";"7626"
"SABAO COCO UFE BARRA 180G  : SABAO COCO UFE BARRA 180G";"7896060401320";"31501"
"SABAO BARRA YPE PERFUMADO 900G MULTIATIVO : SABAO BARRA YPE PERFUMADO 900G";"7896098905937";"82"
"SABAO BARRA YPE PERFUMADO 900G FRESH : SABAO BARRA YPE PERFUMADO 900G";"7896098905951";"82"
"SABAO BARRA YPE PERFUMADO 900G ALOE E VERA : SABAO BARRA YPE PERFUMADO 900G";"7896098905968";"82"
"SABAO BARRA YPE NEUTRO 900G : SABAO BARRA YPE NEUTRO 800G";"7896098905906";"81"
"SABAO BARRA YPE NEUTRO 160G NEUTRO : SABAO BARRA YPE NEUTRO 160G";"7896098906118";"67087"
"SABAO BARRA YPE GREEN 180G  : SABAO BARRA YPE GREEN 180G";"7896098906194";"56424"
"SABAO BARRA YPE COCO 900G TOQUE AVEIA : SABAO BARRA YPE COCO 900G";"7896098905982";"33453"
"SABAO BARRA YPE COCO 180G TOQUE AVEIA : SABAO BARRA YPE COCO 180G";"7896098905999";"33452"
"SABAO BARRA YPE 180G MULTIATIVO : SABAO BARRA YPE 180G";"7896098906125";"13229"
"SABAO BARRA YPE 180G FRESH : SABAO BARRA YPE 180G";"7896098906132";"13229"
"SABAO BARRA YPE 180G ALOE VERA : SABAO BARRA YPE 180G";"7896098906156";"13229"
"SABAO BARRA TRIEX PREMIUM 900G : SABAO BARRA TRIEX PREMIUM 900G";"7896527702021";"35759"
"SABAO BARRA MINUANO COCO 500G  : SABAO BARRA MINUANO COCO 500G";"7897664120105";"17675"
"SABAO BARRA MINUANO COCO 200G  : SABAO BARRA MINUANO COCO 200G";"7897664171541";"67263"
"SABAO BARRA MINUANO 900G GLICERINADO : SABAO BARRA MINUANO 900G";"7908324402865";"26021"
"RUM MONTILLA 1L OURO : RUM MONTILLA 1L";"7891050004208";"1883"
"RUM MONTILLA 1L BRANCA : RUM MONTILLA 1L";"7891050004307";"1883"
"RUM BACARDI 980ML BIG APPLE : RUM BACARDI 980ML";"7891125064502";"31400"
"RUCULA UNIDADE : RUCULA UNIDADE";"7898965694067";"3165"
"ROUPA INTIMA PLENITUD INTENSA G/XG : ROUPA INTIMA PLENITUD INTENSA";"7896007552986";"69708"
"ROSQUINHAS TRIUNFO 350G LEITE : ROSQUINHAS TRIUNFO 350G";"7896058258967";"9397"
"ROSQUINHAS TRIUNFO 350G COCO : ROSQUINHAS TRIUNFO 350G";"7896058258974";"9397"
"ROSQUINHAS MABEL 300G LEITE : ROSQUINHAS MABEL 300G";"7896071030021";"25002"
"ROSQUINHAS MABEL 300G COCO : ROSQUINHAS MABEL 300G";"7896071030007";"25002"
"ROSQUINHA VITARELLA 300G. CHOCOLATE : ROSQUINHA VITARELLA 300G.";"7896213004835";"62775"
"ROSQUINHA VITARELLA 300G COCO : ROSQUINHA VITARELLA 300G";"7896213004842";"61732"
"ROSQUINHA RANCHEIRO 500G COCO : ROSQUINHA RANCHEIRO 500G";"7896253402141";"70582"
"ROSQUINHA RANCHEIRO 300G COCO : ROSQUINHA RANCHEIRO 300G";"7896253401465";"66496"
"ROSQUINHA RANCHEIRO 300G CHOCOLATE : ROSQUINHA RANCHEIRO 300G";"7896253401472";"66496"
"ROSQUINHA RANCHEIRO 300G BANANA/CANELA : ROSQUINHA RANCHEIRO 300G";"7896253401861";"66496"
"ROSQUINHA NEWBREAD 300G MILHO : ROSQUINHA NEWBREAD 300G";"7896998705217";"30566"
"ROSQUINHA NEWBREAD 300G LEITE : ROSQUINHA NEWBREAD 300G";"7896998705200";"30566"
"ROSQUINHA NEWBREAD 300G COCO : ROSQUINHA NEWBREAD 300G";"7896998705309";"30566"
"ROSQUINHA NEWBREAD 300G CHOCOLATE : ROSQUINHA NEWBREAD 300G";"7896998705101";"30566"
"ROSQUINHA NATA PANCO 500G  : ROSQUINHA NATA PANCO 500G";"7891203021205";"920"
"ROSQUINHA MILHO VERDE PANCO 500G  : ROSQUINHA MILHO VERDE PANCO 500G";"7891203050663";"923"
"ROSQUINHA MARILAN 300G LEITE : ROSQUINHA MARILAN 300G";"7896003738995";"35770"
"ROSQUINHA LEITE PANCO 500G  : ROSQUINHA LEITE PANCO 500G";"7891203021151";"919"
"ROSQUINHA DE PINGA COJIBA KG : ROSQUINHA DE PINGA COJIBA     ";"2067";"2892"
"ROSQUINHA DE COCO TICA 500G : ROSQUINHA DE COCO TICA 500G";"7891203021908";"876"
"ROSQUINHA DE COCO PANCO 500G : ROSQUINHA DE COCO PANCO 500G";"7891203021106";"884"
"ROSQUINHA DE COCO PANCO 350G : ROSQUINHA DE COCO PANCO 350G";"7891203063465";"58016"
"ROSQUINHA CHOCOLATE PANCO 500G  : ROSQUINHA CHOCOLATE PANCO 500G";"7891203021168";"922"
"ROSQUINHA BAUNILHA PANCO 500G  : ROSQUINHA BAUNILHA PANCO 500G";"7891203021137";"921"
"ROSEIRA MINI P13 DECORADA : ROSEIRA MINI P13 DECORADA";"5132";"38645"
"ROSEIRA MINI P13 : ROSEIRA MINI P13";"7896553664263";"35566"
"ROSCA REDONDA GRESPAN KG : ROSCA REDONDA GRESPAN KG";"8800";"74669"
"ROSCA MABEL RETRO 500G : ROSCA MABEL RETRO 500G";"7896071021548";"44042"
"ROSCA HUNGARA FRUTAS GRESPAN KG : ROSCA HUNGARA FRUTAS GRESPAN KG";"7963";"64883"
"ROSCA HUNGARA COCO GRESPAN KG : ROSCA HUNGARA COCO GRESPAN KG";"8658";"74668"
"ROSCA HUNGARA CHOCOLATE GRESPAN KG : ROSCA HUNGARA CHOCOLATE GRESPAN KG";"8703";"71917"
"ROSCA CREME E GOIABADA KG : ROSCA CREME E GOIABADA KG";"6415";"51263"
"ROSCA COM CREME KG : ROSCA COM CREME KG";"4441";"34173"
"RONDELLI PRESUNTO E QUEIJO KG : RONDELLI PRESUNTO E QUEIJO KG";"2908";"18209"
"RONDELLI PIZZAOLA 500G 4 QUEIJOS : RONDELLI PIZZAOLA 500G";"7897206801035";"56162"
"ROMA KG : ROMA KG";"6664";"53421"
"ROLO MASSA MADLAR 43CM : ROLO MASSA MADLAR 43CM";"7898622000460";"56622"
"ROLO ADESIVO SCOTCH BRITE C/ 21 FOLHAS : ROLO ADESIVO SCOTCH BRITE";"7891040102518";"95"
"ROLO ADESIVO SCOTCH BRITE - REFIL 21 FOLHAS : ROLO ADESIVO SCOTCH BRITE - REFIL";"7891040102525";"96"
"ROLO ADESIVO PELOS SANREMO 50UN SR907 : ROLO ADESIVO PELOS SANREMO 50UN";"7896359028030";"59739"
"ROLO ADESIVO + REFIL SANTA MARIA : ROLO ADESIVO + REFIL SANTA MARIA";"7896314704139";"46000"
"ROLL DE SALMAO BDJ 12PC : ROLL DE SALMAO BDJ 12PC";"8469";"69359"
"ROLL CAKE BAUDUCCO 34G CHOCOLATE : ROLL CAKE BAUDUCCO 34G";"7891962051574";"17997"
"RODO PLASUTIL : RODO PLASUTIL";"7899808852163";"67113"
"RODO PLASTICO SANTA MARIA 60CM : RODO PLASTICO SANTA MARIA 60CM";"7896314703538";"37465"
"RODO PLASTICO SANTA MARIA 40CM : RODO PLASTICO SANTA MARIA 40CM";"7896314703521";"37464"
"RODO PLASTICO 60CM HB : RODO PLASTICO 60CM HB";"7897004401284";"35174"
"RODO PINUS 40CM HB : RODO PINUS 40CM HB";"7897004401116";"28354"
"RODO NOVICA VAI E VEM PLUS - (M) 39,5X8X3,5CM : RODO NOVICA VAI E VEM PLUS - (M)";"7896001012318";"29929"
"RODO NOVICA VAI E VEM BETTANIN (M) 39,5X8X3,5CM : RODO NOVICA VAI E VEM BETTANIN (M)";"7896001012813";"4910"
"RODO NOVICA MAXIMA ADERENCIA - (M) 45X9,5X3,5CM : RODO NOVICA MAXIMA ADERENCIA - (M)";"7896001001305";"14047"
"RODO FLEX HB 40CM : RODO FLEX HB 40CM";"7897004401314";"47814"
"RODO DE PIA SANTA MARIA REF.865 : RODO DE PIA SANTA MARIA REF.865";"7896314708656";"54573"
"RODO DE PIA HB  : RODO DE PIA HB";"7897004400980";"86"
"RODO DE ALUMINIO 60CM HB : RODO DE ALUMINIO 60CM HB";"7897004401239";"14511"
"RODO DE ALUMINIO 40CM HB : RODO DE ALUMINIO 40CM HB";"7897004401215";"14510"
"RODINHO PIA PLASUTIL 16CM REF. 7778 : RODINHO PIA PLASUTIL 16CM";"7896042077789";"6441"
"RODINHO PIA PLASUTIL 16CM REF. 013961 : RODINHO PIA PLASUTIL 16CM";"7899808875278";"6441"
"RODINHO PIA PLASUTIL 13CM 7771 : RODINHO PIA PLASUTIL 13CM";"7896042077710";"50672"
"ROCAMBOLE DE CARNE MOIDA KG : ROCAMBOLE DE CARNE MOIDA KG";"2896";"18089"
"ROCAMBOLE DE CARNE KG : ROCAMBOLE DE CARNE KG";"1121";"5913"
"RICOTA FRESCA NACON KG : RICOTA FRESCA NACON KG";"10";"5999"
"REXONA CLINICAL CREME MEN 48G CLEAN : REXONA CLINICAL CREME MEN 48G";"79400052919";"44085"
"REXONA CLINICAL CREME FEM. 48G EXTRA DRY : REXONA CLINICAL CREME FEM. 48G";"75076870";"50874"
"REXONA CLINICAL CREME FEM. 48G CLASSIC : REXONA CLINICAL CREME FEM. 48G";"79400052926";"50874"
"REVITALIZADOR FAROL NOVO LUXCAR 50ML : REVITALIZADOR FAROL NOVO LUXCAR";"7896498548000";"74619"
"RESISTENCIA NEDO LORENZETTI 220V : RESISTENCIA NEDO LORENZETTI 220V";"7896619803667";"6556"
"RESISTENCIA NEDO LORENZETTI 110V : RESISTENCIA NEDO LORENZETTI 110V";"7896619803650";"6555"
"RESISTENCIA MAXI DUCHA LORENZETTI 220V 5500W : RESISTENCIA MAXI DUCHA LORENZETTI";"7896451800497";"33030"
"RESISTENCIA MAXI DUCHA LORENZETTI 127V 5500W : RESISTENCIA MAXI DUCHA LORENZETTI";"7896451800459";"33030"
"RESISTENCIA BELLA DUCHA LORENZETTI 220/6800W : RESISTENCIA BELLA DUCHA LORENZETTI";"7896451845092";"50033"
"RESISTENCIA ADVANCED/JET LORENZETTI 220V 7500W : RESISTENCIA ADVANCED/JET LORENZETTI";"7896451837332";"33031"
"RESISTENCIA ADVANCED/JET LORENZETTI 127V 5500W : RESISTENCIA ADVANCED/JET LORENZETTI";"7896451853257";"33031"
"REQUEIJAO TIROLEZ ZERO LACTOSE 200G : REQUEIJAO TIROLEZ ZERO LACTOSE 200G";"7896030520273";"46325"
"REQUEIJAO TIROLEZ LIGHT 400G : REQUEIJAO TIROLEZ LIGHT 400G";"7896030521706";"70220"
"REQUEIJAO TIROLEZ LIGHT 200G : REQUEIJAO TIROLEZ LIGHT 200G";"7896030518751";"33023"
"REQUEIJAO TIROLEZ CREMOSO 400G : REQUEIJAO TIROLEZ CREMOSO 400G";"7896030521690";"70903"
"REQUEIJAO TIROLEZ CREMOSO 200G : REQUEIJAO TIROLEZ CREMOSO 200G";"7896030518997";"33024"
"REQUEIJAO TIROLEZ BISNAGA 250G TRADICIONAL : REQUEIJAO TIROLEZ BISNAGA 250G";"7896030518409";"33022"
"REQUEIJAO PURANATA TRADICIONAL 200G : REQUEIJAO PURANATA TRADICIONAL 200G";"7896747800477";"9059"
"REQUEIJAO PURANATA PROVOLONE 250G BISNAGA : REQUEIJAO PURANATA PROVOLONE 250G";"7896747800415";"10360"
"REQUEIJAO PURANATA LIGHT 200G : REQUEIJAO PURANATA LIGHT 200G";"7896747800484";"37598"
"REQUEIJAO POLENGHI SABORES 200G CHEDDAR : REQUEIJAO POLENGHI SABORES 200G";"7891143013186";"33624"
"REQUEIJAO POLENGHI 200G LIGHT : REQUEIJAO POLENGHI 200G";"7891143013919";"45464"
"REQUEIJAO PIRACANJUBA SABORES 400G CHEDDAR : REQUEIJAO PIRACANJUBA SABORES 400G";"7898215151067";"52204"
"REQUEIJAO NOLAC LIGHT ITAMBE 220G ZERO LACTOSE : REQUEIJAO NOLAC LIGHT ITAMBE 220G";"7896051140405";"41163"
"REQUEIJAO NESTLE TRADICIONAL 200G : REQUEIJAO NESTLE TRADICIONAL 200G";"7891000084649";"1868"
"REQUEIJAO NESTLE LIGHT 200G CREMOSO : REQUEIJAO NESTLE LIGHT 200G";"7891000084663";"29738"
"REQUEIJAO MATILAT LIGHT 180G : REQUEIJAO MATILAT LIGHT 180G";"7896238100413";"5696"
"REQUEIJAO MATILAT CREMOSO 380G TRADICIONAL : REQUEIJAO MATILAT CREMOSO 380G";"7896238105593";"62382"
"REQUEIJAO MATILAT CREMOSO 175G  : REQUEIJAO MATILAT CREMOSO 175G";"7896238100420";"14889"
"REQUEIJAO MATILAT COM AMIDO 180G : REQUEIJAO MATILAT COM AMIDO 180G";"7896238100437";"5105"
"REQUEIJAO ITAMBE TRADICIONAL 400G : REQUEIJAO ITAMBE TRADICIONAL 400G";"7896051164661";"59063"
"REQUEIJAO ITAMBE TRADICIONAL 200G : REQUEIJAO ITAMBE TRADICIONAL 200G";"7896051140016";"1847"
"REQUEIJAO ITAMBE LIGHT 220G  : REQUEIJAO ITAMBE LIGHT 220G";"7896051140108";"1866"
"REQUEIJAO DAVACA TRADICIONAL 200G : REQUEIJAO DAVACA TRADICIONAL 200G";"7897318500123";"44823"
"REQUEIJAO DAVACA S/ LACT. 200G CREMOSO : REQUEIJAO DAVACA S/ LACT. 200G";"7897318500710";"44984"
"REQUEIJAO DAVACA LIGHT 200G : REQUEIJAO DAVACA LIGHT 200G";"7897318500130";"44824"
"REQUEIJAO CULINARIO PIRACANJ. 400G : REQUEIJAO CULINARIO PIRACANJ. 400G";"7898215153016";"46811"
"REQUEIJAO CRIOULO TRADICIONAL 220G : REQUEIJAO CRIOULO TRADICIONAL 220G";"7896077602093";"1867"
"REQUEIJAO CATUPIRY SACHE 250G TRADICIONAL : REQUEIJAO CATUPIRY SACHE 250G";"7896353300033";"6016"
"REQUEIJAO CATUPIRY SACHE 1.5KG : REQUEIJAO CATUPIRY SACHE 1.5KG";"7896353301535";"56242"
"REQUEIJAO CATUPIRY POTE 420G : REQUEIJAO CATUPIRY POTE 420G";"7896353302068";"68533"
"REQUEIJAO CATUPIRY LIGHT SACHE 250G : REQUEIJAO CATUPIRY LIGHT SACHE 250G";"7896353300323";"43413"
"REQUEIJAO CATUPIRY DISCO 250G : REQUEIJAO CATUPIRY DISCO 250G";"7896353300453";"43415"
"REQUEIJAO AVIACAO TRADICIONAL 250G : REQUEIJAO AVIACAO TRADICIONAL 250G";"78906679";"39252"
"REPOLHO ROXO PICADO BANDEJA KG : REPOLHO ROXO PICADO BANDEJA KG";"834";"3147"
"REPOLHO ROXO PICADO BANDEJA 200G : REPOLHO ROXO PICADO BANDEJA 200G";"7952";"64730"
"REPOLHO ROXO KG : REPOLHO ROXO KG";"833";"3012"
"REPOLHO REFOGADO KG : REPOLHO REFOGADO KG";"3615";"31152"
"REPOLHO PICADO BANDEJA KG : REPOLHO PICADO BANDEJA KG";"571";"3146"
"REPOLHO KG : REPOLHO KG";"569";"3011"
"REPOLHO AGRIDOCE KG : REPOLHO AGRIDOCE KG";"7361";"60320"
"REPELEX SPRAY 280ML MOSQ./MOSCAS : REPELEX SPRAY 280ML";"7891035002816";"74364"
"REPELEX LOCAO 200ML  : REPELEX LOCAO 200ML";"7891035911729";"15707"
"REPELEX LOCAO 100ML - 20% DESCONTO : REPELEX LOCAO 100ML - 20%";"7891035024221";"52952"
"REPELEX FAMILY CARE 200ML 25% DESCONTO : REPELEX FAMILY CARE 200ML";"7891035024214";"62635"
"REPELEX FAMILY CARE 100ML SPRAY : REPELEX FAMILY CARE 100ML";"78902312";"169"
"REPELEX ELETRICO 30 NOITES REFIL : REPELEX ELETRICO 30 NOITES REFIL";"7891035002830";"74363"
"REPELENTE XO INSETO SPRAY 200ML : REPELENTE XO INSETO SPRAY 200ML";"7897947612907";"73423"
"REPELENTE XO INSETO 200ML : REPELENTE XO INSETO 200ML";"7897947613645";"73422"
"REPELENTE SPRAY OFF AERO 165ML : REPELENTE SPRAY OFF AERO 165ML";"7894650130117";"3983"
"REPELENTE REPELLERE PUMP 150ML : REPELENTE REPELLERE PUMP 150ML";"7898567702627";"66010"
"REPELENTE REPELLERE AEROSOL 150ML : REPELENTE REPELLERE AEROSOL 150ML";"7898567705239";"66008"
"REPELENTE OFF KIDS 117ML GTS 83ML : REPELENTE OFF KIDS 117ML GTS 83ML";"7894650005712";"520"
"REPELENTE OFF FAMILY 170ML : REPELENTE OFF FAMILY 170ML";"7894650009604";"68604"
"REPELENTE MAT INSET ESPIRAL 8UN BOA NOITE : REPELENTE MAT INSET ESPIRAL 8UN";"7891176117585";"74133"
"REPELENTE EXPERT SPRAY 200ML : REPELENTE EXPERT SPRAY 200ML";"7898639307033";"70525"
"REPELENTE DETEFON ESPIRAL C/ 10UN : REPELENTE DETEFON ESPIRAL C/ 10UN";"7891035652004";"3994"
"REPARADOR PNEUS MUNDIAL PRIME 400ML : REPARADOR PNEUS MUNDIAL PRIME 400ML";"7898567704706";"65957"
"REMOVEDOR ZULU MULTISUPERF. 900ML BASE AGUA : REMOVEDOR ZULU MULTISUPERF. 900ML";"7896090706327";"50537"
"REMOVEDOR ZULU MULTISUPERF. 450ML BASE AGUA : REMOVEDOR ZULU MULTISUPERF. 450ML";"7896090706372";"67471"
"REMOVEDOR PERFUMADO BUFALO 1L LAVANDA : REMOVEDOR PERFUMADO BUFALO 1L";"7896097609065";"9024"
"REMOVEDOR PERFUMADO BUFALO 1L JASMIM : REMOVEDOR PERFUMADO BUFALO 1L";"7896097616506";"9024"
"REMOVEDOR PERFUMADO BUFALO 1L FLORAL : REMOVEDOR PERFUMADO BUFALO 1L";"7896097616469";"9024"
"REMOVEDOR PERFUMADO BUFALO 1L CITRONELA : REMOVEDOR PERFUMADO BUFALO 1L";"7896097616544";"9024"
"REMOVEDOR KIN LIMP PERFUMADO 500ML MARINE : REMOVEDOR KIN LIMP PERFUMADO 500ML";"7896050594483";"73420"
"REMOVEDOR KIN LIMP PERFUMADO 1L MARINE : REMOVEDOR KIN LIMP PERFUMADO 1L";"7896050594476";"54012"
"REMOVEDOR KIN LIMP PERFUMADO 1L LAVANDA : REMOVEDOR KIN LIMP PERFUMADO 1L";"7896050505793";"54012"
"REMOVEDOR DE ESMALTE ZULU 90ML SEDUCTION : REMOVEDOR DE ESMALTE ZULU 90ML";"7896090700455";"46420"
"REMOVEDOR DE ESMALTE ZULU 90ML ERVA DOCE : REMOVEDOR DE ESMALTE ZULU 90ML";"7896090700363";"46420"
"REMOVEDOR DE ESMALTE ZULU 500ML SEDUCTION : REMOVEDOR DE ESMALTE ZULU 500ML";"7896090700431";"67089"
"REMOVEDOR DE ESMALTE ZULU 200ML SEDUCTION : REMOVEDOR DE ESMALTE ZULU 200ML";"7896090700424";"67088"
"REMOVEDOR BUFALO PERFUMADO 500ML LAVANDA : REMOVEDOR BUFALO PERFUMADO 500ML";"7896097604084";"4002"
"REMOVEDOR BUFALO PERFUMADO 500ML JASMIM : REMOVEDOR BUFALO PERFUMADO 500ML";"7896097616513";"4002"
"REMOVEDOR BUFALO PERFUMADO 500ML FLORAL : REMOVEDOR BUFALO PERFUMADO 500ML";"7896097616476";"4002"
"REMOVEDOR BUFALO 500ML : REMOVEDOR BUFALO 500ML";"7896097604046";"138"
"REMOVEDOR BUFALO 1L  : REMOVEDOR BUFALO 1L";"7896097604008";"9294"
"REGULADOR DE GAS NEDO REF 159 : REGULADOR DE GAS NEDO REF 159";"7896619801595";"11769"
"REGUA POLIEST. ACRIMET CRISTAL 30CM : REGUA POLIEST. ACRIMET CRISTAL 30CM";"7896292298231";"34065"
"REGADOR SANREMO 1,2L SR522 : REGADOR SANREMO 1,2L";"7896359026555";"60274"
"REFRIGERANTE SUKITA 2L UVA : REFRIGERANTE SUKITA 2L";"7891149102815";"2177"
"REFRIGERANTE SUKITA 2L TUBAINA : REFRIGERANTE SUKITA 2L";"7891991300810";"2177"
"REFRIGERANTE SUKITA 2L LARANJA : REFRIGERANTE SUKITA 2L";"7891149440801";"2177"
"REFRIGERANTE SPRITE SEM ACUCAR 2L : REFRIGERANTE SPRITE SEM ACUCAR 2L";"7894900061512";"37456"
"REFRIGERANTE SPRITE PET 200ML : REFRIGERANTE SPRITE PET 200ML";"78939745";"3316"
"REFRIGERANTE SPRITE ORIGINAL 2L : REFRIGERANTE SPRITE ORIGINAL 2L";"7894900681000";"2175"
"REFRIGERANTE SPRITE LATA 350ML ZERO : REFRIGERANTE SPRITE LATA 350ML";"7894900070019";"2162"
"REFRIGERANTE SPRITE LATA 350ML : REFRIGERANTE SPRITE LATA 350ML";"7894900681017";"2162"
"REFRIGERANTE SPRITE FRESH 510ML : REFRIGERANTE SPRITE FRESH 510ML";"7894900680508";"49342"
"REFRIGERANTE SPRITE FRESH 1,5L LIMAO : REFRIGERANTE SPRITE FRESH 1,5L";"7894900680522";"53070"
"REFRIGERANTE PEPSI COLA 2L TRADICIONAL : REFRIGERANTE PEPSI COLA 2L";"7892840800000";"2220"
"REFRIGERANTE PEPSI BLACK ZERO 2L  : REFRIGERANTE PEPSI BLACK ZERO 2L";"7892840813444";"28185"
"REFRIGERANTE PEPSI BLACK 200ML : REFRIGERANTE PEPSI BLACK 200ML";"7892840819323";"61631"
"REFRIGERANTE PEPSI 200ML : REFRIGERANTE PEPSI 200ML";"7892840800567";"58476"
"REFRIGERANTE KUAT 2.0 2L GUARANA : REFRIGERANTE KUAT 2.0 2L";"7894900911510";"2214"
"REFRIGERANTE JABOTI VD 600ML MACA : REFRIGERANTE JABOTI VD 600ML";"7896490400023";"7807"
"REFRIGERANTE JABOTI GUARANA 600ML : REFRIGERANTE JABOTI GUARANA 600ML";"7896490400269";"53367"
"REFRIGERANTE JABOTI GUARANA 2L : REFRIGERANTE JABOTI GUARANA 2L";"7896490400016";"53631"
"REFRIGERANTE JABOTI GUARANA 250ML : REFRIGERANTE JABOTI GUARANA 250ML";"7896490403697";"53362"
"REFRIGERANTE JABOTI COLA ZERO 2L : REFRIGERANTE JABOTI COLA ZERO 2L";"7896490403734";"72141"
"REFRIGERANTE JABOTI COLA ZERO 250ML : REFRIGERANTE JABOTI COLA ZERO 250ML";"7896490403741";"72142"
"REFRIGERANTE JABOTI COLA 600ML  : REFRIGERANTE JABOTI COLA 600ML";"7896490400283";"11755"
"REFRIGERANTE JABOTI COLA 2L : REFRIGERANTE JABOTI COLA 2L";"7896490400115";"25740"
"REFRIGERANTE JABOTI COLA 250ML : REFRIGERANTE JABOTI COLA 250ML";"7896490400252";"6381"
"REFRIGERANTE JABOTI ABACAXI 2L : REFRIGERANTE JABOTI ABACAXI 2L";"7896490401082";"56554"
"REFRIGERANTE JABOTI 600ML MACA : REFRIGERANTE JABOTI 600ML";"7896490400276";"2120"
"REFRIGERANTE JABOTI 2L ZERO : REFRIGERANTE JABOTI 2L";"7896490400528";"2086"
"REFRIGERANTE JABOTI 2L UVA : REFRIGERANTE JABOTI 2L";"7896490400160";"2086"
"REFRIGERANTE JABOTI 2L TUBAINA : REFRIGERANTE JABOTI 2L";"7896490400122";"2086"
"REFRIGERANTE JABOTI 2L MACA : REFRIGERANTE JABOTI 2L";"7896490400214";"2086"
"REFRIGERANTE JABOTI 2L LIMAO : REFRIGERANTE JABOTI 2L";"7896490400030";"2086"
"REFRIGERANTE JABOTI 2L LARANJA : REFRIGERANTE JABOTI 2L";"7896490400108";"2086"
"REFRIGERANTE JABOTI 250ML MACA : REFRIGERANTE JABOTI 250ML";"7896490400931";"2121"
"REFRIGERANTE JABOTI 250ML LIMAO : REFRIGERANTE JABOTI 250ML";"7896490403703";"2121"
"REFRIGERANTE JABOTI 250ML LARANJA : REFRIGERANTE JABOTI 250ML";"7896490403710";"2121"
"REFRIGERANTE ITUBAINA LN 355ML : REFRIGERANTE ITUBAINA LN 355ML";"7896052603497";"68865"
"REFRIGERANTE H2OH LIMONETO 1,5L : REFRIGERANTE H2OH LIMONETO 1,5L";"7892840812881";"427"
"REFRIGERANTE H2OH LIMAO 1,5L : REFRIGERANTE H2OH LIMAO 1,5L";"7892840812416";"41471"
"REFRIGERANTE H2OH 500ML LIMONETO : REFRIGERANTE H2OH 500ML";"7892840812867";"4454"
"REFRIGERANTE H2OH 500ML LIMAO : REFRIGERANTE H2OH 500ML";"7892840812447";"4454"
"REFRIGERANTE FYS LIMAO SIC. 350ML ZERO ACUCARES : REFRIGERANTE FYS LIMAO SIC. 350ML";"7896052608126";"72402"
"REFRIGERANTE FYS LIMAO SIC. 350ML TRADICIONAL : REFRIGERANTE FYS LIMAO SIC. 350ML";"7896052607167";"72402"
"REFRIGERANTE FYS LARANJA-PERA 350ML : REFRIGERANTE FYS LARANJA-PERA 350ML";"7896052607129";"72401"
"REFRIGERANTE FYS GUARANA 350ML ZERO : REFRIGERANTE FYS GUARANA 350ML";"7896052608140";"61565"
"REFRIGERANTE FYS GUARANA 350ML : REFRIGERANTE FYS GUARANA 350ML";"7896052607044";"61565"
"REFRIGERANTE FANTA UVA 2L : REFRIGERANTE FANTA UVA 2L";"7894900059922";"17267"
"REFRIGERANTE FANTA RETORNAVEL 2L UVA : REFRIGERANTE FANTA RETORNAVEL 2L";"7894900054217";"49369"
"REFRIGERANTE FANTA RETORNAVEL 2L LARANJA : REFRIGERANTE FANTA RETORNAVEL 2L";"7894900034219";"49369"
"REFRIGERANTE FANTA PET 200ML UVA : REFRIGERANTE FANTA PET 200ML";"78938571";"21911"
"REFRIGERANTE FANTA PET 200ML LARANJA : REFRIGERANTE FANTA PET 200ML";"7894900032215";"21911"
"REFRIGERANTE FANTA MARACUJA 350ML LATA : REFRIGERANTE FANTA MARACUJA 350ML";"7894900091007";"29678"
"REFRIGERANTE FANTA LATA 350ML UVA : REFRIGERANTE FANTA LATA 350ML";"7894900050226";"2116"
"REFRIGERANTE FANTA LATA 350ML LARANJA ZERO : REFRIGERANTE FANTA LATA 350ML";"7894900150018";"2116"
"REFRIGERANTE FANTA LATA 350ML LARANJA : REFRIGERANTE FANTA LATA 350ML";"7894900030228";"2116"
"REFRIGERANTE FANTA LARANJA ZERO 2L : REFRIGERANTE FANTA LARANJA ZERO 2L";"7894900151510";"34492"
"REFRIGERANTE FANTA LARANJA 2L : REFRIGERANTE FANTA LARANJA 2L";"7894900039924";"2174"
"REFRIGERANTE FANTA GUARANA 350ML LATA : REFRIGERANTE FANTA GUARANA 350ML";"7894900093001";"45427"
"REFRIGERANTE FANTA GUARANA 2L TRADICIONAL : REFRIGERANTE FANTA GUARANA 2L";"7894900093056";"45428"
"REFRIGERANTE FANTA GUARANA 200ML PET : REFRIGERANTE FANTA GUARANA 200ML";"7894900093384";"56845"
"REFRIGERANTE FANTA CAJU LATA 350ML : REFRIGERANTE FANTA CAJU LATA 350ML";"7894900096545";"70986"
"REFRIGERANTE FANTA CAJU 2L : REFRIGERANTE FANTA CAJU 2L";"7894900096668";"70985"
"REFRIGERANTE FANTA 600ML UVA : REFRIGERANTE FANTA 600ML";"7894900059908";"2158"
"REFRIGERANTE FANTA 600ML LARANJA : REFRIGERANTE FANTA 600ML";"7894900039900";"2158"
"REFRIG. JABOTI GUARANA VD 600ML : REFRIG. JABOTI GUARANA VD 600ML";"7896490400078";"53932"
"REFRIG. GUARANA ANTART. ZERO 350ML LATA : REFRIG. GUARANA ANTART. ZERO 350ML";"7891991002288";"28234"
"REFRIG. GUARANA ANTARCTICA ZERO 2L : REFRIG. GUARANA ANTARCTICA ZERO 2L";"7891991001373";"37580"
"REFRIG. GUARANA ANTARCTICA VD 1L : REFRIG. GUARANA ANTARCTICA VD 1L";"7891991010542";"20047"
"REFRIG. GUARANA ANTARCTICA 600ML ZERO : REFRIG. GUARANA ANTARCTICA 600ML";"7891991002684";"2148"
"REFRIG. GUARANA ANTARCTICA 600ML TRADICIONAL : REFRIG. GUARANA ANTARCTICA 600ML";"7891991002646";"2148"
"REFRIG. GUARANA ANTARCTICA 350ML LATA : REFRIG. GUARANA ANTARCTICA 350ML";"7891991002189";"2115"
"REFRIG. GUARANA ANTARCTICA 2L TRADICIONAL : REFRIG. GUARANA ANTARCTICA 2L";"7891991001342";"2216"
"REFRIG. GUARANA ANTARCTICA 200ML ZERO : REFRIG. GUARANA ANTARCTICA 200ML";"7891991016124";"58364"
"REFRIG. GUARANA ANTARCTICA 200ML : REFRIG. GUARANA ANTARCTICA 200ML";"7891991014908";"58364"
"REFRIG. GUARANA ANTARCTICA 1L - 2UN : REFRIG. GUARANA ANTARCTICA 1L - 2UN";"7891991015868";"6044"
"REFRIG COCA COLA ZERO RETORNAV. 2L : REFRIG COCA COLA ZERO RETORNAV. 2L";"7894900704211";"49368"
"REFRIG COCA COLA ZERO PET 200ML : REFRIG COCA COLA ZERO PET 200ML";"78933873";"49341"
"REFRIG COCA COLA ZERO LT 350ML ZERO : REFRIG COCA COLA ZERO LT 350ML";"7894900709841";"28777"
"REFRIG COCA COLA ZERO LT 220ML ZERO ACUCAR : REFRIG COCA COLA ZERO LT 220ML";"7894900700398";"47103"
"REFRIG COCA COLA ZERO 600ML  : REFRIG COCA COLA ZERO 600ML";"7894900701609";"6287"
"REFRIG COCA COLA ZERO 2L+250ML : REFRIG COCA COLA ZERO 2L+250ML";"7894900708394";"49830"
"REFRIG COCA COLA ZERO 2L : REFRIG COCA COLA ZERO 2L";"7894900701517";"6286"
"REFRIG COCA COLA RETORNAVEL 2L ORIGINAL : REFRIG COCA COLA RETORNAVEL 2L";"7894900027082";"28201"
"REFRIG COCA COLA RETORNAVEL 1L : REFRIG COCA COLA RETORNAVEL 1L";"7894900027099";"8748"
"REFRIG COCA COLA ORIGINAL PET 200ML : REFRIG COCA COLA ORIGINAL PET 200ML";"78908901";"49338"
"REFRIG COCA COLA ORIGINAL LT 350ML ORIGINAL : REFRIG COCA COLA ORIGINAL LT 350ML";"7894900019841";"2165"
"REFRIG COCA COLA ORIGINAL LT 220ML ORIGINAL : REFRIG COCA COLA ORIGINAL LT 220ML";"7894900010398";"46072"
"REFRIG COCA COLA ORIGINAL 600ML ORIGINAL : REFRIG COCA COLA ORIGINAL 600ML";"7894900011609";"2153"
"REFRIG COCA COLA ORIGINAL 350ML 6UN LEVE+ PAGUE - : REFRIG COCA COLA ORIGINAL 350ML 6UN";"7894900011326";"61046"
"REFRIG COCA COLA ORIGINAL 2L+250ML ORIGINAL : REFRIG COCA COLA ORIGINAL 2L+250ML";"7894900027068";"17201"
"REFRIG COCA COLA ORIGINAL 2L : REFRIG COCA COLA ORIGINAL 2L";"7894900027013";"2181"
"REFRIG COCA COLA ORIGINAL 2,5L : REFRIG COCA COLA ORIGINAL 2,5L";"7894900027020";"7809"
"REFRIG COCA COLA 2L+FANTA LARANJA : REFRIG COCA COLA 2L+FANTA LARANJA";"7894900093193";"11528"
"REFRESCO TANG 18G UVA INTENSA : REFRESCO TANG 18G";"7622210932402";"34773"
"REFRESCO TANG 18G UVA : REFRESCO TANG 18G";"7622300861223";"34773"
"REFRESCO TANG 18G TANGERINA : REFRESCO TANG 18G";"7622300862077";"34773"
"REFRESCO TANG 18G MORANGO : REFRESCO TANG 18G";"7622300861308";"34773"
"REFRESCO TANG 18G MARACUJA : REFRESCO TANG 18G";"7622300861261";"34773"
"REFRESCO TANG 18G MANGA : REFRESCO TANG 18G";"7622300861957";"34773"
"REFRESCO TANG 18G LIMAO : REFRESCO TANG 18G";"7622300861919";"34773"
"REFRESCO TANG 18G LARANJA/MAMAO : REFRESCO TANG 18G";"7622300861872";"34773"
"REFRESCO TANG 18G LARANJA DOCINHA : REFRESCO TANG 18G";"7622210762894";"34773"
"REFRESCO TANG 18G LARANJA : REFRESCO TANG 18G";"7622300861186";"34773"
"REFRESCO TANG 18G GUARANA : REFRESCO TANG 18G";"7622300820787";"34773"
"REFRESCO TANG 18G GOIABA : REFRESCO TANG 18G";"7622210762962";"34773"
"REFRESCO TANG 18G ABACAXI : REFRESCO TANG 18G";"7622300861148";"34773"
"REFRESCO MID 20G UVA : REFRESCO MID 20G";"7891132082346";"30673"
"REFRESCO MID 20G TANGERINA : REFRESCO MID 20G";"7891132082445";"30673"
"REFRESCO MID 20G MORANGO : REFRESCO MID 20G";"7891132082384";"30673"
"REFRESCO MID 20G MARACUJA : REFRESCO MID 20G";"7891132082360";"30673"
"REFRESCO MID 20G MANGA : REFRESCO MID 20G";"7891132082483";"30673"
"REFRESCO MID 20G LIMONADA SUICA : REFRESCO MID 20G";"7891132083107";"30673"
"REFRESCO MID 20G LIMAO : REFRESCO MID 20G";"7891132083114";"30673"
"REFRESCO MID 20G LARANJA DOCE : REFRESCO MID 20G";"7891132083091";"30673"
"REFRESCO MID 20G LARANJA : REFRESCO MID 20G";"7891132082322";"30673"
"REFRESCO MID 20G JABUTICABA : REFRESCO MID 20G";"7891132082308";"30673"
"REFRESCO MID 20G GUARANA : REFRESCO MID 20G";"7891132082568";"30673"
"REFRESCO MID 20G GROSELHA : REFRESCO MID 20G";"7891132082292";"30673"
"REFRESCO MID 20G GRAVIOLA : REFRESCO MID 20G";"7891132082537";"30673"
"REFRESCO MID 20G GOIABA : REFRESCO MID 20G";"7891132082261";"30673"
"REFRESCO MID 20G CAJU : REFRESCO MID 20G";"7891132082476";"30673"
"REFRESCO MID 20G BAUNILHA/LIMAO : REFRESCO MID 20G";"7891132082438";"30673"
"REFRESCO MID 20G ABACAXI : REFRESCO MID 20G";"7891132082407";"30673"
"REFRESCO FRISCO 18G UVA : REFRESCO FRISCO 18G";"7896490290730";"43084"
"REFRESCO FRISCO 18G TANGERINA : REFRESCO FRISCO 18G";"7896045112432";"43084"
"REFRESCO FRISCO 18G SALADA FRUTAS : REFRESCO FRISCO 18G";"7896045112418";"43084"
"REFRESCO FRISCO 18G MORANGO : REFRESCO FRISCO 18G";"7896490290693";"43084"
"REFRESCO FRISCO 18G MARACUJA : REFRESCO FRISCO 18G";"7896490290686";"43084"
"REFRESCO FRISCO 18G MARAC./IOGURTE : REFRESCO FRISCO 18G";"7896045112623";"43084"
"REFRESCO FRISCO 18G MANGA : REFRESCO FRISCO 18G";"7896045112111";"43084"
"REFRESCO FRISCO 18G LIMAO : REFRESCO FRISCO 18G";"7896490290662";"43084"
"REFRESCO FRISCO 18G LARANJA/ACEROLA : REFRESCO FRISCO 18G";"7896045112425";"43084"
"REFRESCO FRISCO 18G LARANJA : REFRESCO FRISCO 18G";"7896490290648";"43084"
"REFRESCO FRISCO 18G GUARANA : REFRESCO FRISCO 18G";"7896045112449";"43084"
"REFRESCO FRISCO 18G GOIABA : REFRESCO FRISCO 18G";"7896045112456";"43084"
"REFRESCO FRISCO 18G CAJU : REFRESCO FRISCO 18G";"7896045112463";"43084"
"REFRESCO FRISCO 18G BAUNILHA/LIMAO : REFRESCO FRISCO 18G";"7896045112715";"43084"
"REFRESCO FRISCO 18G ABACAXI : REFRESCO FRISCO 18G";"7896490290587";"43084"
"REFRESCO CLIGHT ZERO ACUCAR 8G UVA : REFRESCO CLIGHT ZERO ACUCAR 8G";"7622210696670";"26760"
"REFRESCO CLIGHT ZERO ACUCAR 8G MORANGO : REFRESCO CLIGHT ZERO ACUCAR 8G";"7622210696441";"26760"
"REFRESCO CLIGHT ZERO ACUCAR 8G MARACUJA : REFRESCO CLIGHT ZERO ACUCAR 8G";"7622210696595";"26760"
"REFRESCO CLIGHT ZERO ACUCAR 8G LIMONADA : REFRESCO CLIGHT ZERO ACUCAR 8G";"7622210696328";"26760"
"REFRESCO CLIGHT ZERO ACUCAR 8G LARANJA : REFRESCO CLIGHT ZERO ACUCAR 8G";"7622210696632";"26760"
"REFRESCO CLIGHT ZERO ACUCAR 8G ABACAXI : REFRESCO CLIGHT ZERO ACUCAR 8G";"7622210696397";"26760"
"REFRESCO BRASSUK 300G CAJU : REFRESCO BRASSUK 300G";"7898634791011";"4638"
"REFRESCO BRASSUK 300G ABACAXI : REFRESCO BRASSUK 300G";"7898634790908";"4638"
"REFRESCO BRASSUK 20G UVA : REFRESCO BRASSUK 20G";"7898634791233";"1442"
"REFRESCO BRASSUK 20G TANGERINA : REFRESCO BRASSUK 20G";"7896683402988";"1442"
"REFRESCO BRASSUK 20G SALADA DE FRUTA : REFRESCO BRASSUK 20G";"7898634791189";"1442"
"REFRESCO BRASSUK 20G MORANGO : REFRESCO BRASSUK 20G";"7898634791165";"1442"
"REFRESCO BRASSUK 20G MELANCIA : REFRESCO BRASSUK 20G";"7898634791295";"1442"
"REFRESCO BRASSUK 20G MARACUJA : REFRESCO BRASSUK 20G";"7898634791141";"1442"
"REFRESCO BRASSUK 20G MANGA : REFRESCO BRASSUK 20G";"7898634791127";"1442"
"REFRESCO BRASSUK 20G LIMAO : REFRESCO BRASSUK 20G";"7898634791103";"1442"
"REFRESCO BRASSUK 20G LARANJA/MAMAO : REFRESCO BRASSUK 20G";"7896683414608";"1442"
"REFRESCO BRASSUK 20G LARANJA : REFRESCO BRASSUK 20G";"7898634791066";"1442"
"REFRESCO BRASSUK 20G CAJU : REFRESCO BRASSUK 20G";"7898634791257";"1442"
"REFRESCO BRASSUK 20G ABACAXI : REFRESCO BRASSUK 20G";"7898634790892";"1442"
"REFOGADO DE LEGUMES KG : REFOGADO DE LEGUMES KG";"6439";"51500"
"REFIL PARA RODO ALUMINIO 60CM HB : REFIL PARA RODO ALUMINIO 60CM HB";"7897004404131";"307"
"REFIL PARA RODO 40CM HB : REFIL PARA RODO 40CM HB";"7897004404117";"6038"
"REFEICAO WHISKAS FILHOTES 2-12M 85G FRANGO AO MOLH : REFEICAO WHISKAS FILHOTES 2-12M 85G";"7896029077696";"50253"
"REFEICAO WHISKAS FILHOTES 2-12M 85G CARNE AO MOLHO : REFEICAO WHISKAS FILHOTES 2-12M 85G";"7896029077689";"50253"
"REFEICAO WHISKAS ADULTO JELLY 85G CARNE 1+ : REFEICAO WHISKAS ADULTO JELLY 85G";"7896029047446";"50254"
"REFEICAO WHISKAS ADULT SENIOR 7+85G FRANGO : REFEICAO WHISKAS ADULT SENIOR 7+85G";"7896029077610";"9614"
"REFEICAO WHISKAS ADULT SENIOR 7+85G CARNE : REFEICAO WHISKAS ADULT SENIOR 7+85G";"7896029077603";"9614"
"REFEICAO WHISKAS ADULT SENIOR 7+85G 1+ SALMAO : REFEICAO WHISKAS ADULT SENIOR 7+85G";"7896029077658";"9614"
"REFEICAO WHISKAS ADULT SENIOR 7+85G 1+ CORDEIRO : REFEICAO WHISKAS ADULT SENIOR 7+85G";"7896029077634";"9614"
"REFEICAO WHISKAS ADULT SENIOR 7+85G 1+ ATUM : REFEICAO WHISKAS ADULT SENIOR 7+85G";"7896029077641";"9614"
"RECORTE PICANHA SULBEEF KG : RECORTE PICANHA SULBEEF KG";"7011";"57303"
"RECHEADINHO BAUDUCCO 112G GOIABINHA : RECHEADINHO BAUDUCCO 112G";"7891962050065";"43007"
"RECHEADINHO BAUDUCCO 104G CHOCOLATE : RECHEADINHO BAUDUCCO 104G";"7891962050072";"43008"
"RECHEADINHO BAUDUCCO 104G BRIGADEIRO : RECHEADINHO BAUDUCCO 104G";"7891962050089";"43008"
"RECARGA THE RAZOR6 DR. JONES 6UN : RECARGA THE RAZOR6 DR. JONES 6UN";"7891033570324";"68768"
"RECARGA THE RAZOR4 DR. JONES 4UN : RECARGA THE RAZOR4 DR. JONES 4UN";"7891033570331";"68769"
"RAVIOLI MEZZANI 400G FRANGO : RAVIOLI MEZZANI 400G";"7896216100510";"1938"
"RAVIOLI MEZZANI 400G CARNE : RAVIOLI MEZZANI 400G";"7896216100572";"1938"
"RAVIOLI MEZZANI 400G 4 QUEIJOS : RAVIOLI MEZZANI 400G";"7896216100527";"1938"
"RASTEIRA IPANEMA MEU SOL ROSA CLARO : RASTEIRA IPANEMA MEU SOL";"7909937451776";"43289"
"RAPADURA RUSCHEL 400G : RAPADURA RUSCHEL 400G";"7899542000356";"45732"
"RAPADURA CASTILHO 400G TRADICIONAL : RAPADURA CASTILHO 400G";"7898909867434";"736"
"RAPADURA CASTILHO 400G MAMAO : RAPADURA CASTILHO 400G";"7898909867465";"736"
"RAP 10 PULLMAN TRADICIONAL 297G TRADICIONAL : RAP 10 PULLMAN TRADICIONAL 297G";"7896002363792";"48460"
"RAP 10 PULLMAN 297G INTEGRAL : RAP 10 PULLMAN 297G";"7896002365420";"5960"
"RALO PARA PIA DONNA KITCHEN : RALO PARA PIA DONNA KITCHEN";"7898908418095";"47844"
"RALIXA (RALO E LIXA) NEDO REF. 540 : RALIXA (RALO E LIXA) NEDO REF. 540";"7896619805401";"7699"
"RALINHO PIA TIPO JAPONES TELA NEDO 3 1/2 : RALINHO PIA TIPO JAPONES TELA NEDO";"7896619802721";"9680"
"RALINHO PIA TIPO JAPONES NEDO REF. 270 : RALINHO PIA TIPO JAPONES NEDO";"7896619802707";"6554"
"RALINHO PIA AMERICANO NEDO REF. 150 : RALINHO PIA AMERICANO NEDO REF. 150";"7896619801502";"6553"
"RALINHO PIA ALUMINIO NEDO REF. 151 : RALINHO PIA ALUMINIO NEDO REF. 151";"7896619801519";"9721"
"RALINHO LAVATORIO TIPO JAPONES NEDO REF. 271 : RALINHO LAVATORIO TIPO JAPONES NEDO";"7896619802714";"4945"
"RALADOR TRAMONTINA UTILITA : RALADOR TRAMONTINA UTILITA";"7891112251311";"60889"
"RALADOR 4 FACES VIEL : RALADOR 4 FACES VIEL";"7896835232012";"10057"
"RAIZ FORTE WASABI BISNAGA KARUI 43G : RAIZ FORTE WASABI BISNAGA KARUI 43G";"7898270969645";"70060"
"RAID FAMILY 45 NOITES REFIL 32,9ML : RAID FAMILY 45 NOITES REFIL 32,9ML";"7894650939161";"65970"
"RAID FAMILY 45 NOITES REFIL - 50% : RAID FAMILY 45 NOITES REFIL - 50%";"7894650939925";"65852"
"RAID ELETRICO RF. PASTILHAS L12P10 : RAID ELETRICO RF. PASTILHAS L12P10";"7894650002032";"176"
"RAID ELETRICO RF. FAMILY 3UN 32,9ML  : RAID ELETRICO RF. FAMILY 3UN 32,9ML";"7894650008980";"73332"
"RAID ELETRICO RF. 45 NOITES 3UN 32,5ML : RAID ELETRICO RF. 45 NOITES 3UN";"7894650007761";"65847"
"RAID ELETRICO RF. 45 NOITES 32,9ML ORIGINAL : RAID ELETRICO RF. 45 NOITES 32,9ML";"7894650126165";"4603"
"RAID ELETRICO RF. 45 NOITES 32,9ML OLEO CITRONELA : RAID ELETRICO RF. 45 NOITES 32,9ML";"7894650013014";"4603"
"RAID ELETRICO RF. 45 NOITES 32,9ML EUCALIPTO : RAID ELETRICO RF. 45 NOITES 32,9ML";"7894650003336";"4603"
"RAID ELETRICO APAR.+REFIL 45 NOITES 32,9ML : RAID ELETRICO APAR.+REFIL 45 NOITES";"7894650013281";"43324"
"RAID AEROSOL TECNO 420ML AGUA PURIFICADO : RAID AEROSOL TECNO 420ML";"7894650008546";"70621"
"RAID AEROSOL LEVE+ PAGUE- 420ML EUCALIPTO : RAID AEROSOL LEVE+ PAGUE- 420ML";"7894650003848";"70443"
"RAID AEROSOL LEVE+ PAGUE- 420ML BASE AGUA : RAID AEROSOL LEVE+ PAGUE- 420ML";"7894650008539";"70443"
"RAID AEROSOL 420ML. BARATA/FORMIGA : RAID AEROSOL 420ML.";"7894650005569";"152"
"RAID AEROSOL 420ML CITRONELA : RAID AEROSOL 420ML";"7894650014295";"30609"
"RAID 45 NOITES RF 32,9ML - 50% DESC : RAID 45 NOITES RF 32,9ML - 50% DESC";"7894650004029";"31733"
"RACAO WHISKAS MELHOR POR NATUREZA SALMAO : RACAO WHISKAS MELHOR POR NATUREZA";"7896029008713";"62670"
"RACAO WHISKAS MELHOR POR NATUREZA 900G FRANGO : RACAO WHISKAS MELHOR POR NATUREZA";"7896029008683";"62670"
"RACAO WHISKAS GATOS CASTRADOS 900G CARNE : RACAO WHISKAS GATOS CASTRADOS 900G";"7896029092439";"63454"
"RACAO WHISKAS GATOS CASTRADOS 500G CARNE : RACAO WHISKAS GATOS CASTRADOS 500G";"7896029086995";"62668"
"RACAO WHISKAS FILHOTES 900G CARNE/LEITE : RACAO WHISKAS FILHOTES 900G";"7896029092415";"63455"
"RACAO WHISKAS ADULTO 900G CARNE : RACAO WHISKAS ADULTO 900G";"7896029092224";"7736"
"RACAO WHISKAS ADULTO 500G PEIXE : RACAO WHISKAS ADULTO 500G";"7896029007020";"4790"
"RACAO WHISKAS ADULTO 500G CARNE : RACAO WHISKAS ADULTO 500G";"7896029007013";"4790"
"RACAO WHISKAS ADULTO 2,7KG CARNE : RACAO WHISKAS ADULTO 2,7KG";"7896029091944";"63456"
"RACAO PEDIGREE NUTR. ESSENCIAL 900G CARNE : RACAO PEDIGREE NUTR. ESSENCIAL 900G";"7896029087336";"62666"
"RACAO PEDIGREE FILHOTE 900G RACA MEDIA : RACAO PEDIGREE FILHOTE 900G";"7896029083482";"28279"
"RACAO PEDIGREE ADULTO 900G RAÇAS PEQUENAS : RACAO PEDIGREE ADULTO 900G";"7896029082447";"267"
"RACAO PEDIGREE ADULTO 900G CARNE/VEGETAIS : RACAO PEDIGREE ADULTO 900G";"7896029082416";"267"
"RACAO PEDIGREE ADULTO 900G CARNE/FRANG/CER : RACAO PEDIGREE ADULTO 900G";"7896029083505";"267"
"RACAO FRISKIES PURINA FILHOTES 1KG FILHOTES : RACAO FRISKIES PURINA FILHOTES 1KG";"7891000077276";"48208"
"RACAO FRISKIES PURINA CASTRADOS 1KG MEGAMIX : RACAO FRISKIES PURINA CASTRADOS 1KG";"7891000257944";"68993"
"RACAO FRISKIES PURINA CASTRADO 3KG MIX CARNE : RACAO FRISKIES PURINA CASTRADO 3KG";"7891000364014";"68919"
"RACAO FRISKIES PURINA CASTRADO 3KG MEGAMIX : RACAO FRISKIES PURINA CASTRADO 3KG";"7891000298275";"68919"
"RACAO FRISKIES PURINA ADULTOS 1KG SELEC. SABOROSA : RACAO FRISKIES PURINA ADULTOS 1KG";"7891000069905";"36392"
"RACAO FRISKIES PURINA ADULTOS 1KG PETISCOS DO MAR : RACAO FRISKIES PURINA ADULTOS 1KG";"7891000069783";"36392"
"RACAO FRISKIES PURINA ADULTOS 1KG MEGAMIX : RACAO FRISKIES PURINA ADULTOS 1KG";"7891000363898";"36392"
"RACAO FRISKIES PURINA ADULTOS 1KG DELIC. FAZENDA : RACAO FRISKIES PURINA ADULTOS 1KG";"7891000621608";"36392"
"RACAO FRISKIES PURINA ADULTO 3KG MIX DE CARNES : RACAO FRISKIES PURINA ADULTO 3KG";"7891000069417";"68918"
"RACAO FRISKIES PURINA ADULTO 3KG MEGAMIX : RACAO FRISKIES PURINA ADULTO 3KG";"7891000363949";"68918"
"RACAO FRISKIES AO MOLHO SACHE 85G SALMAO : RACAO FRISKIES AO MOLHO SACHE 85G";"7891000118108";"36393"
"RACAO FRISKIES AO MOLHO SACHE 85G CORDEIRO : RACAO FRISKIES AO MOLHO SACHE 85G";"7891000115787";"36393"
"RACAO FRISKIES AO MOLHO SACHE 85G CARNE : RACAO FRISKIES AO MOLHO SACHE 85G";"7891000115763";"36393"
"RACAO FRISKIES AO MOLHO SACHE 85G CARNE - FILHOTE : RACAO FRISKIES AO MOLHO SACHE 85G";"7891000115800";"36393"
"RACAO FRISKIES AO MOLHO SACHE 85G ATUM : RACAO FRISKIES AO MOLHO SACHE 85G";"7891000118115";"36393"
"RACAO DOG CHOW FILHOTES 1KG RACAS PEQUENAS : RACAO DOG CHOW FILHOTES 1KG";"7891000116616";"36391"
"RACAO DOG CHOW FILHOTES 1KG RACAS MEDIAS : RACAO DOG CHOW FILHOTES 1KG";"7896015606237";"36391"
"RACAO DOG CHOW FILHOTE 3KG MINIS/PEQUENOS : RACAO DOG CHOW FILHOTE 3KG";"7891000116500";"68920"
"RACAO DOG CHOW AO MOLHO 100G MINI - SALMAO : RACAO DOG CHOW AO MOLHO 100G";"7891000244722";"44535"
"RACAO DOG CHOW AO MOLHO 100G MINI - CARNE : RACAO DOG CHOW AO MOLHO 100G";"7891000244142";"44535"
"RACAO DOG CHOW AO MOLHO 100G FRANGO-FILHOTE : RACAO DOG CHOW AO MOLHO 100G";"7891000115695";"44535"
"RACAO DOG CHOW AO MOLHO 100G FRANGO : RACAO DOG CHOW AO MOLHO 100G";"7891000115657";"44535"
"RACAO DOG CHOW AO MOLHO 100G CORDEIRO TENRO : RACAO DOG CHOW AO MOLHO 100G";"7891000115671";"44535"
"RACAO DOG CHOW AO MOLHO 100G CARNE FILHOTE : RACAO DOG CHOW AO MOLHO 100G";"7891000244746";"44535"
"RACAO DOG CHOW AO MOLHO 100G CARNE : RACAO DOG CHOW AO MOLHO 100G";"7891000115633";"44535"
"RACAO DOG CHOW AO MOLHO 100G ADULTO M FRANGO : RACAO DOG CHOW AO MOLHO 100G";"7891000244111";"44535"
"RACAO DOG CHOW ADULTO 3KG MINIS/PEQUENOS : RACAO DOG CHOW ADULTO 3KG";"7891000116586";"68921"
"RACAO DOG CHOW ADULTO 3KG MEDIO/GRANDES : RACAO DOG CHOW ADULTO 3KG";"7891000116739";"68921"
"RACAO DOG CHOW ADULTO 1KG RACAS PEQUENAS : RACAO DOG CHOW ADULTO 1KG";"7896015606589";"36387"
"RACAO DOG CHOW ADULTO 1KG MEDIA/GRANDE : RACAO DOG CHOW ADULTO 1KG";"7891000246832";"36387"
"RACAO CHAMP FILHOTES 900G : RACAO CHAMP FILHOTES 900G";"7896029082362";"7720"
"RACAO CHAMP CAES ADULTOS 900G CARNE/CEREAIS : RACAO CHAMP CAES ADULTOS 900G";"7896029082348";"294"
"RACAO ALPO FILHOTES PURINA 1KG : RACAO ALPO FILHOTES PURINA 1KG";"7891000347263";"36386"
"RACAO ALPO ADULTO PURINA 1KG TODOS TAMANHOS : RACAO ALPO ADULTO PURINA 1KG";"7891000050804";"256"
"RABANETE UN : RABANETE UN";"3757";"31918"
"QUIRERA DE MILHO ZILIO 500G : QUIRERA DE MILHO ZILIO 500G";"7896280400141";"9595"
"QUINOA EM GRAOS ZILIO100G : QUINOA EM GRAOS ZILIO100G";"7896280402596";"62370"
"QUINOA EM FLOCOS VITALIN 120G SEM GLUTEN : QUINOA EM FLOCOS VITALIN 120G";"7898944019997";"59030"
"QUINDIM KG : QUINDIM KG";"368";"8302"
"QUICHE RECHEADO DONA NELZA KG LORRAINE : QUICHE RECHEADO DONA NELZA KG";"8139";"44898"
"QUICHE RECHEADO DONA NELZA KG BROCOLIS/BACON : QUICHE RECHEADO DONA NELZA KG";"8138";"44898"
"QUICHE RECHEADO DONA NELZA KG 4 QUEIJOS : QUICHE RECHEADO DONA NELZA KG";"5844";"44898"
"QUIBE PRE FRITO PIZZAOLA 500G : QUIBE PRE FRITO PIZZAOLA 500G";"7897206800724";"56314"
"QUIABO PICADO BANDEJA KG : QUIABO PICADO BANDEJA KG";"355";"7648"
"QUIABO PICADO ART VERDE BAND. 250G : QUIABO PICADO ART VERDE BAND.";"7898945773171";"69604"
"QUIABO KG : QUIABO KG";"567";"3008"
"QUEROSENE BUFALO TRADICIONAL 500ML : QUEROSENE BUFALO TRADICIONAL 500ML";"7896097604039";"7659"
"QUEROSENE BUFALO TRADICIONAL 1L : QUEROSENE BUFALO TRADICIONAL 1L";"7896097604015";"7661"
"QUEROSENE BUFALO PERFUMADO 500ML LAVANDA : QUEROSENE BUFALO PERFUMADO 500ML";"7896097617138";"137"
"QUEROSENE BUFALO PERFUMADO 500ML JASMIM : QUEROSENE BUFALO PERFUMADO 500ML";"7896097617145";"137"
"QUEROSENE BUFALO PERFUMADO 500ML FLORAL : QUEROSENE BUFALO PERFUMADO 500ML";"7896097617114";"137"
"QUEROSENE BUFALO PERFUMADO 500ML EUCALIPTO : QUEROSENE BUFALO PERFUMADO 500ML";"7896097617886";"137"
"QUEROSENE BUFALO PERFUMADO 1L LAVANDA : QUEROSENE BUFALO PERFUMADO 1L";"7896097617176";"7663"
"QUEROSENE BUFALO PERFUMADO 1L JASMIM : QUEROSENE BUFALO PERFUMADO 1L";"7896097617183";"7663"
"QUEROSENE BUFALO PERFUMADO 1L EUCALIPTO : QUEROSENE BUFALO PERFUMADO 1L";"7896097617893";"7663"
"QUEROSENE BUFALO PERFUMADO 1L CITRONELA : QUEROSENE BUFALO PERFUMADO 1L";"7896097617169";"7663"
"QUEROSENE APACHE 500ML : QUEROSENE APACHE 500ML";"7896090704125";"67093"
"QUEROSENE APACHE 1L : QUEROSENE APACHE 1L";"7896090704033";"140"
"QUEIJO TIPO GOUDA FRAC. FRIMESA KG : QUEIJO TIPO GOUDA FRAC. FRIMESA KG";"7896275960247";"62913"
"QUEIJO TIPO GOUDA FRAC BELLA ITALIA KG : QUEIJO TIPO GOUDA FRAC BELLA ITALIA";"7002";"57222"
"QUEIJO SANDWICH-IN POLENGHI 144G CHEDDAR : QUEIJO SANDWICH-IN POLENGHI 144G";"7891143001206";"33628"
"QUEIJO REINO PIRACANJUBA FAT. 150G : QUEIJO REINO PIRACANJUBA FAT. 150G";"7898215150800";"52203"
"QUEIJO REINO FRAC. TIROLEZ KG : QUEIJO REINO FRAC. TIROLEZ KG";"7896030518966";"33013"
"QUEIJO REINO FRAC. BELLA ITALIA KG : QUEIJO REINO FRAC. BELLA ITALIA KG";"1347";"2539"
"QUEIJO RALADO PURANATA 40G : QUEIJO RALADO PURANATA 40G";"7896747800705";"71704"
"QUEIJO RALADO MATILAT 40G : QUEIJO RALADO MATILAT 40G";"7896238105364";"55398"
"QUEIJO PROVOLONETE TIROLEZ KG : QUEIJO PROVOLONETE TIROLEZ KG";"4292";"33010"
"QUEIJO PROVOLONETE TIROLEZ 335G : QUEIJO PROVOLONETE TIROLEZ 335G";"7896030520587";"60129"
"QUEIJO PROVOLONETE MATILAT KG : QUEIJO PROVOLONETE MATILAT KG";"7896238105579";"61023"
"QUEIJO PROVOLONE FRAC. TIROLEZ KG DEFUMADO : QUEIJO PROVOLONE FRAC. TIROLEZ KG";"7896030503078";"33012"
"QUEIJO PROVOLONE FRAC. FRIMESA KG : QUEIJO PROVOLONE FRAC. FRIMESA KG";"7896275960438";"62914"
"QUEIJO PRATO SADIA FATIADO 150G : QUEIJO PRATO SADIA FATIADO 150G";"7891515592080";"73712"
"QUEIJO PRATO LANCHE PIRACANJ. 150G FATIADO : QUEIJO PRATO LANCHE PIRACANJ. 150G";"7898215150657";"52202"
"QUEIJO PARMESAO TIROLEZ 245G : QUEIJO PARMESAO TIROLEZ 245G";"7896030519543";"65029"
"QUEIJO PARMESAO SCALA KG : QUEIJO PARMESAO SCALA KG";"2764";"17115"
"QUEIJO PARMESAO RALADO ITAMBE 50G : QUEIJO PARMESAO RALADO ITAMBE 50G";"7896051165491";"58366"
"QUEIJO PARMESAO RALADO DAVACA 50G GROSSO : QUEIJO PARMESAO RALADO DAVACA 50G";"7897318500796";"46134"
"QUEIJO PARMESAO FRIMESA KG : QUEIJO PARMESAO FRIMESA KG";"1598";"11237"
"QUEIJO PARMESAO FRAC. FRIMESA KG : QUEIJO PARMESAO FRAC. FRIMESA KG";"7896275960414";"62915"
"QUEIJO PARMESAO FRAC. DAVACA 260G : QUEIJO PARMESAO FRAC. DAVACA 260G";"7897318573363";"68076"
"QUEIJO PARMESAO DAVACA KG : QUEIJO PARMESAO DAVACA KG";"7897318572861";"47645"
"QUEIJO PARMESAO DAVACA 175G CILINDRO : QUEIJO PARMESAO DAVACA 175G";"7897318573356";"66902"
"QUEIJO MINEIRO NATA DE OURO KG : QUEIJO MINEIRO NATA DE OURO KG";"7898213820033";"2509"
"QUEIJO MINAS PADRAO PIRACANJUBA KG : QUEIJO MINAS PADRAO PIRACANJUBA KG";"7898215150947";"32956"
"QUEIJO MINAS PADRAO MATILAT KG : QUEIJO MINAS PADRAO MATILAT KG";"7896238101335";"42091"
"QUEIJO MINAS PADRAO LIGHT TIROLEZ FRACIONADO KG : QUEIJO MINAS PADRAO LIGHT TIROLEZ";"7896030518140";"33027"
"QUEIJO MINAS PADRAO FRAC. TIROLEZ KG : QUEIJO MINAS PADRAO FRAC. TIROLEZ";"7896030508011";"33026"
"QUEIJO MINAS PADRAO DAVACA KG : QUEIJO MINAS PADRAO DAVACA KG";"7897318524938";"44828"
"QUEIJO MINAS FRESCAL SABOROSO KG KG : QUEIJO MINAS FRESCAL SABOROSO KG";"7898902044153";"15284"
"QUEIJO MEIA CURA FRAC. TIROLEZ KG : QUEIJO MEIA CURA FRAC. TIROLEZ KG";"7896030520594";"51179"
"QUEIJO ITALAC RALADO 50G : QUEIJO ITALAC RALADO 50G";"7898080642660";"63878"
"QUEIJO GORGONZOLA BELLA ITALIA KG : QUEIJO GORGONZOLA BELLA ITALIA KG";"7898264360113";"10896"
"QUEIJO GORG. AZUL FRAC. TIROLEZ KG : QUEIJO GORG. AZUL FRAC. TIROLEZ KG";"7896030520464";"33008"
"QUEIJO FRIMESA PETIT SUISSE 360G MORANGO : QUEIJO FRIMESA PETIT SUISSE 360G";"7896275970406";"29690"
"QUEIJO COTTAGE ZERO L. TIROLEZ 200G : QUEIJO COTTAGE ZERO L. TIROLEZ 200G";"7896030520518";"44505"
"QUEIJO COTTAGE TIROLEZ 200G : QUEIJO COTTAGE TIROLEZ 200G";"7896030519826";"33017"
"QUEIJO COALHO TIROLEZ KG : QUEIJO COALHO TIROLEZ KG";"7896030519475";"33014"
"QUEIJO COALHO PURANATA ESPETO KG : QUEIJO COALHO PURANATA ESPETO KG";"6696";"53914"
"QUEIJO COALHO PIRACANJUBA FAT. 150G : QUEIJO COALHO PIRACANJUBA FAT. 150G";"7898215158059";"70600"
"QUEIJO COALHO PIRACANJUBA ESPETO KG : QUEIJO COALHO PIRACANJUBA ESPETO KG";"7898215151050";"32953"
"QUEIJO COALHO PALMEIRA KG : QUEIJO COALHO PALMEIRA KG";"6206";"49061"
"QUEIJO COALHO MATILAT KG  : QUEIJO COALHO MATILAT KG";"7896238101144";"42088"
"QUEIJO CHEDDAR FATIADO KG : QUEIJO CHEDDAR FATIADO KG";"7891143018495";"54476"
"QUEIJO BRIE TIROLEZ 125G : QUEIJO BRIE TIROLEZ 125G";"7896030519444";"63148"
"QUEIJO BRIE POLENGHI 125G : QUEIJO BRIE POLENGHI 125G";"7891143013308";"59095"
"QUEIJO AZUL MATILAT FRACIONADO KG : QUEIJO AZUL MATILAT FRACIONADO KG";"8716";"73757"
"QUEIJO AZUL FRIMESA FRACIONADO KG  : QUEIJO AZUL FRIMESA FRACIONADO KG";"7896275980580";"62912"
"QUEIJADINHA DE COCO KG : QUEIJADINHA DE COCO KG";"1818";"2880"
"PURURUCA KROCKER 25G PIMENTA : PURURUCA KROCKER 25G";"7898994462439";"43814"
"PURURUCA KROCKER 25G NATURAL : PURURUCA KROCKER 25G";"7898994462521";"43814"
"PURURUCA KROCKER 25G MOSTARDA : PURURUCA KROCKER 25G";"7898713410031";"43814"
"PURURUCA KROCKER 25G LIMAO : PURURUCA KROCKER 25G";"7898994462446";"43814"
"PURURUCA CASEIRINHO 150G : PURURUCA CASEIRINHO 150G";"7898420000648";"58107"
"PURO ALHO SEM SAL BELMONT 200G : PURO ALHO SEM SAL BELMONT 200G";"7896090501175";"39393"
"PURIF. LORENZETTI ACQUA DUE MESA : PURIF. LORENZETTI ACQUA DUE MESA";"7896451876614";"71761"
"PURE DE BATATA KG : PURE DE BATATA KG";"1357";"6777"
"PULVERIZADOR SANREMO 580ML 501 : PULVERIZADOR SANREMO 580ML";"7896359004478";"4960"
"PULVERIZADOR REGADOR PLASDURAN 1L : PULVERIZADOR REGADOR PLASDURAN 1L";"7897659629316";"64058"
"PULVERIZADOR PLASUTIL DEC. 300ML REF. 9907 : PULVERIZADOR PLASUTIL DEC. 300ML";"7899808888018";"24101"
"PULVERIZADOR PLASUTIL 580ML REF. 4861 : PULVERIZADOR PLASUTIL 580ML";"7896042048611";"29296"
"PULVERIZADOR PLASUTIL 300ML REF. 9793 : PULVERIZADOR PLASUTIL 300ML";"7899808897935";"12854"
"PUDIM ROYAL 50G CHOCOLATE : PUDIM ROYAL 50G";"7622300286019";"9128"
"PUDIM DR. OETKER DIET 30G CHOCOLATE : PUDIM DR. OETKER DIET 30G";"7891048044544";"4097"
"PUDIM DR. OETKER DIET 25G BAUNILHA : PUDIM DR. OETKER DIET 25G";"7891048044513";"915"
"PUDIM DR. OETKER 50G CHOCOLATE : PUDIM DR. OETKER 50G";"7891048045138";"21251"
"PUDIM DR. OETKER 50G BAUNILHA : PUDIM DR. OETKER 50G";"7891048045114";"21251"
"PUDIM DE PADARIA KG : PUDIM DE PADARIA KG";"2504";"15134"
"PUDIM DE LEITE NINHO POLPA MORANGO KG : PUDIM DE LEITE NINHO POLPA MORANGO";"6424";"51329"
"PUDIM DE LEITE NINHO KG : PUDIM DE LEITE NINHO KG";"631";"10317"
"PUDIM DE LEITE NINHO COM GANACHE KG : PUDIM DE LEITE NINHO COM GANACHE KG";"6423";"51327"
"PUDIM DE LEITE CONDENSADO KG : PUDIM DE LEITE CONDENSADO KG";"326";"2854"
"PUDIM BRETZKE 50G CHOCOLATE : PUDIM BRETZKE 50G";"7896072077063";"1239"
"PROTO WAFER NUTRATA 30G MORANGO : PROTO WAFER NUTRATA 30G";"7898599217212";"65545"
"PROTO WAFER NUTRATA 30G DOCE DE LEITE : PROTO WAFER NUTRATA 30G";"7898599217199";"65545"
"PROTO WAFER NUTRATA 30G CHOCOLATE BELGA : PROTO WAFER NUTRATA 30G";"7898599217205";"65545"
"PROTETOR TERMICO TRESEMME 110ML SPRAY : PROTETOR TERMICO TRESEMME 110ML";"7891150100343";"31625"
"PROTETOR SOLAR SUN PRIME FPS50 150ML : PROTETOR SOLAR SUN PRIME FPS50";"7898567703525";"66004"
"PROTETOR SOLAR LABIAL RICCA FPS15 MORANGO : PROTETOR SOLAR LABIAL RICCA FPS15";"7897517937881";"71909"
"PROTETOR SOLAR LABIAL RICCA FPS15 AMORA : PROTETOR SOLAR LABIAL RICCA FPS15";"7897517937904";"71909"
"PROTETOR P/ FOGAO WYDA 5 BOCAS PROTETOR P/ FOGAO W : PROTETOR P/ FOGAO WYDA 5 BOCAS";"7898930672953";"47565"
"PROTETOR P/ FOGAO WYDA 4 E 6 BOCAS COM 12 UNIDADES : PROTETOR P/ FOGAO WYDA 4 E 6 BOCAS";"7898930672601";"9696"
"PROTETOR DIARIO SYM LV40 PG35 SEM PERFUME : PROTETOR DIARIO SYM LV40 PG35";"7896110007557";"53098"
"PROTETOR DIARIO INTIMUS 80UN INDICADOR TROCA : PROTETOR DIARIO INTIMUS 80UN";"7896007552948";"67953"
"PROTETOR DIARIO INTIMUS 40UN L+P- ANTIBACTERIANA : PROTETOR DIARIO INTIMUS 40UN L+P-";"7896007550548";"9441"
"PROTETOR DIARIO INTIMUS 40UN INDICADOR TROCA : PROTETOR DIARIO INTIMUS 40UN";"7896007552931";"30180"
"PROTETOR DIARIO INTIMUS 15UN INDICADOR TROCA : PROTETOR DIARIO INTIMUS 15UN";"7896007552924";"472"
"PROTETOR DIARIO INTIMUS 15UN COM PERFUME : PROTETOR DIARIO INTIMUS 15UN";"7896007541959";"472"
"PROTETOR DIARIO INTIMUS 15UN ANTIBACTERIANA : PROTETOR DIARIO INTIMUS 15UN";"7896007550463";"472"
"PROTETOR DE CERDAS JADEFROG PROTEC : PROTETOR DE CERDAS JADEFROG PROTEC";"7897217400463";"36056"
"PROTEINA TEXT. SOJA SIAMAR 300G : PROTEINA TEXT. SOJA SIAMAR 300G";"7896069581979";"1131"
"PROTEINA TEXT. SOJA NAT. LIFE 400G CARNE : PROTEINA TEXT. SOJA NAT. LIFE 400G";"7896256040210";"18928"
"PROTEINA DE SOJA TEXT. CAMIL 400G FRANGO : PROTEINA DE SOJA TEXT. CAMIL 400G";"7896006791096";"34599"
"PROTEINA DE SOJA TEXT. CAMIL 400G CARNE : PROTEINA DE SOJA TEXT. CAMIL 400G";"7896006791072";"34599"
"PROTEIN CRISP BAR INTEGRALMED. 45G TRUFA C/AVELA : PROTEIN CRISP BAR INTEGRALMED. 45G";"7896311710300";"56020"
"PROTEIN CRISP BAR INTEGRALMED. 45G LEITE NINHO/CR. : PROTEIN CRISP BAR INTEGRALMED. 45G";"7896311768332";"56020"
"PROTEIN CRISP BAR INTEGRALMED. 45G DUO CRUNCH : PROTEIN CRISP BAR INTEGRALMED. 45G";"7896311773299";"56020"
"PROT. SOLAR+FACIAL AUSTRALIAN GOLD GEL CREME FPS50 : PROT. SOLAR+FACIAL AUSTRALIAN GOLD";"7891033518685";"68775"
"PROT. CAREFREE TODO DIA L80 P60 COM PERFUME : PROT. CAREFREE TODO DIA L80 P60";"7891010604349";"45912"
"PROT. CAREFREE TODO DIA 40UN SEM PERFUME : PROT. CAREFREE TODO DIA 40UN";"7891010039783";"53114"
"PROT. CAREFREE TODO DIA 15UN SEM PERFUME : PROT. CAREFREE TODO DIA 15UN";"7891010087807";"53112"
"PROT. CAREFREE PROTECAO 80UN : PROT. CAREFREE PROTECAO 80UN";"7891010576509";"53113"
"PROT. CAREFREE PROTECAO 40UN SEM PERFUME : PROT. CAREFREE PROTECAO 40UN";"7891010875596";"9438"
"PROT. CAREFREE PROTECAO 40UN COM PERFUME : PROT. CAREFREE PROTECAO 40UN";"7891010009618";"9438"
"PROT. CAREFREE PROTECAO 15UN SEM PERFUME : PROT. CAREFREE PROTECAO 15UN";"7891010015268";"7764"
"PROT. CAREFREE PROTECAO 15UN COM PERFUME : PROT. CAREFREE PROTECAO 15UN";"7891010087722";"7764"
"PROSCIUTTO MACINATO CERATTI 100G DEFUMADO FAT. : PROSCIUTTO MACINATO CERATTI 100G";"7898907631310";"72085"
"PRODUCAO PAO AUSTRALIANO : PRODUCAO PAO AUSTRALIANO";"5877";"45055"
"PRODUCAO LEGUMES PROCESSADOS KG : PRODUCAO LEGUMES PROCESSADOS KG";"695";"10460"
"PRODUCAO FILE FRANGO TEMP KG : PRODUCAO FILE FRANGO TEMP KG";"1641";"3117"
"PRODUCAO CHICORIA PICADA KG : PRODUCAO CHICORIA PICADA KG";"482";"3172"
"PRODUCAO CARNE SECA KG : PRODUCAO CARNE SECA KG";"1156";"5461"
"PRODUCAO BRAJOLA DE FRANGO : PRODUCAO BRAJOLA DE FRANGO";"34";"6089"
"PRODUCAO ASA FRANGO TEMPERADA KG : PRODUCAO ASA FRANGO TEMPERADA KG";"901";"3118"
"PRESUNTO SUINO FATIADO AURORA 180G : PRESUNTO SUINO FATIADO AURORA 180G";"7891164007164";"37852"
"PRESUNTO SEARA KG : PRESUNTO SEARA KG";"7894904006304";"6829"
"PRESUNTO SADIA SOLTISSIMO FAT. 200G : PRESUNTO SADIA SOLTISSIMO FAT. 200G";"7891515432652";"39884"
"PRESUNTO SADIA PECA KG : PRESUNTO SADIA PECA KG";"7893000446366";"2487"
"PRESUNTO SADIA FATIADO 180G : PRESUNTO SADIA FATIADO 180G";"7891515598266";"54547"
"PRESUNTO REZENDE KG : PRESUNTO REZENDE KG";"7894904578153";"2479"
"PRESUNTO PERDIGAO PECA KG  : PRESUNTO PERDIGAO PECA KG";"7891515220358";"2483"
"PRESUNTO LEVISSIMO SEARA PECA KG : PRESUNTO LEVISSIMO SEARA PECA KG";"7894904252213";"58550"
"PRESUNTO FRIMESA COZIDO 200G S/ CAPA GORDURA : PRESUNTO FRIMESA COZIDO 200G";"7896275900953";"34617"
"PRESUNTO CRU ITALIANO CERATTI 100G : PRESUNTO CRU ITALIANO CERATTI 100G";"7898907631990";"62114"
"PRESUNTO COZIDO FATIADO SEARA 180G : PRESUNTO COZIDO FATIADO SEARA 180G";"7894904729227";"48713"
"PRESERVATIVO OLLA SENSITIVE L8P6 : PRESERVATIVO OLLA SENSITIVE L8P6";"7896222718846";"51777"
"PRESERVATIVO OLLA LUBRIFICADO L8P6 : PRESERVATIVO OLLA LUBRIFICADO L8P6";"7896222717788";"31833"
"PRESERVATIVO OLLA LUBRIFICADO 3UN : PRESERVATIVO OLLA LUBRIFICADO 3UN";"7896222716279";"50552"
"PRESERVATIVO JONTEX SENSITIVE 3UN SENSITIVE : PRESERVATIVO JONTEX SENSITIVE 3UN";"7896222720009";"50549"
"PRESERVATIVO JONTEX LUBRIFICADO 3UN : PRESERVATIVO JONTEX LUBRIFICADO 3UN";"7896222720030";"4715"
"PREPARO PO BEBIDA ITALAC 400G MORANGO : PREPARO PO BEBIDA ITALAC 400G";"7898080640963";"63673"
"PREPARO PARA YAKISSOBA KG : PREPARO PARA YAKISSOBA KG";"4339";"33294"
"PREPARO PARA SUKIYAKI KG : PREPARO PARA SUKIYAKI KG";"4338";"33293"
"PRENDEDOR MOR MAXI 12UN  : PRENDEDOR MOR MAXI 12UN";"7896020660620";"66390"
"PRENDEDOR HB PLASTICO GIGANTE  : PRENDEDOR HB PLASTICO GIGANTE";"7897004403059";"56"
"PRENDEDOR HB MADEIRA PEQUENO 12UN : PRENDEDOR HB MADEIRA PEQUENO";"7897004403073";"59"
"PRENDEDOR HB MADEIRA GIGANTE 12UN : PRENDEDOR HB MADEIRA GIGANTE 12UN";"7897004403080";"55"
"PREGO C/ CABECA 15X15 NEDO REF.1203 : PREGO C/ CABECA 15X15 NEDO REF.1203";"7896619812034";"7336"
"PRATO TRAMONTINA SOBR. RUSTICO 21CM MARROM PORC. : PRATO TRAMONTINA SOBR. RUSTICO 21CM";"7908538101561";"73687"
"PRATO TRAMONTINA RASO LEONORA 25CM PORCELANA : PRATO TRAMONTINA RASO LEONORA 25CM";"7898683608698";"73606"
"PRATO PRONTO MENU GOURM. SEARA 350G FETTUCINE PERU : PRATO PRONTO MENU GOURM. SEARA 350G";"7894904575794";"43598"
"PRATO PRONTO MENU GOURM. SEARA 350G FETT BOLONHESA : PRATO PRONTO MENU GOURM. SEARA 350G";"7894904575824";"43598"
"PRATO PLASUTIL INFANTIL DECORA MENINO : PRATO PLASUTIL INFANTIL DECORA";"7899808882399";"29064"
"PRATO PLASUTIL INFANTIL DECORA MENINA 04 : PRATO PLASUTIL INFANTIL DECORA";"7899808882764";"29064"
"PRATO PLASTICO JUNCO 21CM 10UN BRANCO : PRATO PLASTICO JUNCO 21CM 10UN";"7896523100678";"49623"
"PRATO PLASTICO JUNCO 18CM 10UN BRANCO : PRATO PLASTICO JUNCO 18CM 10UN";"7896523102924";"49622"
"PRATO PLASTICO JUNCO 15CM 10UN VERMELHO : PRATO PLASTICO JUNCO 15CM 10UN";"7896523109121";"49617"
"PRATO PLASTICO JUNCO 15CM 10UN ROSA : PRATO PLASTICO JUNCO 15CM 10UN";"7896523101163";"49617"
"PRATO PLASTICO JUNCO 15CM 10UN BRANCO : PRATO PLASTICO JUNCO 15CM 10UN";"7896523100692";"49617"
"PRATO PLASTICO JUNCO 15CM 10UN AZUL : PRATO PLASTICO JUNCO 15CM 10UN";"7896523101170";"49617"
"PRATO PLASTICO JUNCO 15CM 10UN AMARELO : PRATO PLASTICO JUNCO 15CM 10UN";"7896523109145";"49617"
"PRATO OXFORD DONNA HOLAMBRA RASO 24CM : PRATO OXFORD DONNA HOLAMBRA";"7891361070961";"48505"
"PRATO OXFORD CERAMICA DONNA RASO 24CM : PRATO OXFORD CERAMICA DONNA";"7891361934973";"51010"
"PRATO NADIR PRIMAVERA FUNDO 22,4CM : PRATO NADIR PRIMAVERA FUNDO 22,4CM";"7891155043867";"8628"
"PRATO NADIR ASTRAL RASO : PRATO NADIR ASTRAL RASO";"7894993000238";"7842"
"PRATO NADIR ASTRAL FUNDO 22,2CM : PRATO NADIR ASTRAL FUNDO 22,2CM";"7894993000832";"51009"
"PRATO LAMINADO JUNCO Nº07 - 35,5CM : PRATO LAMINADO JUNCO Nº07 - 35,5CM";"7896523102016";"49627"
"PRATO LAMINADO JUNCO Nº06 - 31,5CM : PRATO LAMINADO JUNCO Nº06 - 31,5CM";"7896523102009";"49626"
"PRATO LAMINADO JUNCO Nº05 - 27,5CM : PRATO LAMINADO JUNCO Nº05 - 27,5CM";"7896523101996";"49625"
"PRATO LAMINADO JUNCO Nº04 - 25,5CM : PRATO LAMINADO JUNCO Nº04 - 25,5CM";"7896523101972";"49624"
"PRATO LAMINADO JUNCO Nº03 - 22,5CM : PRATO LAMINADO JUNCO Nº03 - 22,5CM";"7896523101965";"51374"
"PRATO JAGUAR INFANTIL 22CM 680ML : PRATO JAGUAR INFANTIL 22CM 680ML";"7896952577034";"62842"
"PRATO ESCOLAR FUNDO TRITEC 500ML : PRATO ESCOLAR FUNDO TRITEC 500ML";"7896725306182";"62479"
"PRATO DONNA RASO CORES 24CM ROSA : PRATO DONNA RASO CORES 24CM";"7891361266203";"60099"
"PRATO DESCARTAVEL COPOMAIS 21CM : PRATO DESCARTAVEL COPOMAIS 21CM";"7897147500134";"67291"
"PRATO DESCARTAVEL COPOMAIS 15CM 10UN : PRATO DESCARTAVEL COPOMAIS 15CM";"7897147500110";"67290"
"POWER WHEY 15G 3 CORACOES 250ML DOCE DE LEITE : POWER WHEY 15G 3 CORACOES 250ML";"7896045110636";"71010"
"POWER WHEY 15G 3 CORACOES 250ML COOKIES CREAM : POWER WHEY 15G 3 CORACOES 250ML";"7896045110629";"71010"
"POWER WHEY 15G 3 CORACOES 250ML CLASSICO : POWER WHEY 15G 3 CORACOES 250ML";"7896045110407";"71010"
"POWER WHEY 15G 3 CORACOES 250ML CHOCOLATE : POWER WHEY 15G 3 CORACOES 250ML";"7896045110667";"71010"
"POWER PROTEIN BAR MAX TITANIUM 41G NAPOLITANO : POWER PROTEIN BAR MAX TITANIUM 41G";"7899941202337";"70807"
"POTICHE LYOR CRISTAL PE LINEARIS 9,5X14,5CM : POTICHE LYOR CRISTAL PE LINEARIS";"7899768070393";"69106"
"POTE TRAMONTINA MIXCOLOR 650ML : POTE TRAMONTINA MIXCOLOR 650ML";"7891112337602";"71150"
"POTE TRAMONTINA MIXCOLOR 600ML : POTE TRAMONTINA MIXCOLOR 600ML";"7891112325487";"68617"
"POTE TRAMONTINA MIXCOLOR 300ML : POTE TRAMONTINA MIXCOLOR 300ML";"7891112325470";"68618"
"POTE TRAMONTINA MIXCOLOR 150ML : POTE TRAMONTINA MIXCOLOR 150ML";"7891112337596";"71479"
"POTE TRAMONTINA MIXCOLOR 1,1L : POTE TRAMONTINA MIXCOLOR 1,1L";"7891112337619";"71151"
"POTE SANTANA REDONDO 400ML - 3PC : POTE SANTANA REDONDO 400ML - 3PC";"7896355734041";"67535"
"POTE SANTANA QUADRADO 335ML - 3PC : POTE SANTANA QUADRADO 335ML - 3PC";"7896355738100";"56187"
"POTE SANTANA QUADRADO 2,5L - 2PC : POTE SANTANA QUADRADO 2,5L - 2PC";"7896355722253";"69109"
"POTE SANTANA HERMETICO RET. 2,220ML  : POTE SANTANA HERMETICO RET. 2,220ML";"7896355788303";"13795"
"POTE SANREMO FACIL 785ML - 3PC SR165/7C : POTE SANREMO FACIL 785ML - 3PC";"7896359021574";"59496"
"POTE SANREMO FACIL 620ML - 3PC : POTE SANREMO FACIL 620ML - 3PC";"7896359033829";"74361"
"POTE SANREMO FACIL 360ML - 4PC : POTE SANREMO FACIL 360ML - 4PC";"7896359033850";"74360"
"POTE SANREMO FACIL 1,9L - 3PC SR130/3C : POTE SANREMO FACIL 1,9L - 3PC";"7896359033867";"74381"
"POTE RASO N ITRON C/VALV. 1900ML : POTE RASO N ITRON C/VALV. 1900ML";"7896779602438";"62575"
"POTE POP PLASUTIL RETANG. 2,7L 9440 : POTE POP PLASUTIL RETANG. 2,7L";"7899808894408";"65140"
"POTE POP PLASUTIL QUADR. 400ML 5770 : POTE POP PLASUTIL QUADR. 400ML";"7896042057705";"22448"
"POTE POP PLASUTIL QUADR. 2L 5772 : POTE POP PLASUTIL QUADR. 2L";"7899808857724";"68981"
"POTE PLASUTIL TRAVA MAIS RET. 1,2L 14561 : POTE PLASUTIL TRAVA MAIS RET. 1,2L";"7899808866870";"67943"
"POTE PLASUTIL TRAVA MAIS RET 1,8L 14565 : POTE PLASUTIL TRAVA MAIS RET 1,8L";"7899808866832";"55539"
"POTE PLASUTIL TRAVA MAIS 830ML 13699 : POTE PLASUTIL TRAVA MAIS 830ML";"7899808878859";"58424"
"POTE PLASUTIL TRAVA MAIS 1,1L 13700 : POTE PLASUTIL TRAVA MAIS 1,1L";"7899808878842";"58425"
"POTE PLASUTIL FLIP 1,9L REF. 13560 : POTE PLASUTIL FLIP 1,9L";"7899808880340";"58418"
"POTE PLASUTIL DECORA ROSCA 900ML 3873 : POTE PLASUTIL DECORA ROSCA 900ML";"7896042038735";"29050"
"POTE PLASUTIL DECORA ROSCA 720ML REF. 6673 : POTE PLASUTIL DECORA ROSCA 720ML";"7896042066738";"29049"
"POTE PLASUTIL DECORA ROSCA 1,8L CAFE - 6399 : POTE PLASUTIL DECORA ROSCA 1,8L";"7896042063997";"38702"
"POTE PLASUTIL DECORA ROSCA 1,8L B2 REF. 6671 : POTE PLASUTIL DECORA ROSCA 1,8L B2";"7896042066714";"29045"
"POTE PLASUTIL DECORA ROSCA 1,8L ACUCAR - 6400 : POTE PLASUTIL DECORA ROSCA 1,8L";"7896042064000";"38702"
"POTE PLASUTIL DECORA RETANGULAR 3L GALINHA 3844 : POTE PLASUTIL DECORA RETANGULAR 3L";"7896042038445";"29053"
"POTE PLASUTIL DECORA RETANG. 620ML REF. 4354 : POTE PLASUTIL DECORA RETANG. 620ML";"7896042043548";"29054"
"POTE PLASUTIL DECORA RETANG. 1,2L REF. 4355 : POTE PLASUTIL DECORA RETANG. 1,2L";"7896042043555";"35725"
"POTE PLASUTIL DECORA QUADRADO 1,6L REF. 3851 : POTE PLASUTIL DECORA QUADRADO 1,6L";"7896042038513";"13791"
"POTE PLASUTIL DECORA QUADRADO 1,2L 3846 : POTE PLASUTIL DECORA QUADRADO 1,2L";"7896042038469";"46668"
"POTE PLASUTIL DECORA QUADRADO 1,1L 3850 : POTE PLASUTIL DECORA QUADRADO 1,1L";"7896042038506";"29039"
"POTE PLASUTIL DECORA CEBOLA 460ML 7896 : POTE PLASUTIL DECORA CEBOLA 460ML";"7899808866610";"63569"
"POTE PLASUTIL DECORA ALHO 460ML 14585 : POTE PLASUTIL DECORA ALHO 460ML";"7899808866627";"68975"
"POTE PLASUTIL DECORA 2 DIV. RET. 1L REF. 6741 : POTE PLASUTIL DECORA 2 DIV. RET. 1L";"7896042067414";"58372"
"POTE PLASUTIL DECORA 2 DIV. 580ML REF. 5524 : POTE PLASUTIL DECORA 2 DIV. 580ML";"7896042055244";"22451"
"POTE PLASUTIL CONECT - 6PC QUADRADO - 8075 : POTE PLASUTIL CONECT - 6PC";"7896042080758";"50780"
"POTE PAPINHA COM COLHER PLASUTIL REF. 8444 : POTE PAPINHA COM COLHER PLASUTIL";"7896042084442";"29062"
"POTE NITRONPLASTIC ROSCA 2L CAFE : POTE NITRONPLASTIC ROSCA 2L";"7896779632381";"62411"
"POTE NITRONPLASTIC ROSCA 2L ACUCAR : POTE NITRONPLASTIC ROSCA 2L";"7896779622382";"62411"
"POTE NITRONPLAST TRAVA RASO 1,1L VERDE : POTE NITRONPLAST TRAVA RASO 1,1L";"7896779623365";"70046"
"POTE NITRON TRAVAS RASO 2,3L ROSA : POTE NITRON TRAVAS RASO 2,3L";"7896779623464";"69108"
"POTE NITRON HERMETICO TRAVA 1,1L : POTE NITRON HERMETICO TRAVA 1,1L";"7896779623303";"30870"
"POTE MULTIUSO RETANGULAR UZ 1L ROSA : POTE MULTIUSO RETANGULAR UZ 1L";"7895155625023";"56218"
"POTE MULTIUSO RETANGULAR UZ 1L PRETO : POTE MULTIUSO RETANGULAR UZ 1L";"7909875820870";"56218"
"POTE JAGUAR ORGANIZA RET. 1,2L 2PC NUDE : POTE JAGUAR ORGANIZA RET. 1,2L 2PC";"7896952567394";"61312"
"POTE HERMETICO NITRON C/ 3 DIVISOES 1,1L : POTE HERMETICO NITRON C/ 3 DIVISOES";"7896779613908";"35809"
"POTE HERMETICO MIMO INOX 750ML : POTE HERMETICO MIMO INOX 750ML";"7908216100657";"67187"
"POTE HERMETICO MIMO INOX 1L : POTE HERMETICO MIMO INOX 1L";"7908216100633";"67186"
"POSTA DE TILAPIA IGLU 800G : POSTA DE TILAPIA IGLU 800G";"7898937200357";"70861"
"POSTA DE TILAPIA COPACOL 800G IQF : POSTA DE TILAPIA COPACOL 800G IQF";"7891527069365";"61589"
"POSTA DE PINTADO IGLU 800G : POSTA DE PINTADO IGLU 800G";"7898937200111";"44276"
"POS BARBA GIOVANNA BABY BALM 100ML : POS BARBA GIOVANNA BABY BALM 100ML";"7896044996521";"59450"
"POS BARBA BOZZANO BALSAMO 100G HIDRATACAO : POS BARBA BOZZANO BALSAMO 100G";"7891350032673";"67001"
"PORTA TALHERES PLASUTIL TEAR ALCA 14939 : PORTA TALHERES PLASUTIL TEAR ALCA";"7899808862957";"65162"
"PORTA SABONETE/ALCOOL SANREMO 480ML SR1601/33 : PORTA SABONETE/ALCOOL SANREMO 480ML";"7896359039906";"59748"
"PORTA SABONETE PLASUTIL TRAMA 360ML REF. 3446 : PORTA SABONETE PLASUTIL TRAMA 360ML";"7896042034461";"52731"
"PORTA SABONETE PLASUTIL 250ML 7886 : PORTA SABONETE PLASUTIL 250ML";"7896042078861";"29028"
"PORTA SABONETE PLASUTIL 250ML 2636 : PORTA SABONETE PLASUTIL 250ML";"7896042026367";"29028"
"PORTA SABAO SANREMO 2,35L SR267/7 : PORTA SABAO SANREMO 2,35L";"7896359023165";"59734"
"PORTA SABAO INJETEMP 1.6KG : PORTA SABAO INJETEMP 1.6KG";"7896900201486";"15477"
"PORTA SABAO EM PO PLASUTIL 1,8KG REF. 787 : PORTA SABAO EM PO PLASUTIL 1,8KG";"7896042007878";"31103"
"PORTA ROLO PAPEL TOALHA ARTHI 15X13X29,6CM : PORTA ROLO PAPEL TOALHA ARTHI";"7897807404536";"71672"
"PORTA PAPEL TOALHA NIQUELART DIAMANTE : PORTA PAPEL TOALHA NIQUELART";"7896594833703";"62958"
"PORTA MIX TEMPEROS PLASUTIL 6275 : PORTA MIX TEMPEROS PLASUTIL";"7896042062754";"39605"
"PORTA MIX PLASUTIL DEC ALHO REF. 7895 : PORTA MIX PLASUTIL DEC ALHO";"7899808875315";"62875"
"PORTA LATA ISOTERM 350ML - 4 PCS : PORTA LATA ISOTERM 350ML - 4 PCS";"7897764823241";"43397"
"PORTA GARRAFA REDAR 300ML : PORTA GARRAFA REDAR 300ML";"7898933196296";"44949"
"PORTA GARRAFA ISOTERM 600ML : PORTA GARRAFA ISOTERM 600ML";"7897764800013";"4934"
"PORTA FRIOS NITRON COM 2 DIVISOES COM PINCA : PORTA FRIOS NITRON COM 2 DIVISOES";"7896779617906";"30868"
"PORTA FILTRO MELITTA 103 : PORTA FILTRO MELITTA 103";"7891021000949";"1177"
"PORTA FILTRO MELITTA 102 CORES : PORTA FILTRO MELITTA 102 CORES";"7891021000925";"56426"
"PORTA ESCOVA/CREME DENTAL PLASUTIL 7887 : PORTA ESCOVA/CREME DENTAL PLASUTIL";"7896042078878";"31105"
"PORTA ESCOVA/CREME DENTAL PLASUTIL 2635 : PORTA ESCOVA/CREME DENTAL PLASUTIL";"7896042026350";"31105"
"PORTA ESCOVA PLASUTIL TRAMA REF. 3430 : PORTA ESCOVA PLASUTIL TRAMA";"7896042034300";"52728"
"PORTA ESCOVA PLASUTIL BLEND B4 15610 : PORTA ESCOVA PLASUTIL BLEND";"7899808855812";"67103"
"PORTA ESCOVA DENTE RICCA : PORTA ESCOVA DENTE RICCA";"7897517933005";"71903"
"PORTA DETERGENTE PLASUTIL VALVULA 12780 : PORTA DETERGENTE PLASUTIL VALVULA";"7899808897805";"46158"
"PORTA DETERGENTE PLASUTIL QUADRADO 12809 : PORTA DETERGENTE PLASUTIL QUADRADO";"7899808897522";"52713"
"PORTA DETERGENTE PLASUTIL 2 DIV. REF. 2632 : PORTA DETERGENTE PLASUTIL 2 DIV.";"7896042026329";"19112"
"PORTA DETERGENTE NITRON C/RATAN PRETO : PORTA DETERGENTE NITRON C/RATAN";"7896779641338";"53485"
"PORTA COTONETE TRAMA B2 PLASUTIL REF. 3436 : PORTA COTONETE TRAMA B2 PLASUTIL";"7896042034362";"64863"
"PORTA CONDIMENTOS PLASUTIL 7PCS REF. 4492 : PORTA CONDIMENTOS PLASUTIL 7PCS";"7896042044927";"29543"
"PORTA CHUPETA NEOPAN AZUL : PORTA CHUPETA NEOPAN";"7896036573167";"69929"
"PORCAO TABUA DE FRIOS PEQUENA KG : PORCAO TABUA DE FRIOS PEQUENA KG";"8297";"67935"
"PORCAO TABUA DE FRIOS KG : PORCAO TABUA DE FRIOS KG";"6546";"52098"
"PONTA DE PEITO ASSADA KG : PONTA DE PEITO ASSADA KG";"8692";"72498"
"PONKAN KG : PONKAN KG";"565";"2720"
"PONKAN DESCASCADA KG : PONKAN DESCASCADA KG";"7641";"62372"
"POMADA GIOVANNA BABY 50G BARB/CABEL : POMADA GIOVANNA BABY 50G BARB/CABEL";"7896044996903";"59451"
"POLVILHO DOCE ZILIO 500G TIPO 1 : POLVILHO DOCE ZILIO 500G";"7896280400189";"1535"
"POLVILHO DOCE SIAMAR 500G : POLVILHO DOCE SIAMAR 500G";"7896069511457";"1661"
"POLVILHO DOCE AMAFIL 1KG : POLVILHO DOCE AMAFIL 1KG";"7896035921211";"9037"
"POLVILHO AZEDO ZILIO 500G : POLVILHO AZEDO ZILIO 500G";"7896280400509";"1524"
"POLVILHO AZEDO SIAMAR 500G : POLVILHO AZEDO SIAMAR 500G";"7896069511587";"1658"
"POLPA TOMATE POMODORO CICA 520G TP : POLPA TOMATE POMODORO CICA 520G";"7896036095119";"1547"
"POLPA FRUTA DEMARCHI UVA 100G  : POLPA FRUTA DEMARCHI UVA 100G";"7896519212200";"28638"
"POLPA FRUTA DEMARCHI TAMARIN. 100G  : POLPA FRUTA DEMARCHI TAMARIN. 100G";"7897387100132";"28635"
"POLPA FRUTA DEMARCHI MARACUJA 100G  : POLPA FRUTA DEMARCHI MARACUJA 100G";"7896519210602";"28636"
"POLPA FRUTA DEMARCHI CAJU 100G  : POLPA FRUTA DEMARCHI CAJU 100G";"7896519211104";"28640"
"POLPA FRUTA DEMARCHI ACEROLA 100G  : POLPA FRUTA DEMARCHI ACEROLA 100G";"7896519210206";"28642"
"POLPA DE MARACUJA KG : POLPA DE MARACUJA KG";"5656";"31247"
"POLENGUINHO TRADICIONAL 68G : POLENGUINHO TRADICIONAL 68G";"7891143017436";"5857"
"POLENGUINHO LIGHT 68G : POLENGUINHO LIGHT 68G";"7891143017443";"5858"
"POLACA DO ALASCA PUL MINERVA 400G SALGADO : POLACA DO ALASCA PUL MINERVA 400G";"7898213807799";"57631"
"POLACA DESFIADO SALGADO KG : POLACA DESFIADO SALGADO KG";"1490";"2668"
"PO PARA SORVETE DR. OETKER 150G MORANGO : PO PARA SORVETE DR. OETKER 150G";"7891048054116";"37205"
"PO PARA SORVETE DR. OETKER 150G CREME : PO PARA SORVETE DR. OETKER 150G";"7891048054109";"37205"
"PO PARA SORVETE DR. OETKER 150G CHOCOLATE : PO PARA SORVETE DR. OETKER 150G";"7891048054123";"37205"
"PO PARA CHANTILI YOKI SACHE 50G : PO PARA CHANTILI YOKI SACHE 50G";"7891095009985";"1212"
"PO P/ PREPARO DE SORVETE YOKI 150G CREME : PO P/ PREPARO DE SORVETE YOKI 150G";"7891095009930";"1209"
"PO DESCOLORANTE SUNLESS 50G : PO DESCOLORANTE SUNLESS 50G";"7896902207042";"74614"
"PO DESCOLORANTE SUNLESS 20G : PO DESCOLORANTE SUNLESS 20G";"7896902206540";"74616"
"PIZZA SENSACAO KG  : PIZZA SENSACAO KG";"8656";"71793"
"PIZZA SEARA 460G LOMBO/CATUPIRY : PIZZA SEARA 460G";"7894904578566";"35281"
"PIZZA SEARA 460G FRANGO/CATUPIRY : PIZZA SEARA 460G";"7894904325702";"35281"
"PIZZA SEARA 460G CALABRESA : PIZZA SEARA 460G";"7894904326044";"35281"
"PIZZA SEARA 440G/400G MUSSARELA : PIZZA SEARA 440G/400G";"7894904326068";"33821"
"PIZZA SADIA 460G FRANGO/REQ/MUSS : PIZZA SADIA 460G";"7893000672109";"2020"
"PIZZA SADIA 460G CALABRESA : PIZZA SADIA 460G";"7893000632073";"2020"
"PIZZA QUATRO QUEIJOS KG : PIZZA QUATRO QUEIJOS KG";"630";"10315"
"PIZZA PORTUGUESA KG : PIZZA PORTUGUESA KG";"1864";"3027"
"PIZZA FRIGIDEIRA PIZZAOLA 350G  : PIZZA FRIGIDEIRA PIZZAOLA 350G";"7897206800106";"1974"
"PIZZA FESTIVAL PORTUGUESA 500G  : PIZZA FESTIVAL PORTUGUESA 500G";"6394";"57868"
"PIZZA FESTIVAL MUSSARELA 500G : PIZZA FESTIVAL MUSSARELA 500G";"6388";"57866"
"PIZZA FESTIVAL FRANGO 500G : PIZZA FESTIVAL FRANGO 500G";"6392";"57864"
"PIZZA FESTIVAL CALABRESA 500G : PIZZA FESTIVAL CALABRESA 500G";"6389";"57863"
"PIZZA FESTIVAL BROCOLIS 500G : PIZZA FESTIVAL BROCOLIS 500G";"7598";"62023"
"PIZZA FESTIVAL BACON 500G : PIZZA FESTIVAL BACON 500G";"7123";"58342"
"PIZZA DOCE BRIGADEIRO KG : PIZZA DOCE BRIGADEIRO KG";"2614";"15432"
"PIZZA DE PRESSUNTO E MUSSARELA KG : PIZZA DE PRESSUNTO E MUSSARELA KG";"1913";"3064"
"PIZZA DE PEITO DE PERU KG : PIZZA DE PEITO DE PERU KG";"1863";"3026"
"PIZZA DE MUSSARELA KG : PIZZA DE MUSSARELA KG";"1862";"3021"
"PIZZA DE LOMBO KG : PIZZA DE LOMBO KG";"1884";"2991"
"PIZZA DE FRANGO E CATUPIRY KG : PIZZA DE FRANGO E CATUPIRY KG";"629";"10314"
"PIZZA DE CALABRESA KG : PIZZA DE CALABRESA KG";"1878";"2993"
"PIZZA DE BACON KG : PIZZA DE BACON KG";"3411";"29784"
"PIZZA AURORA 460G CALABRESA : PIZZA AURORA 460G";"7891164026424";"32804"
"PITAYA PICADA KG : PITAYA PICADA KG";"6699";"53953"
"PITAYA KG : PITAYA KG";"939";"3007"
"PIRULITO MASTIGAVEL YOGURTE 105G MORANGO : PIRULITO MASTIGAVEL YOGURTE 105G";"7896058511550";"47209"
"PIRULITO MASTIGAVEL KIDOCURA 87G MORANGO E CHOC. : PIRULITO MASTIGAVEL KIDOCURA 86G";"7896255500425";"939"
"PIRULITO LOLLIPOPS 31G : PIRULITO LOLLIPOPS 31G";"9504578";"63719"
"PIRULITO DORI FACEPOP APITO 450G : PIRULITO DORI FACEPOP APITO 450G";"7896058505214";"45663"
"PIRULITO DOCURAS TRAVESSURAS 60G : PIRULITO DOCURAS TRAVESSURAS 60G";"7896255586498";"71580"
"PIRULITO BOLETE DORI 400G TUTTI FRITTI : PIRULITO BOLETE DORI 400G";"7896058504217";"47809"
"PIPOQUINHA FRANGO EMP. SEARA 275G : PIPOQUINHA FRANGO EMP. SEARA 275G";"7894904603633";"74322"
"PIPOCAO KODILAR 500G : PIPOCAO KODILAR 500G";"7896256050295";"20141"
"PIPOCA MICROONDAS ZILIO 100G NATURAL : PIPOCA MICROONDAS ZILIO 100G";"7896280400974";"1537"
"PIPOCA MICROONDAS ZILIO 100G MANTEIGA CINEMA : PIPOCA MICROONDAS ZILIO 100G";"7896280402374";"1537"
"PIPOCA MICROONDAS ZILIO 100G MANTEIGA : PIPOCA MICROONDAS ZILIO 100G";"7896280400981";"1537"
"PIPOCA MICROONDAS ZILIO 100G BACON : PIPOCA MICROONDAS ZILIO 100G";"7896280401650";"1537"
"PIPOCA MICROONDAS YOKI 100G TOQUE DE CHEF : PIPOCA MICROONDAS YOKI 100G";"7891095006274";"14859"
"PIPOCA MICROONDAS YOKI 100G NATURAL COM SAL : PIPOCA MICROONDAS YOKI 100G";"7891095002207";"14859"
"PIPOCA MICROONDAS YOKI 100G NATURAL : PIPOCA MICROONDAS YOKI 100G";"7891095100125";"14859"
"PIPOCA MICROONDAS YOKI 100G MANTEIGA CINEMA : PIPOCA MICROONDAS YOKI 100G";"7891095911622";"14859"
"PIPOCA MICROONDAS YOKI 100G MANTEIGA : PIPOCA MICROONDAS YOKI 100G";"7891095100934";"14859"
"PIPOCA MICROONDAS YOKI 100G BACON : PIPOCA MICROONDAS YOKI 100G";"7891095100729";"14859"
"PIPOCA GOURMET 70G : PIPOCA GOURMET 70G";"6817";"55183"
"PIPOCA DOCE VOVOZINHA 60G : PIPOCA DOCE VOVOZINHA 60G";"7896481055515";"30827"
"PIPOCA DOCE VOVOZINHA 150G : PIPOCA DOCE VOVOZINHA 150G";"7896481055522";"2421"
"PIPOCA CARAMELIZADA 30G : PIPOCA CARAMELIZADA 30G";"6818";"55184"
"PINO PORTA LAMPADA NEDO REF.381 : PINO PORTA LAMPADA NEDO REF.381";"7896619803810";"6550"
"PINO MACHO TRIANGULO NEDO REF. 359 : PINO MACHO TRIANGULO NEDO REF. 359";"7896619803599";"9688"
"PINO MACHO NEDO REF.390 : PINO MACHO NEDO REF.390";"7896619803902";"4977"
"PINO ADAPT. PINO CHATO NEDO REF.457 : PINO ADAPT. PINO CHATO NEDO REF.457";"7896619804572";"5683"
"PINO 3 SAIDAS NEDO REF. 361 : PINO 3 SAIDAS NEDO REF. 361";"7896619803612";"18668"
"PINO 3 SAIDAS COM TERRA REF 346 : PINO 3 SAIDAS COM TERRA";"7896619803469";"20769"
"PINO 3 SAIDAS COLORIDOS NEDO REF. 408 : PINO 3 SAIDAS COLORIDOS NEDO";"7896619804084";"14052"
"PINHAO KG : PINHAO KG";"563";"6090"
"PINHA KG : PINHA KG";"562";"2719"
"PINCEL TINTURA RICCA MEDIO : PINCEL TINTURA RICCA MEDIO";"7897517903497";"71876"
"PINCEL SILICONE WESTERN 17,5CM  : PINCEL SILICONE WESTERN 17,5CM";"7897186080239";"51017"
"PINCEL PARA TINTURA DE CABELO NEDO : PINCEL PARA TINTURA DE CABELO NEDO";"7896619804633";"11306"
"PINCEL P/ TINTURA CABELOS CONDOR REF. 6823 : PINCEL P/ TINTURA CABELOS CONDOR";"7891055682302";"43844"
"PINCEL LIMPA LATRINA SANTA MARIA : PINCEL LIMPA LATRINA SANTA MARIA";"7896314708595";"54823"
"PINCEL DE BARBA PEQUENO ENOX : PINCEL DE BARBA PEQUENO ENOX";"7897517903954";"71863"
"PINCA ENOX RETA 2UN : PINCA ENOX RETA 2UN";"7897517907457";"71897"
"PINCA ENOX PONTA DOURADA DIAGONAL : PINCA ENOX PONTA DOURADA DIAGONAL";"7897517917074";"71895"
"PINCA DEPILADORA NEDO REF.537 : PINCA DEPILADORA NEDO REF.537";"7896619805371";"6548"
"PIMENTAO VERMELHO KG : PIMENTAO VERMELHO KG";"561";"3003"
"PIMENTAO VERDE KG  : PIMENTAO VERDE KG";"560";"3000"
"PIMENTAO VERDE EMBALADO KG : PIMENTAO VERDE EMBALADO KG";"748";"3052"
"PIMENTAO MESCLADO EMBALADO KG : PIMENTAO MESCLADO EMBALADO KG";"1203";"10907"
"PIMENTAO AMARELO KG : PIMENTAO AMARELO KG";"665";"3001"
"PIMENTAO AMARELO EMBALADO KG : PIMENTAO AMARELO EMBALADO KG";"750";"3051"
"PIMENTA REINO MOIDA PURA ZILIO 50G : PIMENTA REINO MOIDA PURA ZILIO 50G";"7896280400288";"1418"
"PIMENTA REINO C/ COMINHO ZILIO 50G : PIMENTA REINO C/ COMINHO ZILIO 50G";"7896280400745";"3528"
"PIMENTA REINO C/ COMINHO SIAMAR 30G : PIMENTA REINO C/ COMINHO SIAMAR 30G";"7896069549443";"1439"
"PIMENTA MALAGUETA ZILIO 70G VERMELHA : PIMENTA MALAGUETA ZILIO 70G";"7896280400882";"3510"
"PIMENTA DO REINO MOIDA ZILIO 30G : PIMENTA DO REINO MOIDA ZILIO 30G";"7896280400295";"9039"
"PIMENTA DO REINO MOIDA SIAMAR 40G : PIMENTA DO REINO MOIDA SIAMAR 40G";"7896069544028";"1438"
"PIMENTA DO REINO MOIDA A GOSTO 40G : PIMENTA DO REINO MOIDA A GOSTO 40G";"7898023420034";"1455"
"PIMENTA DO REINO GRAOS SIAMAR 30G : PIMENTA DO REINO GRAOS SIAMAR 30G";"7896069544288";"3544"
"PIMENTA DO REINO EM GRAO ZILIO 30G : PIMENTA DO REINO EM GRAO ZILIO 30G";"7896280402244";"28630"
"PIMENTA DO REINO BRANCA SIAMAR 30G MOIDA : PIMENTA DO REINO BRANCA SIAMAR 30G";"7896069516742";"1451"
"PIMENTA CAMBUCI KG : PIMENTA CAMBUCI KG";"904";"2998"
"PIMENTA CALABRESA SIAMAR 20G : PIMENTA CALABRESA SIAMAR 20G";"7896069548842";"1435"
"PIMENTA CALABRESA MOIDA ZILIO 20G : PIMENTA CALABRESA MOIDA ZILIO 20G";"7896280400646";"50995"
"PIMENTA CALABRESA FLOCOS ZILIO 20G : PIMENTA CALABRESA FLOCOS ZILIO 20G";"7896280401483";"3603"
"PIMENTA BIQUINHO PONZAN 180G : PIMENTA BIQUINHO PONZAN 180G";"7898270963698";"70005"
"PIMENTA ARDIDA KG : PIMENTA ARDIDA KG";"558";"2997"
"PIMENTA AMERICANA KG : PIMENTA AMERICANA KG";"559";"2999"
"PILHA RAYOVAC AMARELINHA PEQ. 4UN AA : PILHA RAYOVAC AMARELINHA PEQ. 4UN";"7896009718113";"1770"
"PILHA RAYOVAC AMARELINHA PALITO 4UN AAA : PILHA RAYOVAC AMARELINHA PALITO 4UN";"7896009761911";"1769"
"PILHA RAYOVAC ALCALINA PEQUENA 2UN AA : PILHA RAYOVAC ALCALINA PEQUENA 2UN";"7896009760433";"1836"
"PILHA RAYOVAC ALCALINA PALITO 2UN AAA : PILHA RAYOVAC ALCALINA PALITO 2UN";"7896009724015";"1838"
"PILHA PANASONIC SUP. HYPER GRANDE. 2UN : PILHA PANASONIC SUP. HYPER GRANDE.";"7896067200018";"51583"
"PILHA PANASONIC SUP. HYPER AAA 8UN PALITO : PILHA PANASONIC SUP. HYPER AAA 8UN";"7896067203125";"51582"
"PILHA PANASONIC SUP. HYPER AAA 4UN PALITO : PILHA PANASONIC SUP. HYPER AAA 4UN";"7896067203033";"48660"
"PILHA PANASONIC SUP. HYPER AA 8UN PEQUENA : PILHA PANASONIC SUP. HYPER AA 8UN";"7896067202982";"51584"
"PILHA PANASONIC SUP. HYPER AA 4UN PEQUENA : PILHA PANASONIC SUP. HYPER AA 4UN";"7896067200032";"48659"
"PILHA PANASONIC SUP. HYPER AA 2UN MEDIA : PILHA PANASONIC SUP. HYPER AA 2UN";"7896067200025";"40615"
"PILHA PANASONIC PREMIUM PEQ. AA 2UN ALCALINA : PILHA PANASONIC PREMIUM PEQ. AA 2UN";"7896067203712";"48657"
"PILHA PANASONIC POWER PEQ. AA L4P3 : PILHA PANASONIC POWER PEQ. AA L4P3";"7896067204023";"54066"
"PILHA PANASONIC POWER PEQ. AA 6UN ALCALINA : PILHA PANASONIC POWER PEQ. AA 6UN";"7896067203002";"51570"
"PILHA PANASONIC POWER PEQ. AA 4UN ALCALINA : PILHA PANASONIC POWER PEQ. AA 4UN";"7896067200179";"51568"
"PILHA PANASONIC POWER PEQ. AA 2UN ALCALINA : PILHA PANASONIC POWER PEQ. AA 2UN";"7896067200162";"34711"
"PILHA PANASONIC POWER PAL. AAA 6UN ALCALINA : PILHA PANASONIC POWER PAL. AAA 6UN";"7896067203675";"51567"
"PILHA PANASONIC POWER PAL. AAA 4UN ALCALINA : PILHA PANASONIC POWER PAL. AAA 4UN";"7896067201398";"51571"
"PILHA PANASONIC POWER PAL. AAA 2UN ALCALINA : PILHA PANASONIC POWER PAL. AAA 2UN";"7896067200186";"34755"
"PILHA DURACELL MEDIA 2UN : PILHA DURACELL MEDIA 2UN";"41333000992";"1826"
"PILHA DURACELL AAA 2UN : PILHA DURACELL AAA 2UN";"41333001074";"1824"
"PILHA DURACELL AA 2UN  : PILHA DURACELL AA 2UN";"41333001005";"1828"
"PICOLE ICE BY NICE ZERO ACUCAR 65G MORANGO : PICOLE ICE BY NICE ZERO ACUCAR 65G";"7898940814817";"46779"
"PICOLE ICE BY NICE ZERO ACUCAR 65G COCO BRANCO : PICOLE ICE BY NICE ZERO ACUCAR 65G";"7898940814855";"46779"
"PICOLE ICE BY NICE ZERO ACUCAR 65G CHOCOLATE : PICOLE ICE BY NICE ZERO ACUCAR 65G";"7898940814824";"46779"
"PICOLE ICE BY NICE UVA 65G : PICOLE ICE BY NICE UVA 65G";"7898940814060";"46767"
"PICOLE ICE BY NICE RECHEATTO 65G MORANGO/COND. : PICOLE ICE BY NICE RECHEATTO 65G";"7898940814947";"46777"
"PICOLE ICE BY NICE RECHEATTO 65G CAFE TRUFADO : PICOLE ICE BY NICE RECHEATTO 65G";"7898940814503";"46777"
"PICOLE ICE BY NICE PREMIUM 80G VANILLA/CHOC. : PICOLE ICE BY NICE PREMIUM 80G";"7898940814756";"46778"
"PICOLE ICE BY NICE PREMIUM 80G MORANGO SILVEST : PICOLE ICE BY NICE PREMIUM 80G";"7898940814800";"46778"
"PICOLE ICE BY NICE PREMIUM 80G MENTA/CHOCOLATE : PICOLE ICE BY NICE PREMIUM 80G";"7898940814787";"46778"
"PICOLE ICE BY NICE PREMIUM 80G MEIO AMARGO 70% : PICOLE ICE BY NICE PREMIUM 80G";"7898940814268";"46778"
"PICOLE ICE BY NICE PREMIUM 80G MARACUJA/CHOC. : PICOLE ICE BY NICE PREMIUM 80G";"7898940814725";"46778"
"PICOLE ICE BY NICE PREMIUM 80G DOCE DE LEITE : PICOLE ICE BY NICE PREMIUM 80G";"7898940814794";"46778"
"PICOLE ICE BY NICE PREMIUM 80G COCO/CHOC BELGA : PICOLE ICE BY NICE PREMIUM 80G";"7898940814435";"46778"
"PICOLE ICE BY NICE PREMIUM 80G CHOCOLATE/AVELA : PICOLE ICE BY NICE PREMIUM 80G";"7898940814732";"46778"
"PICOLE ICE BY NICE PREMIUM 80G CHOC. BRANCO : PICOLE ICE BY NICE PREMIUM 80G";"7898940814749";"46778"
"PICOLE ICE BY NICE PACOQUITA 65G TRADICIONAL : PICOLE ICE BY NICE PACOQUITA 65G";"7898940814398";"46776"
"PICOLE ICE BY NICE PACOQUITA 65G DIET : PICOLE ICE BY NICE PACOQUITA 65G";"7898940814831";"46776"
"PICOLE ICE BY NICE NATURE ON 90G ACAI+LEITINHO : PICOLE ICE BY NICE NATURE ON 90G";"7898940814411";"71360"
"PICOLE ICE BY NICE MORANGO 65G : PICOLE ICE BY NICE MORANGO 65G";"7898940814336";"46773"
"PICOLE ICE BY NICE MILHO VERDE 65G : PICOLE ICE BY NICE MILHO VERDE 65G";"7898940814381";"46772"
"PICOLE ICE BY NICE LIMA & LIMAO 65G : PICOLE ICE BY NICE LIMA & LIMAO 65G";"7898940814046";"46769"
"PICOLE ICE BY NICE GOLDEN 90G TORTA DE LIMAO : PICOLE ICE BY NICE GOLDEN 90G";"7898940814282";"61617"
"PICOLE ICE BY NICE GOLDEN 90G SUMMER BERRIES : PICOLE ICE BY NICE GOLDEN 90G";"7898940814237";"61617"
"PICOLE ICE BY NICE GOLDEN 90G PISTACHIO : PICOLE ICE BY NICE GOLDEN 90G";"7898940814220";"61617"
"PICOLE ICE BY NICE GOLDEN 90G CHOC. CARAMEL : PICOLE ICE BY NICE GOLDEN 90G";"7898940814213";"61617"
"PICOLE ICE BY NICE GOLDEN 90G BOMBOM CHOC/AVE : PICOLE ICE BY NICE GOLDEN 90G";"7898940814299";"61617"
"PICOLE ICE BY NICE CHOCOLATE 65G AO LEITE : PICOLE ICE BY NICE CHOCOLATE 65G";"7898940814367";"46775"
"PICOLE ICE BY NICE CHICLETE 65G : PICOLE ICE BY NICE CHICLETE 65G";"7898940814640";"46766"
"PICOLE ICE BY NICE CHEESECAKE 90G MORANGO : PICOLE ICE BY NICE CHEESECAKE 90G";"7898940814275";"68910"
"PICOLE ICE BY NICE ABACAXI/HORT 65G : PICOLE ICE BY NICE ABACAXI/HORT 65G";"7898940814077";"46768"
"PICLES EM CONSERVA PONZAN 300G : PICLES EM CONSERVA PONZAN 300G";"7898270966002";"70020"
"PICANHA ORANGES KG : PICANHA ORANGES KG";"148";"6491"
"PICANHA FATIADA BARRA MANSA KG : PICANHA FATIADA BARRA MANSA KG";"6437";"28553"
"PETISCOS WHISKAS TEMPTATIONS 40G ANTI BOLA PELO : PETISCOS WHISKAS TEMPTATIONS 40G";"7896029028384";"50186"
"PETISCOS PEDIGREE DENTASTIX 77G RACAS MEDIAS : PETISCOS PEDIGREE DENTASTIX 77G";"7896029052341";"39442"
"PETISCOS PEDIGREE DENTASTIX 45G RACAS PEQUENAS : PETISCOS PEDIGREE DENTASTIX 45G";"7896029052327";"39311"
"PETISCOS PEDIGREE DENTASTIX 270G RACAS GRANDES : PETISCOS PEDIGREE DENTASTIX 270G";"7896029052365";"58711"
"PETISCOS PEDIGREE DENTASTIX 180G RACAS MEDIAS : PETISCOS PEDIGREE DENTASTIX 180G";"7896029052358";"44343"
"PETISCOS PEDIGREE DENTASTIX 110G RACAS PEQUENAS : PETISCOS PEDIGREE DENTASTIX 110G";"7896029052334";"58712"
"PETISCOS FRISKIES PARTY MIX 40G SALMAO : PETISCOS FRISKIES PARTY MIX 40G";"7891000406960";"60379"
"PETISCOS FRISKIES PARTY MIX 40G FRANGO : PETISCOS FRISKIES PARTY MIX 40G";"7891000407196";"60379"
"PETISCOS FRISKIES PARTY MIX 40G CARNE : PETISCOS FRISKIES PARTY MIX 40G";"7891000407189";"60379"
"PETISCOS FRANGO TEMP. NUTRIBEM 800G : PETISCOS FRANGO TEMP. NUTRIBEM 800G";"7898905837844";"50215"
"PETISCOS FRANGO TEMP. COPACOL 1KG TRADICIONAL : PETISCOS FRANGO TEMP. COPACOL 1KG";"7891527031676";"31484"
"PETISCOS DREAMIES 40G SALMAO : PETISCOS DREAMIES 40G";"7896029021569";"67109"
"PETISCOS DREAMIES 40G FRANGO : PETISCOS DREAMIES 40G";"7896029028438";"67109"
"PETISCOS DREAMIES 40G CARNE : PETISCOS DREAMIES 40G";"7896029028414";"67109"
"PETISCOS DOG CHOW SAUDE ORAL 80G MEDIO/GRANDE : PETISCOS DOG CHOW SAUDE ORAL 80G";"7891000261989";"60386"
"PETISCOS DE FRANGO KG : PETISCOS DE FRANGO KG";"6216";"49202"
"PESSEGO SCHRAMM CALDA FATIA 450G : PESSEGO SCHRAMM CALDA FATIA 450G";"7896536500045";"70948"
"PESSEGO SCHRAMM CALDA EXTRA 450G METADES : PESSEGO SCHRAMM CALDA EXTRA 450G";"7896536500342";"70947"
"PESSEGO SCHRAMM CALDA 450G METADES : PESSEGO SCHRAMM CALDA 450G";"7896536500038";"4136"
"PESSEGO NACIONAL KG : PESSEGO NACIONAL KG";"557";"2718"
"PESSEGO IMPORTADO KG : PESSEGO IMPORTADO KG";"556";"2717"
"PESSEGO EM CALDA TATITANIA 550G VIDRO : PESSEGO EM CALDA TATITANIA 550G";"7898022772905";"70481"
"PESSEGO EM CALDA PREDILECTA 450G : PESSEGO EM CALDA PREDILECTA 450G";"7896292301351";"4245"
"PESSEGO EM CALDA GB 425G EXTRA : PESSEGO EM CALDA GB 425G";"7896481600012";"717"
"PESO UNIVERSAL PARA PANELA NEDO REF.121 : PESO UNIVERSAL PARA PANELA NEDO";"7896619801212";"5681"
"PERNIL ORIENTAL KG : PERNIL ORIENTAL KG";"1068";"10816"
"PERNIL ACEBOLADO KG : PERNIL ACEBOLADO KG";"6262";"50052"
"PERA WILLIANS KG : PERA WILLIANS KG";"2060";"11671"
"PERA VERMELHA KG : PERA VERMELHA KG";"1015";"2716"
"PERA PORTUGUESA KG : PERA PORTUGUESA KG";"1433";"7018"
"PERA PARK KG : PERA PARK KG";"1661";"2714"
"PERA FORELLE KG : PERA FORELLE KG";"6496";"51713"
"PEQUI FATIADO PONZAN 110G : PEQUI FATIADO PONZAN 110G";"7898270964459";"70004"
"PEPINO JAPONES PICADO KG : PEPINO JAPONES PICADO KG";"948";"3143"
"PEPINO JAPONES KG : PEPINO JAPONES KG";"551";"2986"
"PEPINO JAPONES EMBALADO KG : PEPINO JAPONES EMBALADO KG";"1306";"10975"
"PEPINO CONSERVA HEMMER SUAVE 300G : PEPINO CONSERVA HEMMER SUAVE 300G";"7891031112304";"33746"
"PEPINO CASTELO VIDRO 300G  : PEPINO CASTELO VIDRO 300G";"7896048285454";"53420"
"PEPINO CAIPIRA KG  : PEPINO CAIPIRA KG";"549";"2985"
"PEPINO CAIPIRA EMBALADO KG : PEPINO CAIPIRA EMBALADO KG";"771";"3047"
"PEPINO AGRIDOCE VALE FERTIL 300G FATIADO : PEPINO AGRIDOCE VALE FERTIL 300G";"7896272010440";"67575"
"PEPINO AGRIDOCE HEMMER RODELA 440G : PEPINO AGRIDOCE HEMMER RODELA 440G";"7891031112137";"56814"
"PENTE RICCA DESEMBARANCANTE : PENTE RICCA DESEMBARANCANTE";"7897517924041";"71875"
"PENTE RICCA BASIC DENTES LARGOS : PENTE RICCA BASIC DENTES LARGOS";"7897517909901";"71868"
"PENTE RICCA BASIC CABO FINO MECHAS : PENTE RICCA BASIC CABO FINO MECHAS";"7897517909864";"71866"
"PENTE RICCA BASIC CABO FINO : PENTE RICCA BASIC CABO FINO";"7897517909833";"71873"
"PENTE RICCA BASIC 4UN : PENTE RICCA BASIC 4UN";"7897517910044";"71871"
"PENTE RICCA BASIC 2UN : PENTE RICCA BASIC 2UN";"7897517909970";"71870"
"PENTE PARA CASPA COM CABO NEDO REF. 478 : PENTE PARA CASPA COM CABO NEDO";"7896619804787";"7692"
"PENTE OVAL TIPO ESCOVA NEDO - 242 REF. 1108 : PENTE OVAL TIPO ESCOVA NEDO - 242";"7896619811082";"7693"
"PENTE MASCULINO PEQUENO ENOX 2 UN : PENTE MASCULINO PEQUENO ENOX 2 UN";"7897517903558";"71862"
"PENTE MASCULINO OVAL ENOX : PENTE MASCULINO OVAL ENOX";"7897517903589";"71861"
"PENTE FINO PARA CASPA NEDO REF. 536 : PENTE FINO PARA CASPA NEDO REF. 536";"7896619805364";"35883"
"PENTE DE BOLSO NEDO SB 1005 : PENTE DE BOLSO NEDO SB 1005";"7896619804800";"6546"
"PENTE CACHOS RICCA : PENTE CACHOS RICCA";"7897517924058";"71844"
"PENTE CABO FINO NEDO REF. 479 : PENTE CABO FINO NEDO REF. 479";"7896619804794";"11303"
"PENEIRA PLASUTIL 7CM REF. 1188 : PENEIRA PLASUTIL 7CM";"7896042011882";"12839"
"PENEIRA PLASUTIL 16CM REF. 1190 : PENEIRA PLASUTIL 16CM";"7896042011905";"10055"
"PENEIRA PLASUTIL 12CM REF. 1189 : PENEIRA PLASUTIL 12CM";"7896042011899";"10053"
"PENEIRA ORIGINAL LINE INOX 14CM : PENEIRA ORIGINAL LINE INOX 14CM";"7899653781021";"52648"
"PENEIRA FUNIL PLASUTIL 15CM 12873 : PENEIRA FUNIL PLASUTIL 15CM";"7899808896617";"58401"
"PEIXE-SARDINHA SALGADA KG : PEIXE-SARDINHA SALGADA";"7898054040751";"2658"
"PEIXE-FILE DE SALMAO 3/4 C/P KG : PEIXE-FILE DE SALMAO 3/4 C/P";"403";"2616"
"PEIXE-BACALHAU ZARBO 16/20 KG : PEIXE-BACALHAU ZARBO 16/20";"2538";"15288"
"PEIXE-BACALHAU SAITHE 7/9 KG : PEIXE-BACALHAU SAITHE 7/9";"384";"2676"
"PEITO FRANGO DESFIADO COPACOL 400G TEMPERADO : PEITO FRANGO DESFIADO COPACOL 400G";"7891527044935";"31502"
"PEITO FRANGO DEFUMADO SEARA KG : PEITO FRANGO DEFUMADO SEARA KG";"7894904008339";"15308"
"PEITO FRANGO DEFUMADO CERATTI 100G FATIADO : PEITO FRANGO DEFUMADO CERATTI 100G";"7898907632645";"72086"
"PEITO DE PERU SADIA FATIADO 200G : PEITO DE PERU SADIA FATIADO 200G";"7893000084322";"38032"
"PEITO DE PERU DEFUMADO SEARA KG : PEITO DE PERU DEFUMADO SEARA KG";"7894904072408";"30880"
"PEITO DE PERU DEFUMADO SADIA KG : PEITO DE PERU DEFUMADO SADIA KG";"157";"2477"
"PEDRA SANITARIA TRIEX 25G JARDIM DE ROSAS : PEDRA SANITARIA TRIEX 25G";"7896527702076";"63514"
"PEDRA SANITARIA TRIEX 25G FRUTAS CITRICAS : PEDRA SANITARIA TRIEX 25G";"7896527702090";"63514"
"PEDRA SANITARIA TRIEX 25G AROMAS DO CAMPO : PEDRA SANITARIA TRIEX 25G";"7896527702083";"63514"
"PEDRA SANITARIA SANOL 27G PINHO : PEDRA SANITARIA SANOL 27G";"7896183300210";"8545"
"PEDRA SANITARIA SANOL 27G LAVANDA : PEDRA SANITARIA SANOL 27G";"7896183300807";"8545"
"PEDRA SANITARIA SANOL 27G FLORES TROP. : PEDRA SANITARIA SANOL 27G";"7896183300227";"8545"
"PEDRA POME NEDO 70G : PEDRA POME NEDO 70G";"7896619802110";"9338"
"PEDRA DE AFIAR DUPLA FACE 6" NEDO : PEDRA DE AFIAR DUPLA FACE 6" NEDO";"7896619802134";"48398"
"PE DE FRANGO GONZALES KG : PE DE FRANGO GONZALES KG";"2673";"16009"
"PAZINHA PLAST. SORVETE JUNCO 50UN 7,5X2,2CM SORT. : PAZINHA PLAST. SORVETE JUNCO 50UN";"7896523112336";"51373"
"PAVE DE LIMAO KG : PAVE DE LIMAO KG";"5792";"44328"
"PAVE DE LEITE NINHO KG : PAVE DE LEITE NINHO KG";"3368";"29381"
"PAVE DE BOMBOM KG : PAVE DE BOMBOM KG";"1504";"2850"
"PATO PEDRA SANITARIA - OFERTA ESP. MARINE : PATO PEDRA SANITARIA - OFERTA ESP.";"7894650014288";"47834"
"PATO PEDRA SANITARIA - OFERTA ESP. LAVANDA : PATO PEDRA SANITARIA - OFERTA ESP.";"7894650939598";"47834"
"PATO PASTILHA ADESIVA 3UN FRESH : PATO PASTILHA ADESIVA 3UN";"7894650009055";"371"
"PATO PASTILHA ADESIVA 3UN- 20% DESC LAVANDA : PATO PASTILHA ADESIVA 3UN- 20% DESC";"7894650013502";"46751"
"PATO PASTILHA ADESIVA 3UN- 20% DESC CITRUS : PATO PASTILHA ADESIVA 3UN- 20% DESC";"7894650938690";"46751"
"PATO GEL ADESIVO REFIL+APLICAD. GTS LAVANDA : PATO GEL ADESIVO REFIL+APLICAD. GTS";"7894650939604";"51130"
"PATO GEL ADESIVO REFIL 6UN 38G 50% CITRUS : PATO GEL ADESIVO REFIL 6UN 38G 50%";"7894650009109";"62850"
"PATO GEL ADESIVO REFIL 12UN 38G 50% LAVANDA : PATO GEL ADESIVO REFIL 12UN 38G 50%";"7894650009017";"66727"
"PATO GEL ADESIVO APLICADOR 38G MARINE : PATO GEL ADESIVO APLICADOR 38G";"7894650002049";"4820"
"PATO GEL ADESIVO APLICADOR 38G CITRUS : PATO GEL ADESIVO APLICADOR 38G";"7894650009147";"4820"
"PATO ADVANCED GERMINEX 750ML MARINE : PATO ADVANCED GERMINEX 750ML";"7894650182208";"31768"
"PATO ADVANCED GERMINEX 750ML LAVANDA : PATO ADVANCED GERMINEX 750ML";"7894650938683";"31768"
"PATO ADVANCED GERMINEX 500ML MARINE : PATO ADVANCED GERMINEX 500ML";"7894650155011";"117"
"PATE SABOR DAS INDIAS PIMENTA 300G BIQUINHO PIC. : PATE SABOR DAS INDIAS PIMENTA 300G";"7898947526911";"3022"
"PATE SABOR DAS INDIAS PIMENTA 300G BIQUINHO : PATE SABOR DAS INDIAS PIMENTA 300G";"7898947526942";"3022"
"PATE SABOR DAS INDIAS PIMENTA 200G BIQUINHO DEF. : PATE SABOR DAS INDIAS PIMENTA 200G";"0630941777428";"71175"
"PATE SABOR DAS INDIAS PIMENTA 170G BIQUINHO PIC. : PATE SABOR DAS INDIAS PIMENTA 170G";"0630941777411";"71173"
"PATE PIMENTA BIQUINHO SIAMAR 200G : PATE PIMENTA BIQUINHO SIAMAR 200G";"7896069576616";"59413"
"PATE PEITO DE PERU SEARA 100G : PATE PEITO DE PERU SEARA 100G";"7894904357024";"40608"
"PATE DE SARDINHA KG : PATE DE SARDINHA KG           ";"1744";"5907"
"PATE DE RICOTA KG                           : PATE DE RICOTA KG             ";"1667";"5906"
"PATE DE QUEIJO PROVOLONE KG : PATE DE QUEIJO PROVOLONE KG";"1822";"5904"
"PATE DE PEITO DE FRANGO KG : PATE DE PEITO DE FRANGO KG    ";"1238";"10302"
"PATE DE AZEITONA VERDE KG : PATE DE AZEITONA VERDE KG";"161";"6516"
"PATE DE AZEITONA PRETA KG : PATE DE AZEITONA PRETA KG";"2204";"11771"
"PATE DE ATUM KG : PATE DE ATUM KG               ";"1749";"5902"
"PATE DE ALHO TEMPERADO KG : PATE DE ALHO TEMPERADO KG";"8511";"70410"
"PATE DE ALHO SIAMAR 190G : PATE DE ALHO SIAMAR 190G";"7896069577118";"71155"
"PATE DE ALHO KG  : PATE DE ALHO KG               ";"1756";"5901"
"PATE CANINO PEDIGREE 280G CARNE E FRANGO : PATE CANINO PEDIGREE 280G";"7896029079522";"20033"
"PATE CANINO PEDIGREE 280G CARNE : PATE CANINO PEDIGREE 280G";"7896029079508";"20033"
"PATE ATUM COQUEIRO SACHE 170G TRADICIONAL : PATE ATUM COQUEIRO SACHE 170G";"7896009301193";"7476"
"PATE ATUM COQUEIRO SACHE 170G AZEITONAS VERDE : PATE ATUM COQUEIRO SACHE 170G";"7896009301162";"7476"
"PATE ALHO/CHEIRO VERDE KG : PATE ALHO/CHEIRO VERDE KG";"8503";"70200"
"PASTILLE DOCILE 100G : PASTILLE DOCILE 100G";"7896451908667";"70304"
"PASTILHAS MENTOS CLEAR BREATH 35G VITA+ : PASTILHAS MENTOS CLEAR BREATH 35G";"80918776";"54610"
"PASTILHAS MAQUINA LOUCAS UNIK 300G 2 EM 1 25UN : PASTILHAS MAQUINA LOUCAS UNIK 300G";"7896188602036";"73421"
"PASTILHA TIC TAC 49G LARANJA : PASTILHA TIC TAC 49G";"7861002901855";"38924"
"PASTILHA TIC TAC 14,5G MORANGO : PASTILHA TIC TAC 14,5G";"7898024395331";"1849"
"PASTILHA TIC TAC 14,5G MENTA FRESH : PASTILHA TIC TAC 14,5G";"78945494";"1849"
"PASTILHA TIC TAC 14,5G MENTA : PASTILHA TIC TAC 14,5G";"7898024393184";"1849"
"PASTILHA TIC TAC 14,5G LARANJA : PASTILHA TIC TAC 14,5G";"7898024393191";"1849"
"PASTILHA TIC TAC 14,5G FRUTAS MIX : PASTILHA TIC TAC 14,5G";"78945463";"1849"
"PASTILHA MEGA KIDOCURA 87G : PASTILHA MEGA KIDOCURA 87G";"7896255566506";"52507"
"PASTELAO DE CARNE UN : PASTELAO DE CARNE UN";"2187";"5992"
"PASTEL DE QUEIJO UNID. : PASTEL DE QUEIJO UNID.";"659";"10365"
"PASTEL DE QUEIJO KG : PASTEL DE QUEIJO KG";"2363";"52546"
"PASTEL DE PALMITO UNID. : PASTEL DE PALMITO UNID.";"660";"10366"
"PASTEL DE PALMITO KG : PASTEL DE PALMITO";"2811";"17253"
"PASTEL DE FRANGO KG : PASTEL DE FRANGO KG           ";"2810";"17251"
"PASTEL DE FORNO KG FRANGO : PASTEL DE FORNO KG";"6717";"35333"
"PASTEL DE CARNE UNID. : PASTEL DE CARNE UNID.";"658";"10364"
"PASTEL DE CARNE KG : PASTEL DE CARNE KG            ";"2808";"17249"
"PASTA AMENDOIM SIAMAR 500G  : PASTA AMENDOIM SIAMAR 500G";"7896069575688";"46866"
"PASTA AMENDOIM NATURAL LIFE 450G INTEGRAL : PASTA AMENDOIM NATURAL LIFE 450G";"7896256066012";"55031"
"PASTA AMENDOIM MANDUBIM SALG. 220G AZEITE/ERVAS F. : PASTA AMENDOIM MANDUBIM SALG. 220G";"7898126321153";"43934"
"PASTA AMENDOIM MANDUBIM INTEGRAL 450G : PASTA AMENDOIM MANDUBIM INTEGRAL";"7898126320842";"40138"
"PASTA AMENDOIM MANDUBIM 450G LEITE EM PO : PASTA AMENDOIM MANDUBIM 450G";"7898126321023";"57711"
"PASTA AMENDOIM MANDUBIM 450G GIANDUIA : PASTA AMENDOIM MANDUBIM 450G";"7898126321047";"57711"
"PASTA AMENDOIM DR PEANUT 600G CHOCOTINE : PASTA AMENDOIM DR PEANUT 600G";"619205390061";"70811"
"PASTA AMENDOIM DR PEANUT 600G AVELA : PASTA AMENDOIM DR PEANUT 600G";"619205390054";"70811"
"PASSE BEM TRADICIONAL REFIL 500ML : PASSE BEM TRADICIONAL REFIL 500ML";"7891035032103";"44"
"PASSE BEM TRADICIONAL REFIL 400ML : PASSE BEM TRADICIONAL REFIL 400ML";"7891035002441";"67651"
"PASSE BEM TRADICIONAL 500ML PULVERIZADOR : PASSE BEM TRADICIONAL 500ML";"7891035032004";"46"
"PASSA ROUPAS TUFF CARE REFIL 500ML : PASSA ROUPAS TUFF CARE REFIL 500ML";"7897534806771";"54740"
"PASSA FACIL ZULU PERFUMES 500ML : PASSA FACIL ZULU PERFUMES 500ML";"7896090700189";"74068"
"PASSA FACIL PLUSH GATILHO 500ML : PASSA FACIL PLUSH GATILHO 500ML";"7896183300982";"9226"
"PARAFUSO E BUCHA Nº8 NEDO REF.113 C/ 10UN : PARAFUSO E BUCHA Nº8 NEDO REF.113";"7896619801137";"4961"
"PAPRICA ZILIO 15G PICANTE : PAPRICA ZILIO 15G";"7896280400844";"49652"
"PAPRICA ZILIO 15G DOCE : PAPRICA ZILIO 15G";"7896280400837";"49652"
"PAPRICA PICANTE SIAMAR 20G : PAPRICA PICANTE SIAMAR 20G";"7896069573240";"48132"
"PAPRICA DOCE SIAMAR 20G : PAPRICA DOCE SIAMAR 20G";"7896069573332";"32817"
"PAPRICA DEFUMADA ZILIO 15G : PAPRICA DEFUMADA ZILIO 15G";"7896280402619";"62516"
"PAPRICA DEFUMADA SIAMAR 20G : PAPRICA DEFUMADA SIAMAR 20G";"7896069576647";"60103"
"PAPEL TOALHA STYLUS MAXIM 2 ROLOS 50 FOLHAS : PAPEL TOALHA STYLUS MAXIM 2 ROLOS";"7896026801508";"40813"
"PAPEL TOALHA SNOB MULTIUSO 100 FOLHAS : PAPEL TOALHA SNOB MULTIUSO";"7896110011059";"70226"
"PAPEL TOALHA SNOB HIPER 2 ROLOS BRANCA 240FLS : PAPEL TOALHA SNOB HIPER 2 ROLOS";"7896110012162";"54389"
"PAPEL TOALHA SNOB DECORADA 2 ROLOS 120FLS : PAPEL TOALHA SNOB DECORADA 2 ROLOS";"7896110061122";"34156"
"PAPEL TOALHA SNOB BRANCA 2 ROLOS 120FLS : PAPEL TOALHA SNOB BRANCA 2 ROLOS";"7896110061221";"26279"
"PAPEL TOALHA SCALA PLUS 2UN : PAPEL TOALHA SCALA PLUS 2UN";"7898962794289";"60149"
"PAPEL TOALHA MILI GRAN CHEF 3 ROLOS 360FL : PAPEL TOALHA MILI GRAN CHEF 3 ROLOS";"7896104991961";"66783"
"PAPEL TOALHA MILI BRANCA 2 ROLOS 55 FOLHAS : PAPEL TOALHA MILI BRANCA 2 ROLOS";"7896104998724";"396"
"PAPEL TOALHA MILI BIG P. 2 ROLOS 200 FOLHAS : PAPEL TOALHA MILI BIG P. 2 ROLOS";"7896104997727";"43014"
"PAPEL TOALHA MAXIM 200FOLHAS DECORADA : PAPEL TOALHA MAXIM 200FOLHAS";"7896026801331";"63176"
"PAPEL MANTEIGA WYDA : PAPEL MANTEIGA WYDA";"7898930672694";"11743"
"PAPEL MANTEIGA BRICOFLEX 30CMX7,5M : PAPEL MANTEIGA BRICOFLEX 30CMX7,5M";"7898608572899";"63393"
"PAPEL HIGIENICO ATUALLE 12 ROLOS FOLHA DUPLA : PAPEL HIGIENICO ATUALLE 12 ROLOS";"7896104992197";"62934"
"PAPEL HIG PERSONAL VIP L12P11 30M NEUTRO F/DUPLA : PAPEL HIG PERSONAL VIP L12P11 30M";"7896110008653";"33771"
"PAPEL HIG PERSONAL VIP L12P11 20M. F/ DUPLA : PAPEL HIG PERSONAL VIP L12P11 20M.";"7896110010731";"60202"
"PAPEL HIG PERSONAL VIP L12P11 20M F/ TRIPLA : PAPEL HIG PERSONAL VIP L12P11 20M";"7896110011011";"62718"
"PAPEL HIG PERSONAL VIP COMP. L24P22 NEUTRO : PAPEL HIG PERSONAL VIP COMP. L24P22";"7896110007427";"53096"
"PAPEL HIG PERSONAL VIP COMP. L16P15 NEUTRO F/ DUPL : PAPEL HIG PERSONAL VIP COMP. L16P15";"7896110004648";"26261"
"PAPEL HIG PERSONAL VIP 4UN 30M VIP NEUTRO : PAPEL HIG PERSONAL VIP 4UN 30M";"7896110000176";"26262"
"PAPEL HIG PERSONAL VIP 4UN 30M LAVANDA : PAPEL HIG PERSONAL VIP 4UN 30M";"7896110003900";"26262"
"PAPEL HIG PERSONAL VIP 12RL 30M LAVANDA F/D : PAPEL HIG PERSONAL VIP 12RL 30M";"7896110012261";"70168"
"PAPEL HIG PERSONAL 6UN 40M F/D NEUTRO : PAPEL HIG PERSONAL 6UN 40M F/D";"7896110012506";"69561"
"PAPEL HIG PERSONAL 30M L16P15 F/S  : PAPEL HIG PERSONAL 30M L16P15 F/S";"7896110005874";"26260"
"PAPEL HIG PERSONAL 30M 4UN F/S NEUTRO : PAPEL HIG PERSONAL 30M 4UN F/S";"7896110094816";"25268"
"PAPEL HIG PALOMA L16P15 60M F/S NEUTRO : PAPEL HIG PALOMA L16P15 60M F/S";"7896026800747";"40811"
"PAPEL HIG PALOMA L16P15 30M F/S NEUTRO : PAPEL HIG PALOMA L16P15 30M F/S";"7896026800822";"40664"
"PAPEL HIG PALOMA 30M 4 ROLOS F/S PERFUMADO : PAPEL HIG PALOMA 30M 4 ROLOS F/S";"7896026838252";"40665"
"PAPEL HIG PALOMA 30M 4 ROLOS F/S NEUTRO : PAPEL HIG PALOMA 30M 4 ROLOS F/S";"7896026838245";"40665"
"PAPEL HIG PALOMA 30M 12 ROLOS F/D NEUTRO : PAPEL HIG PALOMA 30M 12 ROLOS F/D";"7896026801423";"68506"
"PAPEL HIG NEVE SUPREME L12P11 20M F/T : PAPEL HIG NEVE SUPREME L12P11 20M";"7896018704282";"41061"
"PAPEL HIG NEVE L16P15 30M NEUTRO : PAPEL HIG NEVE L16P15 30M";"7891172432026";"16696"
"PAPEL HIG NEVE 4UN 30M F/D TOQUE DE SEDA : PAPEL HIG NEVE 4UN 30M F/D";"7891172421174";"390"
"PAPEL HIG NEVE 4UN 20M F/D TOQUE DE SEDA : PAPEL HIG NEVE 4UN 20M F/D";"7896018704121";"64350"
"PAPEL HIG NEVE 12UN 20M TOQUE DE SEDA : PAPEL HIG NEVE 12UN 20M";"7896018704732";"64600"
"PAPEL HIG MILI L12P11 FD 30M PERFUMADO : PAPEL HIG MILI L12P11 FD 30M";"7896104996409";"34937"
"PAPEL HIG MILI L12P11 FD 30M NEUTRO : PAPEL HIG MILI L12P11 FD 30M";"7896104996393";"34937"
"PAPEL HIG MILI BIANCO 60M L16P15 PERFUMADO : PAPEL HIG MILI BIANCO 60M L16P15";"7896104996317";"39698"
"PAPEL HIG MILI BIANCO 60M L16P15 NEUTRO : PAPEL HIG MILI BIANCO 60M L16P15";"7896104996324";"39698"
"PAPEL HIG MILI BIANCO 60M 4 ROLOS PERFUMADO : PAPEL HIG MILI BIANCO 60M 4 ROLOS";"7896104998540";"383"
"PAPEL HIG MILI BIANCO 60M 4 ROLOS NEUTRO : PAPEL HIG MILI BIANCO 60M 4 ROLOS";"7896104998557";"383"
"PAPEL HIG MILI 60M 6RL F/D LEVE + PAGUE - : PAPEL HIG MILI 60M 6RL F/D";"7896104993712";"48950"
"PAPEL HIG DUETTO VELVET 18 ROLOS 30M F/D : PAPEL HIG DUETTO VELVET 18 ROLOS";"7896026805797";"68140"
"PAPEL HIG DUETTO MAGNO 30M L18 P16 F/D COMPACTO : PAPEL HIG DUETTO MAGNO 30M L18 P16";"7896026801102";"53987"
"PAPEL HIG DUETTO 30M 4 ROLOS F/D PERFUMADO : PAPEL HIG DUETTO 30M 4 ROLOS F/D";"7896026850155";"40781"
"PAPEL HIG DUETTO 30M 12 ROLOS F/D PERFUMADO : PAPEL HIG DUETTO 30M 12 ROLOS F/D";"7896026800860";"40807"
"PAPEL HIG DUETTO 30M 12 ROLOS F/D NEUTRO : PAPEL HIG DUETTO 30M 12 ROLOS F/D";"7896026800709";"40807"
"PAPEL HIG DUETTO 20M 24 ROLOS F/D : PAPEL HIG DUETTO 20M 24 ROLOS F/D";"7896026801485";"70227"
"PAPEL ASSALIGHT WYDA 3M : PAPEL ASSALIGHT WYDA 3M";"7898930673592";"56028"
"PAPEL ALUMINIO WYDA 45X75M : PAPEL ALUMINIO WYDA 45X75M";"7898933283040";"9630"
"PAPEL ALUMINIO WYDA 30CM X 7,5M : PAPEL ALUMINIO WYDA 30CM X 7,5M";"7898930672441";"9620"
"PAPEL ALUMINIO BRICOFLEX 45CMX7,5M  : PAPEL ALUMINIO BRICOFLEX 45CMX7,5M";"7898608572769";"63390"
"PAPEL ALUMINIO BRICOFLEX 30CMX7,5M : PAPEL ALUMINIO BRICOFLEX 30CMX7,5M";"7898608572738";"63391"
"PAPAPA PAPINHA 100G PERA/ESP/ABOB : PAPAPA PAPINHA 100G";"7898994908753";"68857"
"PAPAPA PAPINHA 100G MANGA : PAPAPA PAPINHA 100G";"7898994908715";"68857"
"PAPAPA PAPINHA 100G MACA/CEN/BATATA : PAPAPA PAPINHA 100G";"7898994908746";"68857"
"PAPAPA PAPINHA 100G MACA/AMEIXA : PAPAPA PAPINHA 100G";"7898994908722";"68857"
"PAPAPA PAPINHA 100G BAN/MIRT/QUIN : PAPAPA PAPINHA 100G";"7898994908739";"68857"
"PAO WICKBOLD GRAO SABOR FRUTAS 450G CANELA PASSAS : PAO WICKBOLD GRAO SABOR FRUTAS 450G";"7896066304571";"46986"
"PAO WICKBOLD GRAO SABOR 450G QUINOA : PAO WICKBOLD GRAO SABOR 450G";"7896066343242";"4658"
"PAO WICKBOLD GRAO SABOR 450G 18 GRAOS : PAO WICKBOLD GRAO SABOR 450G";"7896066304595";"4658"
"PAO WICKBOLD GRAO SABOR 350G CHIA/MACADAMIA : PAO WICKBOLD GRAO SABOR 350G";"7896066303680";"31842"
"PAO WICKBOLD GRAO SABOR 350G CASTANHA/QUINOA : PAO WICKBOLD GRAO SABOR 350G";"7896066301297";"31842"
"PAO WICKBOLD 100% INTEGRAL 350G TRADICIONAL : PAO WICKBOLD 100% INTEGRAL 350G";"7896066301235";"48684"
"PAO WICKBOLD 100% INTEGRAL 350G GIRASSOL/CAST. : PAO WICKBOLD 100% INTEGRAL 350G";"7896066336381";"48684"
"PAO WICKBOLD 100% INTEGRAL 350G FREEKEH E PECÃ : PAO WICKBOLD 100% INTEGRAL 350G";"7896066301242";"48684"
"PAO VISCONTI TRADICIONAL 400G : PAO VISCONTI TRADICIONAL 400G";"7891962051338";"45338"
"PAO VISCONTI INTEGRAL 400G : PAO VISCONTI INTEGRAL 400G";"7891962051345";"45339"
"PAO SOVADO PANCO 500G : PAO SOVADO PANCO 500G";"7891203010506";"35442"
"PAO SOVADO KG : PAO SOVADO KG";"1104";"2765"
"PAO SIRIO KG : PAO SIRIO KG";"310";"5892"
"PAO SEMI ITALIANO GRESPAN KG : PAO SEMI ITALIANO GRESPAN KG";"8802";"74671"
"PAO SAO LUIS (HOT DOG) KG : PAO SAO LUIS (HOT DOG) KG";"1979";"2763"
"PAO PULLMAN ZERO INTEGRAL 350G : PAO PULLMAN ZERO INTEGRAL 350G";"7896002360395";"2581"
"PAO PULLMAN ZERO 350G 12 GRAOS : PAO PULLMAN ZERO 350G";"7896002366304";"8499"
"PAO PULLMAN VITAGRAO 450G. GRAOS E CAST. : PAO PULLMAN VITAGRAO 450G.";"7896002303286";"11375"
"PAO PULLMAN VITAGRAO 12 GRAOS 450G 12 GRAOS : PAO PULLMAN VITAGRAO 12 GRAOS 450G";"7896002366267";"57426"
"PAO PULLMAN TRADICIONAL 480G : PAO PULLMAN TRADICIONAL 480G";"7896002360326";"2632"
"PAO PULLMAN SEM CASCA INTEGRAL 450G : PAO PULLMAN SEM CASCA INTEGRAL 450G";"7896002301640";"40561"
"PAO PULLMAN SEM CASCA 450G : PAO PULLMAN SEM CASCA 450G";"7896002301633";"40562"
"PAO PULLMAN INTEGRAL 480G. : PAO PULLMAN INTEGRAL 480G.";"7896002300148";"34487"
"PAO PULLMAN HAMBURGUER/GERG. 420G GRAND BURGER : PAO PULLMAN HAMBURGUER/GERG. 420G";"7896002304153";"53492"
"PAO PULLMAN HAMBURGUER BRIOCHE 520G GRAND BURGER : PAO PULLMAN HAMBURGUER BRIOCHE 520G";"7896002304191";"53493"
"PAO PULLMAN ARTESANO PAO CHAPA 500G : PAO PULLMAN ARTESANO PAO CHAPA 500G";"7896002310345";"56505"
"PAO PULLMAN ARTESANO INTEGRAL 500G : PAO PULLMAN ARTESANO INTEGRAL 500G";"7896002303460";"47451"
"PAO PULLMAN ARTESANO AUSTRALIANO 500G : PAO PULLMAN ARTESANO AUSTRALIANO";"7896002311335";"65513"
"PAO PULLMAN ARTESANO 500G : PAO PULLMAN ARTESANO 500G";"7896002302197";"44252"
"PAO PORTUGUES GRESPAN KG : PAO PORTUGUES GRESPAN KG";"8622";"70933"
"PAO POCOS DE CALDAS INTEGRAL 400G : PAO POCOS DE CALDAS INTEGRAL 400G";"7896998700267";"58561"
"PAO POCOS DE CALDAS 400G TRADICIONAL : PAO POCOS DE CALDAS 400G";"7896998700250";"53102"
"PAO PANCO VIDA 100% 380G ZERO : PAO PANCO VIDA 100% 380G";"7891203069771";"65783"
"PAO PANCO CASEIRO MILHO 500G : PAO PANCO CASEIRO MILHO 500G";"7891203010209";"6395"
"PAO NUTRELLA VITTA 450G. GRAOS/CASTANHAS : PAO NUTRELLA VITTA 450G.";"7896209401181";"46931"
"PAO NUTRELLA VITTA 450G 14 GRAOS : PAO NUTRELLA VITTA 450G";"7896209401174";"5961"
"PAO NUTRELLA SUPREME FRUTAS 500G  : PAO NUTRELLA SUPREME FRUTAS 500G";"7896002300377";"46994"
"PAO NUTRELLA SUPREME 450G. 100% INTEGRAL : PAO NUTRELLA SUPREME 450G.";"7896002300360";"35569"
"PAO NUTRELLA SEMENTES E GRAOS 350G : PAO NUTRELLA SEMENTES E GRAOS 350G";"7896002311274";"74220"
"PAO NUTRELLA 350G CRANBERRY/QUIN : PAO NUTRELLA 350G";"7896002310246";"57330"
"PAO NUTRELLA 350G CAST PARA/QUIN. : PAO NUTRELLA 350G";"7896002310253";"57330"
"PAO NUTRELLA 350G ABOBORA/LINHACA : PAO NUTRELLA 350G";"7896002310239";"57330"
"PAO NEWBREAD TRADICIONAL 450G : PAO NEWBREAD TRADICIONAL 450G";"7896998700106";"30554"
"PAO NEWBREAD MAXI GRAOS PREM. 400G. CASTANHAS/CHIA : PAO NEWBREAD MAXI GRAOS PREM. 400G.";"7896998701547";"45351"
"PAO NEWBREAD MAXI GRAOS PREM. 400G CASTANHA/QUINOA : PAO NEWBREAD MAXI GRAOS PREM. 400G";"7896998701523";"61611"
"PAO NEWBREAD MAXI GRAOS PREM. 350G 7 GRAOS : PAO NEWBREAD MAXI GRAOS PREM. 350G";"7896998701516";"63577"
"PAO NEWBREAD INTEGRAL ZERO 400G. 12 GRAOS : PAO NEWBREAD INTEGRAL ZERO 400G.";"7896998701370";"30560"
"PAO NEWBREAD INTEGRAL ZERO 400G 100% INTEGRAL : PAO NEWBREAD INTEGRAL ZERO 400G";"7896998701295";"40117"
"PAO NEWBREAD INTEGRAL LIGHT 450G  : PAO NEWBREAD INTEGRAL LIGHT 450G";"7896998701202";"30557"
"PAO NEWBREAD INTEGRAL 59% 450G : PAO NEWBREAD INTEGRAL 59% 450G";"7896998701288";"37340"
"PAO NEWBREAD INTEGRAL 350G COM LINHACA : PAO NEWBREAD INTEGRAL 350G";"7896998701219";"30558"
"PAO NEWBREAD INTEGRAL 34% 450G : PAO NEWBREAD INTEGRAL 34% 450G";"7896998700113";"37479"
"PAO NEWBREAD HOT DOG 400G  : PAO NEWBREAD HOT DOG 400G";"7896998708102";"47582"
"PAO NEWBREAD HAMBURGUER 400G  : PAO NEWBREAD HAMBURGUER 400G";"7896998708003";"47581"
"PAO NEWBREAD 100% INTEGRAL 350G  : PAO NEWBREAD 100% INTEGRAL 350G";"7896998701271";"30559"
"PAO MINEIRO KG : PAO MINEIRO KG";"2444";"14227"
"PAO HOT DOG GRESPAN KG : PAO HOT DOG GRESPAN KG";"7916";"64439"
"PAO HAMBURGUER GRESPAN KG : PAO HAMBURGUER GRESPAN KG";"7960";"64880"
"PAO HAMBURGUER COM GERGELIM KG : PAO HAMBURGUER COM GERGELIM KG";"5582";"41578"
"PAO FRANCES KG : PAO FRANCES KG";"308";"2754"
"PAO FRANCES GRESPAN KG : PAO FRANCES GRESPAN KG";"7770";"63143"
"PAO FORMA PANCO PREMIUM 500G : PAO FORMA PANCO PREMIUM 500G";"7891203010056";"2637"
"PAO FORMA PANCO JUNIOR 350G : PAO FORMA PANCO JUNIOR 350G";"7891203050915";"2639"
"PAO EGG SPONGE PANCO 250G : PAO EGG SPONGE PANCO 250G";"7891203010568";"2678"
"PAO DOCE BASTAO GRESPAN KG : PAO DOCE BASTAO GRESPAN KG";"8799";"74667"
"PAO DO PADRE KG : PAO DO PADRE KG               ";"4439";"34171"
"PAO DO FORNO ORIGINAL WICKBOLD 500G : PAO DO FORNO ORIGINAL WICKBOLD 500G";"7896066301419";"47300"
"PAO DO FORNO NA CHAPA WICKBOLD 500G : PAO DO FORNO NA CHAPA WICKBOLD 500G";"7896066301747";"67591"
"PAO DO FORNO 100% WICKBOLD 500G INTEGRAL : PAO DO FORNO 100% WICKBOLD 500G";"7896066301457";"49714"
"PAO DE TORRESMO GRESPAN KG : PAO DE TORRESMO GRESPAN KG";"7838";"63634"
"PAO DE QUEIJO TURMA DA MONICA 400G : PAO DE QUEIJO TURMA DA MONICA 400G";"7894904597840";"39887"
"PAO DE QUEIJO TATI MINAS 400G TRADICIONAL : PAO DE QUEIJO TATI MINAS 400G";"7898901259015";"39059"
"PAO DE QUEIJO TATI MINAS 1KG : PAO DE QUEIJO TATI MINAS 1KG";"7898901259473";"55989"
"PAO DE QUEIJO SABOR E ARTE 1KG : PAO DE QUEIJO SABOR E ARTE 1KG";"7898920481053";"44466"
"PAO DE QUEIJO KG : PAO DE QUEIJO KG";"1715";"3084"
"PAO DE QUEIJO COQUETEL AURORA 400G : PAO DE QUEIJO COQUETEL AURORA 400G";"7891164026509";"32801"
"PAO DE MILHO SEVEN BOYS 500G : PAO DE MILHO SEVEN BOYS 500G";"7891193012054";"41393"
"PAO DE MILHO GRESPAN KG : PAO DE MILHO GRESPAN KG";"7962";"64882"
"PAO DE MEL PANCO TRADICIONAL 500G : PAO DE MEL PANCO TRADICIONAL 500G";"7891203021304";"877"
"PAO DE MEL PANCO CHOCOLATE 200G : PAO DE MEL PANCO CHOCOLATE 200G";"7891203020260";"874"
"PAO DE MEL DOCE DE LEITE KG : PAO DE MEL DOCE DE LEITE KG";"4427";"34158"
"PAO DE MEL CHOCOLATE KG : PAO DE MEL CHOCOLATE KG";"4431";"34163"
"PAO DE MEL BOLAMEL ACUCARADO 300G : PAO DE MEL BOLAMEL ACUCARADO 300G";"7896372400110";"39977"
"PAO DE MEL BOLAMEL ACUCARADO 240G : PAO DE MEL BOLAMEL ACUCARADO 240G";"7896372411048";"59216"
"PAO DE MEL BAUDUCCO 180G : PAO DE MEL BAUDUCCO 180G";"7891962073811";"68650"
"PAO DE LO KG                                : PAO DE LO                     ";"2163";"5881"
"PAO DE LEITE NINHO RECHEADO KG : PAO DE LEITE NINHO RECHEADO KG";"6960";"56598"
"PAO DE LEITE NINHO KG : PAO DE LEITE NINHO KG";"741";"10281"
"PAO DE LEITE GRESPAN KG : PAO DE LEITE GRESPAN KG";"7961";"64881"
"PAO DE HAMBURGUER KG : PAO DE HAMBURGUER KG";"305";"2744"
"PAO DE FORMA WICKBOLD INTEGRAL 450G : PAO DE FORMA WICKBOLD INTEGRAL 450G";"7896066301778";"39681"
"PAO DE FORMA SEVEN BOYS 450G TRADICIONAL : PAO DE FORMA SEVEN BOYS 450G";"7891193010074";"41382"
"PAO DE FORMA DA CASA UNID. : PAO DE FORMA DA CASA UNID.";"5098";"2743"
"PAO DE CENOURA KG : PAO DE CENOURA KG";"4109";"32344"
"PAO DE BATATA SEM RECHEIO GRESPAN KG : PAO DE BATATA SEM RECHEIO GRESPAN";"8428";"68876"
"PAO DE BATATA RECH. DONA NELZA KG FRANGO/REQ. : PAO DE BATATA RECH. DONA NELZA KG";"5849";"44901"
"PAO DE BATATA RECH. DONA NELZA KG CALABRESA/REQ. : PAO DE BATATA RECH. DONA NELZA KG";"8142";"44901"
"PAO DE BATATA KG : PAO DE BATATA KG";"4405";"34109"
"PAO DE BATATA DONA NELZA KG COM REQUEIJAO : PAO DE BATATA DONA NELZA KG";"5850";"44902"
"PAO DE ALHO ZINHO 300G TRADICIONAL : PAO DE ALHO ZINHO 300G";"7898337980248";"42764"
"PAO DE ALHO MEZZANI RESFRIADO 310G TRADICIONAL : PAO DE ALHO MEZZANI RESFRIADO 310G";"7896216100909";"8531"
"PAO DE ALHO MEZZANI RESFRIADO 310G PICANTE : PAO DE ALHO MEZZANI RESFRIADO 310G";"7896216101821";"8531"
"PAO DE ALHO CHEF LINO 350G TRADICIONAL : PAO DE ALHO CHEF LINO 350G";"7898994742319";"47861"
"PAO DE ALHO CHEF LINO 350G PICANTE : PAO DE ALHO CHEF LINO 350G";"7898994742326";"47861"
"PAO DE ALHO BOLINHA PREA 250G TRADICIONAL : PAO DE ALHO BOLINHA PREA 250G";"7898400540720";"32924"
"PAO DE ALHO BAGUETE PREA 330G TRADICIONAL : PAO DE ALHO BAGUETE PREA 330G";"7898400540577";"8537"
"PAO DE ALHO BAGUETE PREA 330G PIMENTA : PAO DE ALHO BAGUETE PREA 330G";"7898400540546";"8537"
"PAO DA CASA 500G : PAO DA CASA 500G";"4129";"50424"
"PAO CIABATA GOLD PAO KG                     : PAO CIABATA GOLD PAO KG       ";"5873";"45052"
"PAO CASEIRINHO KG : PAO CASEIRINHO KG";"2154";"5588"
"PAO CASEIRINHO GRESPAN KG : PAO CASEIRINHO GRESPAN KG";"7733";"62980"
"PAO BRIOCHE GRESPAN KG : PAO BRIOCHE GRESPAN KG";"8419";"68742"
"PAO BAUDUCCO TRADICIONAL 390G : PAO BAUDUCCO TRADICIONAL 390G";"7891962064048";"53237"
"PAO BAUDUCCO INTEGRAL 390G : PAO BAUDUCCO INTEGRAL 390G";"7891962064055";"53238"
"PAO BAUDUCCO BRIOCHINE 200G : PAO BAUDUCCO BRIOCHINE 200G";"7891962077321";"74511"
"PAO AUSTRALIANO BOLINHA GRESPAN KG : PAO AUSTRALIANO BOLINHA GRESPAN KG";"7885";"64096"
"PANQUEQUEIRA TRAMONTINA TURIM 22CM VERMELHA : PANQUEQUEIRA TRAMONTINA TURIM 22CM";"7891112213562";"12741"
"PANQUECA QUATRO QUEIJOS KG : PANQUECA QUATRO QUEIJOS KG";"1810";"5899"
"PANQUECA PRES./MUSSARELA KG : PANQUECA PRES./MUSSARELA KG";"1500";"5898"
"PANQUECA FRANGO COM CATUPIRY KG : PANQUECA FRANGO COM CATUPIRY KG";"1026";"10792"
"PANQUECA DE CARNE KG : PANQUECA DE CARNE KG";"546";"5000"
"PANOS MICROFIBRA CAMESA LIMPEZA 3UN 30X30CM : PANOS MICROFIBRA CAMESA LIMPEZA 3UN";"7891709090965";"36000"
"PANO SCOTT DURAMAX 58UN BRANCO : PANO SCOTT DURAMAX 58UN";"7891172523328";"35696"
"PANO SANTA MARIA LIMPA TUDO 5UN : PANO SANTA MARIA LIMPA TUDO 5UN";"7896314708786";"63319"
"PANO PRATO C/BAINHA LIMPLAR 40X66CM ESTAMPADO : PANO PRATO C/BAINHA LIMPLAR 40X66CM";"7898571160208";"4856"
"PANO PRATO C/ VIES LIMPLAR 40X66CM : PANO PRATO C/ VIES LIMPLAR 40X66CM";"7898571160246";"5623"
"PANO MULTIUSO PERFEX 5 UNID. ROSA : PANO MULTIUSO PERFEX 5 UNID.";"7896090101368";"35774"
"PANO MULTIUSO PERFEX 5 UNID. AZUL : PANO MULTIUSO PERFEX 5 UNID.";"7896090101351";"35774"
"PANO MULTIUSO MULTBOM C/ 2 UNID. 40X36CM : PANO MULTIUSO MULTBOM C/ 2 UNID.";"7891187110834";"43011"
"PANO MICROFIBRA MULTBOM 48X58CM : PANO MICROFIBRA MULTBOM 48X58CM";"7894868003449";"41861"
"PANO MICROFIBRA LUXCAR 4UN  : PANO MICROFIBRA LUXCAR 4UN";"7896498539008";"74610"
"PANO MICROFIBRA CONDOR MULTIUSO REF. 1677 : PANO MICROFIBRA CONDOR MULTIUSO";"7891055772201";"52311"
"PANO MICROFIBRA CONDOR CHAO 70X48CM REF. 1676 : PANO MICROFIBRA CONDOR CHAO 70X48CM";"7891055772102";"53118"
"PANO LIMPEZA PATRICIA TEARES 50X80 : PANO LIMPEZA PATRICIA TEARES 50X80";"7898925452386";"45789"
"PANO LIMPA TUDO MULTBOM : PANO LIMPA TUDO MULTBOM";"7894868000646";"41862"
"PANO ESFREBOM MULTIUSO ALTA PERF. 3UN : PANO ESFREBOM MULTIUSO ALTA PERF.";"7896001050051";"43953"
"PANO DE PRATO DECORADO MULTBOM 37X62CM : PANO DE PRATO DECORADO MULTBOM";"7897486800056";"8680"
"PANO DE PRATO COM BAINHA MULTBOM 41X66CM : PANO DE PRATO COM BAINHA MULTBOM";"7897486833320";"11022"
"PANO DE PRATO BORDADO MULTBOM : PANO DE PRATO BORDADO MULTBOM";"7894868003548";"41853"
"PANO DE PIA MULTBOM 30X30CM : PANO DE PIA MULTBOM 30X30CM";"7896008600532";"41856"
"PANO DE LIMPEZA PATRICIA TEARES 50CMX65CM : PANO DE LIMPEZA PATRICIA TEARES";"7898925452034";"35906"
"PANO DE COPA BAINHA SANTA MARGARIDA 41X69CM : PANO DE COPA BAINHA SANTA MARGARIDA";"7896439931311";"34011"
"PANO DE COPA ATOALHADO MULTBOM 42X66CM : PANO DE COPA ATOALHADO MULTBOM";"7894868000219";"41854"
"PANO DE CHAO PORCELANATO MULTBOM 67X52CM : PANO DE CHAO PORCELANATO MULTBOM";"7897486800612";"48946"
"PANO DE CHAO MULTBOM 40X58CM : PANO DE CHAO MULTBOM 40X58CM";"7896008600730";"8652"
"PANO DE CHAO FELPUDO MULTBOM 60X70 : PANO DE CHAO FELPUDO MULTBOM 60X70";"7897486800377";"43010"
"PANO DE CHAO FELPUDO MULTBOM 50X60CM : PANO DE CHAO FELPUDO MULTBOM";"7894868003678";"41855"
"PANO COPA FELPUDO DOHLER 45X65CM : PANO COPA FELPUDO DOHLER 45X65CM";"7891497047370";"4819"
"PANO CONDOR ROLO REUTILIZAVEL 1691 : PANO CONDOR ROLO REUTILIZAVEL 1691";"7891055798980";"70921"
"PANO CONDOR MULTIUSO 5UN AZUL : PANO CONDOR MULTIUSO 5UN";"7891055595800";"46933"
"PANO CHAO FELPUDO LIMPLAR 50X90CM : PANO CHAO FELPUDO LIMPLAR 50X90CM";"7898571160147";"5529"
"PANETTONE NEWBREAD DUPLO CHOC. 400G  : PANETTONE NEWBREAD DUPLO CHOC. 400G";"7896998703206";"30574"
"PANETTONE NEWBREAD 400G TRADICIONAL : PANETTONE NEWBREAD 400G";"7896998703008";"30573"
"PANETTONE NEWBREAD 400G GOTAS CHOCOLATE : PANETTONE NEWBREAD 400G";"7896998703107";"30573"
"PANETTONE KG : PANETTONE KG";"180";"6594"
"PANETINI EQLIBRI 40G QUEIJO SUAVE : PANETINI EQLIBRI 40G";"7892840267940";"8700"
"PANETINI EQLIBRI 40G PRESUNTO DEFUM : PANETINI EQLIBRI 40G";"7892840267841";"8700"
"PANELA TRAMONTINA BRAVA AVULSAS ACO INOX : PANELA TRAMONTINA BRAVA AVULSAS";"7891116149607";"69350"
"PANELA SILICONE MIMO GREY QUADRADA FRITADEIRA : PANELA SILICONE MIMO GREY QUADRADA";"7908216121324";"67057"
"PANELA PRESSAO POLIDA FORT-LAR 4,5L REF. 9021 : PANELA PRESSAO POLIDA FORT-LAR 4,5L";"7897174490217";"7939"
"PANELA NIGRO ETERNA 20 3,2L : PANELA NIGRO ETERNA 20 3,2L";"7891232135423";"51485"
"PANELA NEW FORT-FLON 20 2,3L TPA VIDRO : PANELA NEW FORT-FLON 20 2,3L";"7897174452079";"75002"
"PANCETA TEMPERADA KG. : PANCETA TEMPERADA KG.";"6092";"47621"
"PANCETA FRITA KG : PANCETA FRITA KG";"8334";"68099"
"PANCETA ASSADA KG : PANCETA ASSADA KG";"1022";"10790"
"PALMITO TOP MAIS PICADO 300G : PALMITO TOP MAIS PICADO 300G";"40232822063";"44770"
"PALMITO SANDYLA CONSERVA 1,8KG PICADO : PALMITO SANDYLA CONSERVA 1,8KG";"7898908500950";"56768"
"PALMITO PUPUNHA LAPAP TOLETE 300G : PALMITO PUPUNHA LAPAP TOLETE 300G";"7897518300165";"53945"
"PALMITO PUPUNHA GENTLEMAN INT. 300G : PALMITO PUPUNHA GENTLEMAN INT. 300G";"7898906434165";"67283"
"PALMITO JABOTICABAL RODELAS 290G : PALMITO JABOTICABAL RODELAS 290G";"7898197050013";"2290"
"PALMITO JABOTICABAL PICADO 290G : PALMITO JABOTICABAL PICADO 290G";"7898197050037";"2288"
"PALMITO JABOTICABAL NOBRE 290G : PALMITO JABOTICABAL NOBRE 290G";"7898197050020";"2287"
"PALMITO CASTELO INTEIRO 300G : PALMITO CASTELO INTEIRO 300G";"7896048201003";"31702"
"PALMITO ACAI LAPAP RODELAS 290G : PALMITO ACAI LAPAP RODELAS 290G";"7897518300042";"38512"
"PALMITO ACAI LAPAP PICADO 270G  : PALMITO ACAI LAPAP PICADO 270G";"7897518300097";"3894"
"PALMITO ACAI LAPAP INTEIRO 300G  : PALMITO ACAI LAPAP INTEIRO 300G";"7897518300011";"2312"
"PALMITO ACAI LAPAP INTEIRO 180G  : PALMITO ACAI LAPAP INTEIRO 180G";"7897518300141";"2315"
"PALITOS MADEIRA P/ PICOLE JUNCO 50U C/ 50UN : PALITOS MADEIRA P/ PICOLE JUNCO 50U";"7896523104751";"63683"
"PALITO MAGNUM COOKIES CREAM 100ML : PALITO MAGNUM COOKIES CREAM 100ML";"7891150041042";"39971"
"PALITO MAGNUM CLASSICO KIBON 90ML : PALITO MAGNUM CLASSICO KIBON 90ML";"7891075403215";"28860"
"PALITO MAGNUM CHOCOLATE BRANCO 69G : PALITO MAGNUM CHOCOLATE BRANCO 69G";"7891150023093";"31409"
"PALITO KIBON TABLITO 72ML CHOCOLATE : PALITO KIBON TABLITO 72ML";"7891075060210";"28859"
"PALITO KIBON FRUTTARE UVA 60ML : PALITO KIBON FRUTTARE UVA 60ML";"7891075010130";"28844"
"PALITO KIBON FRUTTARE LIMAO 60ML : PALITO KIBON FRUTTARE LIMAO 60ML";"7891075010161";"28843"
"PALITO KIBON FRUTTARE COCO 60ML : PALITO KIBON FRUTTARE COCO 60ML";"7891075020023";"28847"
"PALITO KIBON CHICABON 60ML : PALITO KIBON CHICABON 60ML";"7891075030091";"28854"
"PALITO KIBON BRIGADEIRO 77ML : PALITO KIBON BRIGADEIRO 77ML";"7891075403192";"28858"
"PALITO DE UNHA INOX ENOX : PALITO DE UNHA INOX ENOX";"7897517907440";"71867"
"PALITO DE GERGELIM KG : PALITO DE GERGELIM KG";"2042";"2981"
"PALITO DE DENTE ROLICO GINA 200UN : PALITO DE DENTE ROLICO GINA 200UN";"7896051020158";"9677"
"PALITO DE DENTE ROLICO GINA 100UN : PALITO DE DENTE ROLICO GINA 100UN";"7896051020127";"401"
"PALITO DE CEBOLA KG : PALITO DE CEBOLA KG";"2605";"15371"
"PALITO DE CEBOLA APIMENTADO KG : PALITO DE CEBOLA APIMENTADO KG";"608";"10268"
"PALITEIRO PLASUTIL 100ML REF. 2606 : PALITEIRO PLASUTIL 100ML";"7896042026060";"64972"
"PALHA DE ACO BRILLO 25G Nº2 : PALHA DE ACO BRILLO 25G";"7891022849288";"8596"
"PALHA DE ACO BRILLO 25G Nº0 : PALHA DE ACO BRILLO 25G";"7891022849240";"8596"
"PAINCO TRADICIONAL ZILIO 500G : PAINCO TRADICIONAL ZILIO 500G";"7896280400165";"340"
"PACOQUITA SANTA HELENA ROLHA 350G : PACOQUITA SANTA HELENA ROLHA 350G";"7896336000028";"11394"
"PACOQUITA SANTA HELENA MINI 216G : PACOQUITA SANTA HELENA MINI 216G";"7896336004828";"7732"
"PACOQUITA SANTA HELENA DIET 144G : PACOQUITA SANTA HELENA DIET 144G";"7896336002732";"16488"
"PACOCA QUERO MAIS TRADICIONAL 500G : PACOCA QUERO MAIS TRADICIONAL 500G";"7897785300059";"728"
"PACOCA MANDUBIM ROLHA ZERO 210G : PACOCA MANDUBIM ROLHA ZERO 210G";"7898126320118";"73390"
"PACOCA MANDUBIM ROLHA 500G : PACOCA MANDUBIM ROLHA 500G";"7898126320071";"701"
"PACOCA MANDUBIM ROLHA 210G : PACOCA MANDUBIM ROLHA 210G";"7898126320514";"73389"
"PACOCA MANDUBIM ROLHA 1,1KG : PACOCA MANDUBIM ROLHA 1,1KG";"7898126320033";"73461"
"PACOCA LUAL ZERO ACUCAR 144G : PACOCA LUAL ZERO ACUCAR 144G";"7896683414288";"65445"
"PA PARA LIXO SANTA MARIA : PA PARA LIXO SANTA MARIA";"7896314709653";"56467"
"PA PARA LIXO PLASUTIL ECO REF. 135 : PA PARA LIXO PLASUTIL ECO REF. 135";"7896042001357";"35742"
"PA PARA LIXO HB PEGA FACIL  : PA PARA LIXO HB PEGA FACIL";"7897004402939";"24821"
"OVOS SHIDA GRANDE BRANCO 20UN : OVOS SHIDA GRANDE BRANCO 20UN";"7898131940561";"73700"
"OVOS KOGA GRANDE VERMELHO 12UN : OVOS KOGA GRANDE VERMELHO 12UN";"7898125090111";"73701"
"OVOS KOGA GRANDE BRANCO 12UN : OVOS KOGA GRANDE BRANCO 12UN";"7898125090081";"73702"
"OVOS GB EXTRA VERMELHO 20UN  : OVOS GB EXTRA VERMELHO 20UN";"7896992500603";"54423"
"OVOS GB EXTRA BRANCO 20UN : OVOS GB EXTRA BRANCO 20UN";"7896992500047";"51136"
"OVOS CODORNA GRANJA SATO 30UN : OVOS CODORNA GRANJA SATO 30UN";"7898952439619";"73705"
"OVOS CODORNA CONSERVA SANTO DOURADO 500G : OVOS CODORNA CONSERVA SANTO DOURADO";"7898950581099";"74146"
"OVOS CODORNA CONSERVA PONZAN 250G : OVOS CODORNA CONSERVA PONZAN 250G";"7898270966194";"70006"
"OVOS CODORNA CONSERVA KG : OVOS CODORNA CONSERVA KG";"6159";"48768"
"OVOS CAIPIRA OVOS DOURADO 10UN : OVOS CAIPIRA OVOS DOURADO 10UN";"7898214600047";"74009"
"OVOMALTINE ROCKS 40G AO LEITE : OVOMALTINE ROCKS 40G";"7897309408421";"52182"
"OVOMALTINE ROCKS 110G MESCLADO : OVOMALTINE ROCKS 110G";"7898331012426";"57119"
"OVOMALTINE ROCKS 110G AO LEITE : OVOMALTINE ROCKS 110G";"7898331012358";"57119"
"OVOMALTINE FLOCOS CROCANTES 600G FLOC. CROCANTES : OVOMALTINE FLOCOS CROCANTES 600G";"7898409951572";"43947"
"OVO FRITO KG : OVO FRITO KG";"6265";"50056"
"OVINHOS DE AMENDOIM ELMA CHIPS 145G : OVINHOS DE AMENDOIM ELMA CHIPS 145G";"7892840821470";"69821"
"OVINHOS COLORIDOS KIDOCURA 55G CHOCO AO LEITE : OVINHOS COLORIDOS KIDOCURA 55G";"7896400509204";"8947"
"ORQUIDEA PHALAENOPSIS P12 : ORQUIDEA PHALAENOPSIS P12";"7890291371575";"39433"
"ORGANIZADOR SANREMO FLEX 6L SR901 : ORGANIZADOR SANREMO FLEX 6L";"7896359017676";"74422"
"ORGANIZADOR SANREMO FLEX 14L SR921 : ORGANIZADOR SANREMO FLEX 14L";"7896359017638";"61893"
"ORGANIZADOR MULTIUSO UZ RET 1,5L CAPUCCINO : ORGANIZADOR MULTIUSO UZ RET 1,5L";"7909875060290";"67150"
"ORGANIZADOR JAGUAR RET. 3PC 420/750/1270 : ORGANIZADOR JAGUAR RET. 3PC";"7896952530978";"63340"
"ORGANIZADOR BANDEIRANTE 3,6L DOG ROSA : ORGANIZADOR BANDEIRANTE 3,6L";"7896908204014";"64059"
"ORGANIZADOR BANDEIRANTE 3,6L DOG AZUL : ORGANIZADOR BANDEIRANTE 3,6L";"7896908204007";"64059"
"ORGANIZADOR ARQPLAST TRAVA/ROD 30L 44 X27 X 35 CM : ORGANIZADOR ARQPLAST TRAVA/ROD 30L";"7908439800228";"66493"
"ORGANIZADOR ARQPLAST TRAVA 30L 44 X 35X 27 CM : ORGANIZADOR ARQPLAST TRAVA 30L";"7908439805858";"74062"
"ORGANIZA TUDO NITRONPLASTIC MINI 9,5X 13,5X3,2C : ORGANIZA TUDO NITRONPLASTIC MINI";"7896779600113";"62569"
"ORGANIZA TUDO NITRONPLAST GRANDE 19,5X30X4,8CM : ORGANIZA TUDO NITRONPLAST GRANDE";"7896779601066";"65953"
"ORGANIZA MULTIUSO RATTAN NITRON PRETO : ORGANIZA MULTIUSO RATTAN NITRON";"7896779604111";"9574"
"OREGANO ZILIO 7G : OREGANO ZILIO 7G";"7896280400318";"1390"
"OREGANO ZILIO 500G : OREGANO ZILIO 500G";"7896280401803";"6202"
"OREGANO ZILIO 100G : OREGANO ZILIO 100G";"7896280401018";"9043"
"OREGANO SIAMAR 50G : OREGANO SIAMAR 50G";"7896069547531";"4800"
"OREGANO SIAMAR 10G : OREGANO SIAMAR 10G";"7896069541485";"3609"
"OLHO DE SOGRA KG : OLHO DE SOGRA KG";"6668";"53436"
"OLEO SERUM BIFASICO DOVE 110ML BOND INTENSE : OLEO SERUM BIFASICO DOVE 110ML";"7891150095540";"72846"
"OLEO NUTRITIVO OX 120ML NUTRE : OLEO NUTRITIVO OX 120ML";"7908324406726";"73312"
"OLEO MULTIUSO KING 100ML : OLEO MULTIUSO KING 100ML";"7896050500071";"211"
"OLEO MISTO ESSENC. PORTUGUESA 500ML : OLEO MISTO ESSENC. PORTUGUESA 500ML";"7898930950013";"66607"
"OLEO LINHACA DOURADA HASS 250ML : OLEO LINHACA DOURADA HASS 250ML";"7898952857154";"66845"
"OLEO KERATEX COCO 60ML : OLEO KERATEX COCO 60ML";"7898211382069";"65777"
"OLEO KERATEX BOMBA FORTALEC. 60ML : OLEO KERATEX BOMBA FORTALEC. 60ML";"7898211382731";"65781"
"OLEO KERATEX BOMBA CRESCIMENTO 60ML : OLEO KERATEX BOMBA CRESCIMENTO 60ML";"7898211382748";"65782"
"OLEO JOHNSONS BABY 200ML PURO : OLEO JOHNSONS BABY 200ML";"7891010877613";"3966"
"OLEO HIDRATANTE PAMPERS 110ML GIRASSOL : OLEO HIDRATANTE PAMPERS 110ML";"7891033519323";"68731"
"OLEO FINALIZADOR TRESEMME 60ML BRILHO LAMELAR : OLEO FINALIZADOR TRESEMME 60ML";"7891150094406";"73977"
"OLEO FARMAX 100ML CORPO CENOURA : OLEO FARMAX 100ML";"7896902211711";"32944"
"OLEO FARMAX 100ML CORPO AMENDOAS : OLEO FARMAX 100ML";"7896902216785";"32944"
"OLEO FARMAX 100ML CORP SEMENT UVA : OLEO FARMAX 100ML";"7896902211254";"32944"
"OLEO FARMAX 100ML CABELO COCO : OLEO FARMAX 100ML";"7896902211209";"32944"
"OLEO EXTRAORDINARIO LOREAL 100ML : OLEO EXTRAORDINARIO LOREAL 100ML";"7899026478916";"30034"
"OLEO DE SOJA LIZA 900ML SEM COLESTEROL : OLEO DE SOJA LIZA 900ML";"7896036090244";"4429"
"OLEO DE SOJA BREJEIRO 900ML : OLEO DE SOJA BREJEIRO 900ML";"7896003537123";"35045"
"OLEO DE SOJA ABC 900ML : OLEO DE SOJA ABC 900ML";"7898247780006";"39302"
"OLEO DE PEROBA KING 100ML TRADICIONAL : OLEO DE PEROBA KING 100ML";"7896050500255";"4020"
"OLEO DE PEROBA KING 100ML LAVANDA : OLEO DE PEROBA KING 100ML";"7896050502204";"4020"
"OLEO DE MILHO SUAVIT 900ML : OLEO DE MILHO SUAVIT 900ML";"7897001010502";"44892"
"OLEO DE MILHO LIZA 900ML : OLEO DE MILHO LIZA 900ML";"7896036090640";"1168"
"OLEO DE GIRASSOL SUAVIT 900ML : OLEO DE GIRASSOL SUAVIT 900ML";"7897001010601";"44893"
"OLEO DE GIRASSOL LIZA 900ML : OLEO DE GIRASSOL LIZA 900ML";"7896036090664";"1172"
"OLEO DE GERGELIM KENKO 100ML : OLEO DE GERGELIM KENKO 100ML";"7896007830763";"36327"
"OLEO DE GERGELIM CRU KARUI 100ML : OLEO DE GERGELIM CRU KARUI 100ML";"7898270966996";"70059"
"OLEO DE CANOLA SUAVIT 900ML : OLEO DE CANOLA SUAVIT 900ML";"7897001010304";"44894"
"OLEO DE CANOLA PURILEV 900ML : OLEO DE CANOLA PURILEV 900ML";"7896036090831";"1174"
"OLEO DE CANOLA LIZA 900ML : OLEO DE CANOLA LIZA 900ML";"7896036090657";"1170"
"OLEO DE AMENDOAS PAIXAO 200ML IRRESISTIVEL : OLEO DE AMENDOAS PAIXAO 200ML";"78914940";"7559"
"OLEO DE AMENDOAS PAIXAO 200ML INSPIRADORA : OLEO DE AMENDOAS PAIXAO 200ML";"78907874";"7559"
"OLEO DE AMENDOAS PAIXAO 100ML INSPIRADORA : OLEO DE AMENDOAS PAIXAO 100ML";"7896235354017";"46225"
"OLEO DE AMENDOAS PAIXAO 100ML FLOR LIS : OLEO DE AMENDOAS PAIXAO 100ML";"7896235354024";"46225"
"OLEO DE AMENDOAS PAIXAO 100ML FLOR BAUNILHA : OLEO DE AMENDOAS PAIXAO 100ML";"7896235354048";"46225"
"OLEO COMPOSTO MARIA PET 500ML TRADICIONAL : OLEO COMPOSTO MARIA PET 500ML";"7896036096437";"41616"
"OLEO COMPOSTO MARIA LATA 500ML TRADICIONAL : OLEO COMPOSTO MARIA LATA 500ML";"7896036092934";"1126"
"OLEO COMPOSTO MARIA 200ML TRADICIONAL : OLEO COMPOSTO MARIA 200ML";"7896036093085";"1140"
"OLEO COMP. OLIVIA TRADIC. PET 500ML : OLEO COMP. OLIVIA TRADIC. PET 500ML";"7896036098325";"46444"
"OLEO COCO KODILAR 200ML  : OLEO COCO KODILAR 200ML";"7896256042450";"52009"
"OLEO COCO COPRA VIDRO 500G EXTRA VIRGEM : OLEO COCO COPRA VIDRO 500G";"7898905356185";"42564"
"OLEO COCO COPRA VIDRO 200G EXTRA VIRGEM : OLEO COCO COPRA VIDRO 200G";"7898905356567";"40624"
"OLEO COCO COPRA SPRAY S/SABOR 100ML : OLEO COCO COPRA SPRAY S/SABOR 100ML";"7898596082196";"71082"
"OLEO COCO COPRA SPRAY 100ML EXTRA VIRGEM : OLEO COCO COPRA SPRAY 100ML";"7898596082073";"68730"
"OLEO COCO COPRA SEM SABOR 500ML : OLEO COCO COPRA SEM SABOR 500ML";"7898596080581";"66861"
"OLEO COCO COPRA SEM SABOR 200ML : OLEO COCO COPRA SEM SABOR 200ML";"7898596080574";"44837"
"ODORIZANTE ROUPAS COMFORT BOOM 275G EXPL. FRESCOR : ODORIZANTE ROUPAS COMFORT BOOM 275G";"7891150098732";"74388"
"ODORIZANTE ROUPAS COMFORT BOOM 275G EUFORIA FLORAL : ODORIZANTE ROUPAS COMFORT BOOM 275G";"7891150098725";"74388"
"ODORIZANTE COALA SPRAY 260ML VANILLA : ODORIZANTE COALA SPRAY 260ML";"7897744504863";"67701"
"ODORIZANTE COALA SPRAY 260ML ROSA CHIC : ODORIZANTE COALA SPRAY 260ML";"7897744504856";"67701"
"ODORIZANTE COALA SPRAY 260ML LAVANDA : ODORIZANTE COALA SPRAY 260ML";"7897744504825";"67701"
"ODORIZANTE COALA SPRAY 260ML FLOR DE CACTO : ODORIZANTE COALA SPRAY 260ML";"7897744505624";"67701"
"ODORIZANTE COALA SPRAY 260ML CHA BRANCO : ODORIZANTE COALA SPRAY 260ML";"7897744504818";"67701"
"ODORIZANTE COALA SPRAY 260ML BAMBU : ODORIZANTE COALA SPRAY 260ML";"7897744504832";"67701"
"ODORIZANTE COALA SPRAY 260ML AMEIXA DOURADA : ODORIZANTE COALA SPRAY 260ML";"7897744505426";"67701"
"ODORIZANTE COALA SPRAY 260ML AMBAR : ODORIZANTE COALA SPRAY 260ML";"7897744504849";"67701"
"ODORIZANTE COALA SPRAY 120ML TOQUE CARINHO : ODORIZANTE COALA SPRAY 120ML";"7897744500902";"41358"
"ODORIZANTE COALA SPRAY 120ML EUCALIPTO : ODORIZANTE COALA SPRAY 120ML";"7897744501220";"41358"
"ODORIZANTE COALA SPRAY 120ML CITRONELA : ODORIZANTE COALA SPRAY 120ML";"7897744500872";"41358"
"ODORIZANTE COALA SPRAY 120ML BAMBU : ODORIZANTE COALA SPRAY 120ML";"7897744500858";"41358"
"ODORIZANTE COALA SPRAY 120ML ALGODAO : ODORIZANTE COALA SPRAY 120ML";"7897744501879";"41358"
"ODORIZANTE COALA AUTO SPRAY 60ML LEMONGRASS : ODORIZANTE COALA AUTO SPRAY 60ML";"7897744502920";"59345"
"ODORIZANTE COALA AUTO SPRAY 60ML CARRO NOVO : ODORIZANTE COALA AUTO SPRAY 60ML";"7897744502883";"59345"
"ODORIZANTE BREEZE GEL PROAUTO 60G. TALCO : ODORIZANTE BREEZE GEL PROAUTO 60G.";"7897520010304";"33876"
"ODORIZANTE BREEZE GEL PROAUTO 60G. CARRO NOVO : ODORIZANTE BREEZE GEL PROAUTO 60G.";"7897520010366";"33876"
"ODORIZANTE BREEZE GEL PROAUTO 5G WONDERLAND : ODORIZANTE BREEZE GEL PROAUTO 5G";"7896189200071";"54625"
"ODORIZADOR LUXCAR NEW FRESH MAX RF CARRO NOVO : ODORIZADOR LUXCAR NEW FRESH MAX RF";"7896498550430";"74607"
"ODORIZADOR LUXCAR NEW FRESH GEL 60G OCEAN : ODORIZADOR LUXCAR NEW FRESH GEL 60G";"7896498547447";"74608"
"ODORIZADOR LUXCAR NEW FRESH GEL 60G NYTRO : ODORIZADOR LUXCAR NEW FRESH GEL 60G";"7896498547478";"74608"
"ODORIZADOR LUXCAR NEW FRESH FUN MORANGO : ODORIZADOR LUXCAR NEW FRESH FUN";"7896498538612";"74664"
"ODORIZADOR LUXCAR NEW FRESH FUN 60G TUTTI FRUTTI : ODORIZADOR LUXCAR NEW FRESH FUN 60G";"7896498538629";"74609"
"ODORIZADOR LUXCAR NEW FRESH FUN 60G MORANGO : ODORIZADOR LUXCAR NEW FRESH FUN 60G";"7896498538636";"74609"
"ODORIZADOR LUXCAR NEW FRESH CAR TATICO : ODORIZADOR LUXCAR NEW FRESH CAR";"7896498550362";"74605"
"ODORIZADOR LUXCAR NEW FRESH CAR JACK : ODORIZADOR LUXCAR NEW FRESH CAR";"7896498550331";"74605"
"ODORIZADOR LUXCAR NEW FRESH CAR CARRO NOVO : ODORIZADOR LUXCAR NEW FRESH CAR";"7896498550300";"74605"
"ODORIZADOR LADY PRIME 360ML TOQUE PRIMAVERA : ODORIZADOR LADY PRIME 360ML";"7898567705994";"65988"
"ODORIZADOR LADY PRIME 360ML SUAVE CARINHO : ODORIZADOR LADY PRIME 360ML";"7898567705987";"65988"
"ODORIZADOR LADY PRIME 360ML RESERVADO : ODORIZADOR LADY PRIME 360ML";"7898567706021";"65988"
"ODORIZADOR LADY PRIME 360ML REQUINTE : ODORIZADOR LADY PRIME 360ML";"7898567706014";"65988"
"ODORIZADOR LADY PRIME 360ML LAVANDA : ODORIZADOR LADY PRIME 360ML";"7898567705963";"65988"
"ODORIZADOR LADY PRIME 360ML FRUCTOS : ODORIZADOR LADY PRIME 360ML";"7898567705956";"65988"
"ODORIZADOR LADY PRIME 360ML CHA BRANCO : ODORIZADOR LADY PRIME 360ML";"7898567706045";"65988"
"NUTREN SENIOR 370G SEM SABOR : NUTREN SENIOR 370G";"7891000096499";"31559"
"NUTREN SENIOR 370G CHOCOLATE : NUTREN SENIOR 370G";"7891000243015";"31559"
"NUTREN PROTEIN 260ML CHOCOLATE : NUTREN PROTEIN 260ML";"7891000405079";"74603"
"NUTREN PROTEIN 260ML BAUNILHA : NUTREN PROTEIN 260ML";"7891000405229";"74603"
"NUTREN KIDS 350G CHOCOLATE : NUTREN KIDS 350G";"7891000087824";"28618"
"NUTREN ACTIVE 400G CHOCOLATE : NUTREN ACTIVE 400G";"7891000234105";"2347"
"NUTREN ACTIVE 400G BAUNILHA : NUTREN ACTIVE 400G";"7891000234006";"2347"
"NUTELLA FERRERO B-READY 27G : NUTELLA FERRERO B-READY 27G";"7898024397915";"55060"
"NUTELLA FERRERO 650G : NUTELLA FERRERO 650G";"7898024396529";"35120"
"NUTELLA FERRERO 350G : NUTELLA FERRERO 350G";"7898024397892";"817"
"NUTELLA FERRERO 140G : NUTELLA FERRERO 140G";"7898024395232";"29279"
"NUGGTS BATUTA CATS 40G CARNE : NUGGTS BATUTA CATS 40G";"7898599761098";"59802"
"NUGGETS FRANGO SADIA 300G QUEIJO : NUGGETS FRANGO SADIA 300G";"7893000949430";"6683"
"NUGGET LIQUIDO 60ML PRETO : NUGGET LIQUIDO 60ML";"7891035570001";"2145"
"NUGGET LIQUIDO 60ML MARROM : NUGGET LIQUIDO 60ML";"7891035570100";"2145"
"NUGGET LIQUIDO 60ML INCOLOR : NUGGET LIQUIDO 60ML";"7891035570209";"2145"
"NUGGET LIQUIDO 60ML GRATIS 33% PRETO : NUGGET LIQUIDO 60ML GRATIS 33%";"7891035570537";"10969"
"NUGGET LIQUIDO 60ML GRATIS 33% MARROM : NUGGET LIQUIDO 60ML GRATIS 33%";"7891035116568";"10969"
"NUGGET LIQUIDO 60ML BRANCO : NUGGET LIQUIDO 60ML";"7891035570308";"2145"
"NUGGET EM PASTA 36G PRETO : NUGGET EM PASTA 36G";"7791130002554";"2147"
"NUGGET EM PASTA 36G MARROM : NUGGET EM PASTA 36G";"7791130002950";"2147"
"NOZES SEM CASCA MARIPOSA EXTR KG : NOZES SEM CASCA MARIPOSA EXTR KG";"544";"2706"
"NOZES SEM CASCA DUNORTE 110G : NOZES SEM CASCA DUNORTE 110G";"7896029601884";"72116"
"NOZ MOSCADA ZILIO 7G : NOZ MOSCADA ZILIO 7G";"7896280400325";"1416"
"NOZ MOSCADA MOIDA ZILIO 10G : NOZ MOSCADA MOIDA ZILIO 10G";"7896280400929";"1423"
"NOTCO NOT MILKINHO 200ML CHOCOLATE : NOTCO NOT MILKINHO 200ML";"7898686950312";"72102"
"NOTCO NOT MILK 1L ZERO : NOTCO NOT MILK 1L";"7898686950442";"72098"
"NOTCO NOT MILK 1L ORIGINAL : NOTCO NOT MILK 1L";"7898686950305";"72098"
"NOTCO NOT MILK 1L CHOCOLATE : NOTCO NOT MILK 1L";"7898686950282";"72098"
"NORI KARUI 10 FOLHAS : NORI KARUI 10 FOLHAS";"7898270963063";"70058"
"NOIX SULBEEF KG : NOIX SULBEEF KG";"6171";"48840"
"NHOQUE PIZZAOLA 500G : NHOQUE PIZZAOLA 500G";"7897206800663";"41813"
"NHOQUE MEZZANI 500G : NHOQUE MEZZANI 500G";"7896216100268";"1940"
"NHOQUE DE BATATA KG : NHOQUE DE BATATA KG";"254";"6771"
"NHOQUE BATATA SO MASSAS 500G  : NHOQUE BATATA SO MASSAS 500G";"7897387800063";"5339"
"NHOQUE BATATA SO MASSAS 1KG  : NHOQUE BATATA SO MASSAS 1KG";"7897387800230";"44395"
"NHAMI MINI PUFFS 15G BROCOLIS/MACA : NHAMI MINI PUFFS 15G";"7898965646059";"66797"
"NHAMI MINI PUFFS 15G BETER./MORANGO : NHAMI MINI PUFFS 15G";"7898965646066";"66797"
"NHAMI MINI PUFFS 15G BANANA/CENOURA : NHAMI MINI PUFFS 15G";"7898965646042";"66797"
"NHAMI MINI PUFFS 15G AMORA/BETERRABA : NHAMI MINI PUFFS 15G";"7898965646110";"66797"
"NEUTROGENA SUN FRESH FPS70 200ML : NEUTROGENA SUN FRESH FPS70 200ML";"7891010591007";"71543"
"NEUTROGENA BODY CARE 200ML HIDR & SUAVIZA : NEUTROGENA BODY CARE 200ML";"7891010253929";"30894"
"NEUTROGENA BODY CARE 200ML HIDR & REPARA : NEUTROGENA BODY CARE 200ML";"7891010253899";"30894"
"NESTON VITAMINA DE MAMAO SACHE 210G : NESTON VITAMINA DE MAMAO SACHE 210G";"7891000101674";"35641"
"NESTON 3 CEREAIS SACHE 210G : NESTON 3 CEREAIS SACHE 210G";"7891000098967";"4753"
"NESTON 3 CEREAIS 360G CEREAL INTEGRAL : NESTON 3 CEREAIS 360G";"7891000358801";"2378"
"NESQUIK MORANGO NESTLE LATA 380G : NESQUIK MORANGO NESTLE LATA 380G";"7891000104118";"35642"
"NESCAFE SOLUVEL TRADICAO 100G FORTE : NESCAFE SOLUVEL TRADICAO 100G";"7891000029336";"1342"
"NESCAFE SOLUVEL SACHE 40G SUAVE : NESCAFE SOLUVEL SACHE 40G";"7891000307045";"58593"
"NESCAFE SOLUVEL SACHE 40G FORTE : NESCAFE SOLUVEL SACHE 40G";"7891000307083";"58593"
"NESCAFE SOLUVEL SACHE 40G EXTRA FORTE : NESCAFE SOLUVEL SACHE 40G";"7891000307120";"58593"
"NESCAFE SOLUVEL ORIGINAL 100G EXTRA FORTE : NESCAFE SOLUVEL ORIGINAL 100G";"7891000300503";"1343"
"NESCAFE SOLUVEL MATINAL 100G EQUILIBRADO : NESCAFE SOLUVEL MATINAL 100G";"7891000315507";"1333"
"NESCAFE SOLUVEL INTENSIDADE M. 100G : NESCAFE SOLUVEL INTENSIDADE M. 100G";"7891000874080";"69927"
"NESCAFE ORIGENS 10CP MEXICO : NESCAFE ORIGENS 10CP";"8445291143968";"65821"
"NESCAFE ORIGENS 10CP INDIA : NESCAFE ORIGENS 10CP";"8445291150249";"65821"
"NESCAFE ORIGENS 10CP COLOMBIA : NESCAFE ORIGENS 10CP";"8445291111257";"65821"
"NESCAFE ORIGENS 10CP BRASIL : NESCAFE ORIGENS 10CP";"8445291144385";"65821"
"NESCAFE ORIGENS 10CP ANDES : NESCAFE ORIGENS 10CP";"8445291159693";"65821"
"NESCAFE GOLD ESPRESSO SACHE 40G INTENSO 9 : NESCAFE GOLD ESPRESSO SACHE 40G";"7891000384579";"67031"
"NESCAFE GOLD ESPRESSO SACHE 40G INTENSO 8 : NESCAFE GOLD ESPRESSO SACHE 40G";"7891000794135";"67031"
"NESCAFE GOLD ESPRESSO SACHE 40G INTENSO 6 : NESCAFE GOLD ESPRESSO SACHE 40G";"7891000491249";"67031"
"NESCAFE DESCAFEINADO SACHE 40G : NESCAFE DESCAFEINADO SACHE 40G";"7891000184004";"68009"
"NESCAFE CAPUCCINO 180G CARAMELO SALG. : NESCAFE CAPUCCINO 180G";"7891000817094";"70131"
"NESCAFE CAPPUCCINO TRADICIONAL 180G : NESCAFE CAPPUCCINO TRADICIONAL 180G";"7891000613597";"4689"
"NESCAFE CAPPUCCINO DOIS FRADES 180G : NESCAFE CAPPUCCINO DOIS FRADES 180G";"7891000892473";"66461"
"NESCAFE CAFE COM LEITE 300G : NESCAFE CAFE COM LEITE 300G";"7891000006290";"1368"
"NEDO ABRIDOR COMBINADO REFORCADO REF: 006 : NEDO ABRIDOR COMBINADO REFORCADO";"7896619800062";"33814"
"NECTARINA NACIONAL KG : NECTARINA NACIONAL KG";"541";"2702"
"NECTARINA IMPORTADA KG : NECTARINA IMPORTADA KG";"540";"2701"
"NECTAR YUMMY FRESH 200ML UVA : NECTAR YUMMY FRESH 200ML";"7898651640149";"66548"
"NECTAR YUMMY FRESH 200ML LARANJA : NECTAR YUMMY FRESH 200ML";"7898651640088";"66548"
"NECTAR YUMMY FRESH 200ML GOIABA : NECTAR YUMMY FRESH 200ML";"7898651640040";"66548"
"NECTAR YUMMY FRESH 200ML CAJU : NECTAR YUMMY FRESH 200ML";"7898651640026";"66548"
"NECTAR YUMMY FRESH 1L UVA : NECTAR YUMMY FRESH 1L";"7898651640132";"66547"
"NECTAR YUMMY FRESH 1L MANGA : NECTAR YUMMY FRESH 1L";"7898651640293";"66547"
"NECTAR YUMMY FRESH 1L LARANJA : NECTAR YUMMY FRESH 1L";"7898651640071";"66547"
"NECTAR YUMMY FRESH 1L GOIABA : NECTAR YUMMY FRESH 1L";"7898651640330";"66547"
"NECTAR YUMMY FRESH 1L CAJU : NECTAR YUMMY FRESH 1L";"7898651640279";"66547"
"NECTAR YUMMY FRESH 1L ABACAXI/HORTELA : NECTAR YUMMY FRESH 1L";"7898651640712";"66547"
"NECTAR MAGUARY TP 200ML UVA : NECTAR MAGUARY TP 200ML";"7896000594099";"54052"
"NECTAR MAGUARY TP 200ML MARACUJA : NECTAR MAGUARY TP 200ML";"7896000594068";"54052"
"NECTAR MAGUARY TP 200ML MACA : NECTAR MAGUARY TP 200ML";"7896000594051";"54052"
"NECTAR MAGUARY TP 200ML LARANJA : NECTAR MAGUARY TP 200ML";"7896005404126";"54052"
"NECTAR MAGUARY 1L UVA : NECTAR MAGUARY 1L";"7896000530325";"39957"
"NECTAR MAGUARY 1L MORANGO : NECTAR MAGUARY 1L";"7896000594198";"39957"
"NECTAR MAGUARY 1L MARACUJA : NECTAR MAGUARY 1L";"7896000530363";"39957"
"NECTAR MAGUARY 1L LARANJA : NECTAR MAGUARY 1L";"7896005404072";"39957"
"NECTAR MAGUARY 1L CAJU : NECTAR MAGUARY 1L";"7896000530356";"39957"
"NECTAR MAGUARY 1L ABACAXI : NECTAR MAGUARY 1L";"7896005404133";"39957"
"NECTAR LIFE 1,7L UVA : NECTAR LIFE 1,7L";"7897195981510";"67868"
"NECTAR LIFE 1,7L MARACUJA : NECTAR LIFE 1,7L";"7897195981497";"67868"
"NECTAR LIFE 1,7L CAJU : NECTAR LIFE 1,7L";"7897195981473";"67868"
"NECTAR KMAIS UVA 1,8L : NECTAR KMAIS UVA 1,8L";"7898963855262";"52963"
"NECTAR KMAIS 1,8L GOIABA : NECTAR KMAIS 1,8L";"7898963855071";"52962"
"NECTAR KMAIS 1,8L CAJU : NECTAR KMAIS 1,8L";"7898963855385";"52962"
"NECTAR DEL VALLE MAIS SEM ACUCAR 1L UVA : NECTAR DEL VALLE MAIS SEM ACUCAR 1L";"7898341430777";"1026"
"NECTAR DEL VALLE MAIS SEM ACUCAR 1L PESSEGO : NECTAR DEL VALLE MAIS SEM ACUCAR 1L";"7898341430043";"1026"
"NECTAR DEL VALLE 200ML UVA : NECTAR DEL VALLE 200ML";"7898341430203";"1563"
"NECTAR DEL VALLE 200ML PESSEGO : NECTAR DEL VALLE 200ML";"7898341430142";"1563"
"NECTAR DEL VALLE 200ML LARANJA : NECTAR DEL VALLE 200ML";"7894900660418";"1563"
"NECTAR DEL VALLE 1L UVA : NECTAR DEL VALLE 1L";"7898341430098";"1522"
"NECTAR DEL VALLE 1L PESSEGO : NECTAR DEL VALLE 1L";"7898341430036";"1522"
"NECTAR DEL VALLE 1L LARANJA : NECTAR DEL VALLE 1L";"7898341430111";"1522"
"NECTAR DEL VALLE 1L ABACAXI : NECTAR DEL VALLE 1L";"7898164662669";"1522"
"NECTAR DEL VALLE 100% SUCO 1L UVA : NECTAR DEL VALLE 100% SUCO 1L";"7894900611014";"40059"
"NATA FRIMESA 300G : NATA FRIMESA 300G";"7896275970185";"33688"
"NANLAC COMFOR 1 A 3 ANOS 800G : NANLAC COMFOR 1 A 3 ANOS 800G";"7891000097656";"33794"
"NAFTALINA TRIEX 25G : NAFTALINA TRIEX 25G";"7896527700171";"16794"
"MUSSARELA PIRACANJUBA FATIADA 150G : MUSSARELA PIRACANJUBA FATIADA 150G";"7898215150282";"46810"
"MUSSARELA PECA KG : MUSSARELA PECA KG";"7898578910028";"2470"
"MUSSARELA PALITO PIRACANJUBA KG : MUSSARELA PALITO PIRACANJUBA KG";"7898215150176";"32959"
"MUSSARELA MATILAT PECA KG : MUSSARELA MATILAT PECA KG";"1574";"11218"
"MUSSARELA MATILAT FATIADA 150G  : MUSSARELA MATILAT FATIADA 150G";"7896238105531";"61543"
"MUSSARELA ITAMBE FATIADA 150G : MUSSARELA ITAMBE FATIADA 150G";"7896051165446";"58688"
"MUSSARELA FRIMESA FATIADA 150G : MUSSARELA FRIMESA FATIADA 150G";"7896275983956";"29692"
"MUSSARELA BOLINHA PIRACANJUBA KG : MUSSARELA BOLINHA PIRACANJUBA KG";"7898215150169";"32955"
"MULTIUSO YPE L500ML P450ML CLASSIC : MULTIUSO YPE L500ML P450ML";"7896098900994";"44164"
"MULTIUSO YPE ANTIBAC 500ML ANTIBAC : MULTIUSO YPE ANTIBAC 500ML";"7896098905890";"61620"
"MULTIUSO UAU ACAO CLAREADORA 500ML : MULTIUSO UAU ACAO CLAREADORA 500ML";"7891242211186";"34582"
"MULTIUSO UAU 500ML ROSAS/SEDUCAO : MULTIUSO UAU 500ML";"7891242224025";"29966"
"MULTIUSO UAU 500ML LIMAO SICILIANO : MULTIUSO UAU 500ML";"7891242211537";"29966"
"MULTIUSO UAU 500ML LAVANDA : MULTIUSO UAU 500ML";"7891242211506";"29966"
"MULTIUSO UAU 500ML FLORAL : MULTIUSO UAU 500ML";"7891242211407";"29966"
"MULTIUSO UAU 500ML COM ALCOOL : MULTIUSO UAU 500ML";"7891242001015";"29966"
"MULTIUSO TUDO 500ML CITRONELA : MULTIUSO TUDO 500ML";"7896440500247";"71032"
"MULTIUSO AZULIM 500ML ORIGINAL : MULTIUSO AZULIM 500ML";"7897534800212";"35978"
"MULTIUSO AZULIM 500ML COM ALCOOL : MULTIUSO AZULIM 500ML";"7897534831612";"35978"
"MULTIUSO AZULIM 500ML ACAO CLAREADORA : MULTIUSO AZULIM 500ML";"7897534842649";"35978"
"MULTI USO YPE 500ML TIRA MANCHAS : MULTI USO YPE 500ML";"7896098900826";"116"
"MULTI USO YPE 500ML NATUREZA : MULTI USO YPE 500ML";"7896098900819";"116"
"MULTI USO YPE 500ML CLASSICO : MULTI USO YPE 500ML";"7896098900802";"116"
"MULTI INSETICIDA BUZZ OFF 450ML SPRAY : MULTI INSETICIDA BUZZ OFF 450ML";"7898567702566";"66017"
"MULTI INSETICIDA BUZZ OFF 400ML LIMONENO : MULTI INSETICIDA BUZZ OFF 400ML";"7898567705406";"65960"
"MULTI INSETICIDA BUZZ OFF 400ML EUCALIPTO : MULTI INSETICIDA BUZZ OFF 400ML";"7898567705383";"65960"
"MULTI INSETICIDA BUZZ OFF 400ML CITRONELA : MULTI INSETICIDA BUZZ OFF 400ML";"7898567705390";"65960"
"MULTI CAPSULAS CHA COM LIMAO UTAM : MULTI CAPSULAS CHA COM LIMAO UTAM";"7896656803309";"69991"
"MULTI CAPSULAS CAPPUCCINO UTAM : MULTI CAPSULAS CAPPUCCINO UTAM";"7896656803279";"69982"
"MULTI CAPSULAS CAFE INTENSO UTAM : MULTI CAPSULAS CAFE INTENSO UTAM";"7896656803248";"69984"
"MULTI CAPSULAS CAFE ESPRESSO UTAM : MULTI CAPSULAS CAFE ESPRESSO UTAM";"7896656803262";"69989"
"MULTI CAPSULAS ACHOCOLATADO UTAM : MULTI CAPSULAS ACHOCOLATADO UTAM";"7896656803293";"69983"
"MUKY BRETZKE MORANGO SACHE 300G : MUKY BRETZKE MORANGO SACHE 300G";"7896072093988";"63344"
"MUKY BRETZKE CHOCOLATE SACHE 300G : MUKY BRETZKE CHOCOLATE SACHE 300G";"7896072093971";"63458"
"MUCILON NESTLE ZERO ACUCARES 180G 5 CEREAIS : MUCILON NESTLE ZERO ACUCARES 180G";"7891000275757";"48496"
"MUCILON NESTLE SACHE 600G MULTICEREAIS : MUCILON NESTLE SACHE 600G";"7891000086131";"2367"
"MUCILON NESTLE SACHE 600G ARROZ E AVEIA : MUCILON NESTLE SACHE 600G";"7891000073117";"2367"
"MUCILON NESTLE SACHE 360G MULTICEREAIS : MUCILON NESTLE SACHE 360G";"7891000356903";"70134"
"MUCILON NESTLE SACHE 360G MILHO : MUCILON NESTLE SACHE 360G";"7891000356989";"70134"
"MUCILON NESTLE SACHE 360G ARROZ E AVEIA : MUCILON NESTLE SACHE 360G";"7891000357023";"70134"
"MUCILON NESTLE SACHE 360G ARROZ : MUCILON NESTLE SACHE 360G";"7891000357184";"70134"
"MUCILON NESTLE SACHE 180G. MILHO : MUCILON NESTLE SACHE 180G.";"7891000319581";"4197"
"MUCILON NESTLE SACHE 180G MULTI CEREAIS : MUCILON NESTLE SACHE 180G";"7891000319505";"52293"
"MUCILON NESTLE SACHE 180G AVEIA E AMEIXA : MUCILON NESTLE SACHE 180G";"7891000113295";"52293"
"MUCILON NESTLE SACHE 180G ARROZ E AVEIA : MUCILON NESTLE SACHE 180G";"7891000319543";"52293"
"MUCILON NESTLE SACHE 180G ARROZ : MUCILON NESTLE SACHE 180G";"7891000319628";"52293"
"MUCILON NESTLE LATA 400G MULTI CEREAIS : MUCILON NESTLE LATA 400G";"7891000035849";"2375"
"MUCILON NESTLE LATA 400G MILHO : MUCILON NESTLE LATA 400G";"7891000011294";"2375"
"MUCILON NESTLE LATA 400G ARROZ : MUCILON NESTLE LATA 400G";"7891000011287";"2375"
"MR MUSCULO VIDROS/SUPERF. SQ 500ML : MR MUSCULO VIDROS/SUPERF. SQ 500ML";"7894650003374";"29705"
"MR MUSCULO VIDROS/SUPERF. RF 400ML : MR MUSCULO VIDROS/SUPERF. RF 400ML";"7894650003282";"29704"
"MR MUSCULO COZINHA SQUEEZE 500ML FLORAL : MR MUSCULO COZINHA SQUEEZE 500ML";"7894650001714";"29697"
"MR MUSCULO COZINHA SACHE 400ML LARANJA : MR MUSCULO COZINHA SACHE 400ML";"7894650014110";"45145"
"MR MUSCULO COZINHA 500ML 30% DESC LIMAO : MR MUSCULO COZINHA 500ML 30% DESC";"7894650938720";"49320"
"MR MUSCULO COZINHA 500ML 30% DESC LARANJA : MR MUSCULO COZINHA 500ML 30% DESC";"7894650003145";"49320"
"MR MUSCULO COZINHA 500ML 20% DESC DESENGORDURANTE : MR MUSCULO COZINHA 500ML 20% DESC";"7894650013908";"46747"
"MR MUSCULO BANHEIRO SACHE 400ML : MR MUSCULO BANHEIRO SACHE 400ML";"7894650014356";"45038"
"MOUSSE DE MORANGO KG : MOUSSE DE MORANGO KG";"605";"10266"
"MOUSSE DE LIMAO KG : MOUSSE DE LIMAO KG";"602";"10264"
"MOUSSE DE LEITE NINHO POLPA MORANGO : MOUSSE DE LEITE NINHO POLPA MORANGO";"8070";"65718"
"MOUSSE DE LEITE NINHO KG : MOUSSE DE LEITE NINHO KG";"3113";"26839"
"MOUSSE DE CHOCOLATE KG : MOUSSE DE CHOCOLATE KG";"2380";"13426"
"MOSTARDA SIAMAR 980G : MOSTARDA SIAMAR 980G";"7896069576036";"49844"
"MOSTARDA SIAMAR 200G : MOSTARDA SIAMAR 200G";"7896069572304";"9443"
"MOSTARDA PREDILECTA GALAO 3,3KG  : MOSTARDA PREDILECTA GALAO 3,3KG";"7896292300453";"10641"
"MOSTARDA PREDILECTA 180G : MOSTARDA PREDILECTA 180G";"7896292300477";"2210"
"MOSTARDA HELLMANNS 170G : MOSTARDA HELLMANNS 170G";"7891150027794";"35467"
"MOSTARDA HEINZ 255G : MOSTARDA HEINZ 255G";"7896102503715";"23418"
"MOSTARDA FUGINI BICO 180G : MOSTARDA FUGINI BICO 180G";"7897517207595";"37766"
"MOSTARDA COM MEL HEINZ 220G  : MOSTARDA COM MEL HEINZ 220G";"7896102502138";"65941"
"MOSTARDA COM MEL FUGINI BICO 180G : MOSTARDA COM MEL FUGINI BICO 180G";"7897517200114";"72944"
"MOSTARDA CASTELO PREMIUM 180G : MOSTARDA CASTELO PREMIUM 180G";"7896048285485";"44025"
"MOSTARDA AMARELA HEMMER 700G : MOSTARDA AMARELA HEMMER 700G";"7891031405055";"67726"
"MOSTARDA AMARELA HEMMER 1KG : MOSTARDA AMARELA HEMMER 1KG";"7891031405031";"45693"
"MORTADELA SEARA DEFUMADA KG : MORTADELA SEARA DEFUMADA KG";"7894904005550";"39508"
"MORTADELA SADIA SADILAR 1KG : MORTADELA SADIA SADILAR 1KG";"7893000340107";"5312"
"MORTADELA SADIA DEFUMADA KG : MORTADELA SADIA DEFUMADA KG";"7893000004832";"2464"
"MORTADELA PERDIGAO OURO DEFUMADA KG : MORTADELA PERDIGAO OURO DEFUMADA KG";"7891515356736";"2463"
"MORTADELA OURO DEF. FATIADA 200G DEFUMADA TRAD. : MORTADELA OURO DEF. FATIADA 200G";"7891515434311";"40363"
"MORTADELA MARBA KG  : MORTADELA MARBA KG";"7897268100015";"2460"
"MORTADELA GIOVANNI ITALIANA 100G : MORTADELA GIOVANNI ITALIANA 100G";"7898618521207";"69782"
"MORTADELA COPACOL COM TOUCINHO 380G : MORTADELA COPACOL COM TOUCINHO 380G";"7891527068986";"31493"
"MORTADELA CONFIANCA SEARA 1KG : MORTADELA CONFIANCA SEARA 1KG";"7894904578245";"6076"
"MORTADELA CERATTI COM PISTACHE 150G : MORTADELA CERATTI COM PISTACHE 150G";"7898907631266";"69411"
"MORGOTE KG : MORGOTE KG";"538";"2698"
"MORANGOS SELECIONADOS BANDEJA 250G : MORANGOS SELECIONADOS BANDEJA 250G";"0074468342262";"72103"
"MORANGONOFFE KG : MORANGONOFFE KG";"7226";"59212"
"MORANGO PICADO KG : MORANGO PICADO KG";"7642";"62373"
"MORANGO CONGELADO COLUCI 1,02KG : MORANGO CONGELADO COLUCI 1,02KG";"7898994470717";"69860"
"MORANGO BANDEJA 220G : MORANGO BANDEJA 220G";"96068144";"2696"
"MORANGA KG KG : MORANGA KG";"535";"2982"
"MONSTER ENERGY DRINK 473ML ULTRA VIOLET : MONSTER ENERGY DRINK 473ML";"0070847033929";"44145"
"MONSTER ENERGY DRINK 473ML ULTRA PARADISE : MONSTER ENERGY DRINK 473ML";"1220000250000";"44145"
"MONSTER ENERGY DRINK 473ML ULTRA : MONSTER ENERGY DRINK 473ML";"70847022220";"44145"
"MONSTER ENERGY DRINK 473ML ULT. WATERMELON : MONSTER ENERGY DRINK 473ML";"1220000250222";"44145"
"MONSTER ENERGY DRINK 473ML PIPELINE PUNCH : MONSTER ENERGY DRINK 473ML";"7898938890045";"44145"
"MONSTER ENERGY DRINK 473ML PACIFIC PUNCH : MONSTER ENERGY DRINK 473ML";"1220000250031";"44145"
"MONSTER ENERGY DRINK 473ML MANGO LOCO : MONSTER ENERGY DRINK 473ML";"0070847033301";"44145"
"MONSTER ENERGY DRINK 473ML KHAOTIC : MONSTER ENERGY DRINK 473ML";"1220000250147";"44145"
"MONSTER ENERGY DRINK 473ML GREEN ZERO : MONSTER ENERGY DRINK 473ML";"7898938890083";"44145"
"MONSTER ENERGY DRINK 473ML GREEN : MONSTER ENERGY DRINK 473ML";"70847022015";"44145"
"MONSTER ENERGY DRINK 473ML ABSOLUTELY ZERO : MONSTER ENERGY DRINK 473ML";"070847022305";"44145"
"MOLHO YAKISSOBA SAKURA 500ML : MOLHO YAKISSOBA SAKURA 500ML";"7896007800896";"17206"
"MOLHO TOMATE ZERO FUGINI 300G SACHE : MOLHO TOMATE ZERO FUGINI 300G";"7897517206741";"9381"
"MOLHO TOMATE SIAMAR SACHE 300G : MOLHO TOMATE SIAMAR SACHE 300G";"7896069576258";"49845"
"MOLHO TOMATE QUERO TRADICIONAL 240G SACHE : MOLHO TOMATE QUERO TRADICIONAL 240G";"7896102509410";"1550"
"MOLHO TOMATE PREDILECTA PIZZA 1,7KG SACHE : MOLHO TOMATE PREDILECTA PIZZA 1,7KG";"7896292334557";"70826"
"MOLHO TOMATE POMAROLA TRAD. 300G SACHE : MOLHO TOMATE POMAROLA TRAD. 300G";"7896036099988";"31196"
"MOLHO TOMATE POMAROLA SABORES 300G PIZZA : MOLHO TOMATE POMAROLA SABORES 300G";"7896036095065";"35441"
"MOLHO TOMATE POMAROLA SABORES 300G PARMEGIANA : MOLHO TOMATE POMAROLA SABORES 300G";"7896036095072";"35441"
"MOLHO TOMATE POMAROLA PASSATA 700G : MOLHO TOMATE POMAROLA PASSATA 700G";"7896036098806";"58653"
"MOLHO TOMATE POMAROLA PASSATA 680G : MOLHO TOMATE POMAROLA PASSATA 680G";"7896036099087";"64862"
"MOLHO TOMATE HEMMER SACHE 300G TRADICIONAL : MOLHO TOMATE HEMMER SACHE 300G";"7896102502145";"38389"
"MOLHO TOMATE HEINZ SACHE 240G TRADICIONAL : MOLHO TOMATE HEINZ SACHE 240G";"7896102593051";"36673"
"MOLHO TOMATE HEINZ SABORES 240G MANJERICAO : MOLHO TOMATE HEINZ SABORES 240G";"7896102592993";"42276"
"MOLHO TOMATE HEINZ SABORES 240G BOLONHESA : MOLHO TOMATE HEINZ SABORES 240G";"7896102592603";"42276"
"MOLHO TOMATE HEINZ SABORES 240G AZEITONA : MOLHO TOMATE HEINZ SABORES 240G";"7896102592610";"42276"
"MOLHO TOMATE FUGINI TRAD. 1,7KG : MOLHO TOMATE FUGINI TRAD. 1,7KG";"7897517207151";"3516"
"MOLHO TOMATE FUGINI SACHE 300G TRADICIONAL : MOLHO TOMATE FUGINI SACHE 300G";"7897517206086";"1456"
"MOLHO TOMATE FUGINI SACHE 250G TRADICIONAL : MOLHO TOMATE FUGINI SACHE 250G";"7897517206024";"35070"
"MOLHO TOMATE FUGINI PENEIRADO 300G SACHE : MOLHO TOMATE FUGINI PENEIRADO 300G";"7897517206178";"1453"
"MOLHO TOMATE FUGINI ERVAS FINA 300G : MOLHO TOMATE FUGINI ERVAS FINA 300G";"7897517206710";"28576"
"MOLHO TOMATE FUGINI ERVAS 300G PIZZA : MOLHO TOMATE FUGINI ERVAS 300G";"7897517206130";"7071"
"MOLHO TOMATE FUGINI ERVAS 300G MANJERICAO : MOLHO TOMATE FUGINI ERVAS 300G";"7897517206123";"7071"
"MOLHO TOMATE BOLONHESA FUGINI 300G : MOLHO TOMATE BOLONHESA FUGINI 300G";"7897517206116";"34829"
"MOLHO TARE TARESSU 210G : MOLHO TARE TARESSU 210G";"7896256075069";"42406"
"MOLHO TARE SAKURA 180ML : MOLHO TARE SAKURA 180ML";"7896007865970";"51896"
"MOLHO TARE PET KARUI 250ML : MOLHO TARE PET KARUI 250ML";"7898270966958";"70049"
"MOLHO STROGONOFF FUGINI SACHE 290G : MOLHO STROGONOFF FUGINI SACHE 290G";"7897517206819";"14061"
"MOLHO SHOYU SIAMAR 900ML : MOLHO SHOYU SIAMAR 900ML";"7896069573295";"51588"
"MOLHO SHOYU SIAMAR 150ML : MOLHO SHOYU SIAMAR 150ML";"7896069573165";"3515"
"MOLHO SHOYU SATIS PROFISSIONAL 5L : MOLHO SHOYU SATIS PROFISSIONAL 5L";"7891132008926";"36366"
"MOLHO SHOYU SATIS 870ML : MOLHO SHOYU SATIS 870ML";"7891132008919";"46781"
"MOLHO SHOYU SATIS 150ML SUAVE : MOLHO SHOYU SATIS 150ML";"7891132008421";"35443"
"MOLHO SHOYU SATIS 150ML INTENSO : MOLHO SHOYU SATIS 150ML";"7891132008391";"35443"
"MOLHO SHOYU SAKURA 500ML : MOLHO SHOYU SAKURA 500ML";"7896007800001";"3571"
"MOLHO SHOYU SAKURA 1L : MOLHO SHOYU SAKURA 1L";"7896007801008";"1259"
"MOLHO SHOYU SAKURA 150ML : MOLHO SHOYU SAKURA 150ML";"7896007811007";"3890"
"MOLHO REFOGADO PREDILECTA 300G SACHE : MOLHO REFOGADO PREDILECTA 300G";"7896292333000";"1473"
"MOLHO REFOGADO PREDILECTA 1,7KG SACHE : MOLHO REFOGADO PREDILECTA 1,7KG";"7896292334540";"70824"
"MOLHO QUATRO QUEIJOS FUGINI 290G : MOLHO QUATRO QUEIJOS FUGINI 290G";"7897517206772";"8174"
"MOLHO PRONTO TARANTELLA SACHE 300G TRADICIONAL : MOLHO PRONTO TARANTELLA SACHE 300G";"7896036099544";"1559"
"MOLHO PRONTO TARANTELLA SAB. 300G PIZZA : MOLHO PRONTO TARANTELLA SAB. 300G";"7896036099490";"33990"
"MOLHO PRONTO TARANTELLA SAB. 300G HOT DOG : MOLHO PRONTO TARANTELLA SAB. 300G";"7896036099513";"33990"
"MOLHO PRONTO TARANTELLA SAB. 300G ERVAS FINAS : MOLHO PRONTO TARANTELLA SAB. 300G";"7896036099506";"33990"
"MOLHO PRONTO TARANTELLA SAB. 300G BOLONHESA : MOLHO PRONTO TARANTELLA SAB. 300G";"7896036099520";"33990"
"MOLHO PIMENTA/ALHO SIAMAR 150ML  : MOLHO PIMENTA/ALHO SIAMAR 150ML";"7896069571543";"3481"
"MOLHO PIMENTA ZILIO 150ML  : MOLHO PIMENTA ZILIO 150ML";"7896280400875";"7489"
"MOLHO PIMENTA VERM. SIAMAR 150ML  : MOLHO PIMENTA VERM. SIAMAR 150ML";"7896069570072";"1287"
"MOLHO PIMENTA VERDE KODILAR 150ML : MOLHO PIMENTA VERDE KODILAR 150ML";"7896256030747";"20297"
"MOLHO PIMENTA SIAMAR 500ML PIMENT.VERMELHA : MOLHO PIMENTA SIAMAR 500ML";"7896069576920";"29922"
"MOLHO PIMENTA SIAMAR 150ML CALABRESA : MOLHO PIMENTA SIAMAR 150ML";"7896069574766";"3480"
"MOLHO PIMENTA KNORR 150ML COM ALHO : MOLHO PIMENTA KNORR 150ML";"7891150057715";"16490"
"MOLHO PIMENTA KENKO 150ML TRADICIONAL : MOLHO PIMENTA KENKO 150ML";"7896007811304";"3496"
"MOLHO PIMENTA KENKO 150ML EXTRA PICANTE : MOLHO PIMENTA KENKO 150ML";"7896007811298";"3496"
"MOLHO PIMENTA EXTRA SIAMAR 150ML  : MOLHO PIMENTA EXTRA SIAMAR 150ML";"7896069574049";"44423"
"MOLHO PIMENTA COMARI/PEQUI KODILAR 150ML : MOLHO PIMENTA COMARI/PEQUI KODILAR";"7896256030723";"20296"
"MOLHO PIMENTA CASEIRO KG : MOLHO PIMENTA CASEIRO KG";"1123";"5630"
"MOLHO PIMENTA CASEIRINHO SIAMAR EXT. FORTE 200G : MOLHO PIMENTA CASEIRINHO SIAMAR";"7896069576470";"54926"
"MOLHO PIMENTA CASEIRINHO SIAMAR CHIMICHURRI : MOLHO PIMENTA CASEIRINHO SIAMAR";"7896069576722";"54926"
"MOLHO PIMENTA BODE/GERG. KODILAR 150ML : MOLHO PIMENTA BODE/GERG. KODILAR";"7896256030730";"20294"
"MOLHO PIMENTA BELMONT 150ML  : MOLHO PIMENTA BELMONT 150ML";"7896090500697";"52790"
"MOLHO PIMENTA ASTECA 500ML TRADICIONAL : MOLHO PIMENTA ASTECA 500ML";"7896181500124";"1291"
"MOLHO PIMENTA ASTECA 200ML TRADICIONAL : MOLHO PIMENTA ASTECA 200ML";"7896181501671";"1286"
"MOLHO PIMENTA ASTECA 1L : MOLHO PIMENTA ASTECA 1L";"7896181501992";"36921"
"MOLHO PARA SALADA LIZA 234ML ROSE : MOLHO PARA SALADA LIZA 234ML";"7896036090909";"1276"
"MOLHO PARA SALADA LIZA 234ML LIMAO : MOLHO PARA SALADA LIZA 234ML";"7896036093467";"1276"
"MOLHO PARA SALADA KENKO 236ML ROSE : MOLHO PARA SALADA KENKO 236ML";"7896007800766";"3486"
"MOLHO PARA SALADA KENKO 236ML PARMESAO : MOLHO PARA SALADA KENKO 236ML";"7896007800780";"3486"
"MOLHO PARA SALADA KENKO 236ML MOSTARDA/MEL : MOLHO PARA SALADA KENKO 236ML";"7896007800773";"3486"
"MOLHO PARA SALADA KENKO 236ML LIMAO : MOLHO PARA SALADA KENKO 236ML";"7896007800735";"3486"
"MOLHO PARA SALADA KENKO 236ML ITALIANO : MOLHO PARA SALADA KENKO 236ML";"7896007800797";"3486"
"MOLHO PARA SALADA KENKO 236ML CAESAR : MOLHO PARA SALADA KENKO 236ML";"7896007800742";"3486"
"MOLHO PARA SALADA CASTELO 236ML ROSE : MOLHO PARA SALADA CASTELO 236ML";"7896048283139";"31704"
"MOLHO PARA SALADA CASTELO 236ML PARMESAO : MOLHO PARA SALADA CASTELO 236ML";"7896048283979";"31704"
"MOLHO PARA SALADA CASTELO 236ML LIMAO : MOLHO PARA SALADA CASTELO 236ML";"7896048282354";"31704"
"MOLHO PARA SALADA CASTELO 236ML CASEIRO : MOLHO PARA SALADA CASTELO 236ML";"7896048282330";"31704"
"MOLHO PARA SALADA CASTELO 236ML CAESAR : MOLHO PARA SALADA CASTELO 236ML";"7898922618051";"31704"
"MOLHO PARA PIPOCA SIAMAR 150ML : MOLHO PARA PIPOCA SIAMAR 150ML";"7896069576746";"64244"
"MOLHO MADEIRA FUGINI SACHE 290G : MOLHO MADEIRA FUGINI SACHE 290G";"7897517206765";"8172"
"MOLHO KIRIN SALADA 200ML ROSE : MOLHO KIRIN SALADA 200ML";"7896181503088";"71560"
"MOLHO KIRIN SALADA 200ML CASEIRO : MOLHO KIRIN SALADA 200ML";"7896181503026";"71560"
"MOLHO INGLES SIAMAR 150ML TRADICIONAL : MOLHO INGLES SIAMAR 150ML";"7896069570102";"1270"
"MOLHO INGLES KENKO 150ML : MOLHO INGLES KENKO 150ML";"7896007811403";"3484"
"MOLHO INGLES ASTECA 500ML : MOLHO INGLES ASTECA 500ML";"7896181500155";"34764"
"MOLHO HELLMANNS SALADA 210ML ROSE : MOLHO HELLMANNS SALADA 210ML";"7891150070882";"7494"
"MOLHO ESPECIAL TARE KIRIN 200ML : MOLHO ESPECIAL TARE KIRIN 200ML";"7896181502272";"49687"
"MOLHO CHURRASCO SIAMAR 270ML TRADICIONAL : MOLHO CHURRASCO SIAMAR 270ML";"7896069572601";"6488"
"MOLHO BRANCO FUGINI SACHE 250G : MOLHO BRANCO FUGINI SACHE 250G";"7897517206727";"1570"
"MOLHO BARBECUE QUERO 210G : MOLHO BARBECUE QUERO 210G";"7896102503432";"71602"
"MOLHO BARBECUE PREMIUM CASTELO 180G : MOLHO BARBECUE PREMIUM CASTELO 180G";"7896048285492";"44026"
"MOLHO BARBECUE KENKO 180ML : MOLHO BARBECUE KENKO 180ML";"7896007865802";"51922"
"MOLHO BARBECUE HEMMER 330G : MOLHO BARBECUE HEMMER 330G";"7891031409459";"33762"
"MOLHO BARBECUE HELLMANNS 400G TRADICIONAL : MOLHO BARBECUE HELLMANNS 400G";"7891150071216";"56790"
"MOLHO BARBECUE HELLMANNS 400G CEBOLA CARAM. : MOLHO BARBECUE HELLMANNS 400G";"7891150071230";"56790"
"MOLHO BARBECUE HEINZ 397G : MOLHO BARBECUE HEINZ 397G";"7896102000160";"50323"
"MOLHO BARBECUE HEINZ 260G : MOLHO BARBECUE HEINZ 260G";"7896102502091";"65032"
"MOLHO AMERICAN BURGER SIAMAR 200G : MOLHO AMERICAN BURGER SIAMAR 200G";"7896069576609";"59412"
"MOLHO ALHO SIAMAR 150ML : MOLHO ALHO SIAMAR 150ML";"7896069570782";"3514"
"MOLHO ALHO KNORR 150ML : MOLHO ALHO KNORR 150ML";"7891150089426";"70251"
"MOLHO ALHO KENKO 150ML  : MOLHO ALHO KENKO 150ML";"7896007811311";"1272"
"MOLHO AJI NO SHOYU 500ML : MOLHO AJI NO SHOYU 500ML";"7896007800025";"1269"
"MOLHO AJI NO SHOYU 150ML : MOLHO AJI NO SHOYU 150ML";"7896007811021";"4298"
"MOLHO AGRIDOCE KENKO 180ML : MOLHO AGRIDOCE KENKO 180ML";"7896007865864";"51921"
"MOLHO AGRIDOCE KARUI 250ML : MOLHO AGRIDOCE KARUI 250ML";"7898270968464";"70047"
"MOLHO 3 EM 1 HELLMANNS 360G SQUEEZE : MOLHO 3 EM 1 HELLMANNS 360G";"7891150099388";"72202"
"MOLHO 3 EM 1 CASTELO 380G : MOLHO 3 EM 1 CASTELO 380G";"7896048285508";"44027"
"MOELA DE FRANGO SADIA BANDEJA 1KG : MOELA DE FRANGO SADIA BANDEJA 1KG";"7893000437104";"11465"
"MOELA DE FRANGO PERDIGAO PCT 1KG : MOELA DE FRANGO PERDIGAO PCT 1KG";"7891515194864";"48299"
"MOEDOR MIMO MADEIRA BROWN 17CM : MOEDOR MIMO MADEIRA BROWN 17CM";"7908216118867";"67055"
"MOEDAS DE CHOCOLATE KIDOCURA 40G : MOEDAS DE CHOCOLATE KIDOCURA 40G";"7896255577519";"42868"
"MODELADOR DAY AFTER NEUTROX 300ML PURIFICA : MODELADOR DAY AFTER NEUTROX 300ML";"7908324407563";"73321"
"MIX VEGETAIS COPACOL 300G : MIX VEGETAIS COPACOL 300G";"7891527069976";"47448"
"MIX VEGETAIS COPACOL 1,1KG : MIX VEGETAIS COPACOL 1,1KG";"7891527069983";"67217"
"MIX DO SONO LOVE NUTS 40G : MIX DO SONO LOVE NUTS 40G";"7896029602911";"72121"
"MIX DE SALGADOS COM 50 UNIDADES : MIX DE SALGADOS COM 50 UNIDADES";"5323";"39638"
"MIX DE SALGADOS COM 100 UNIDADES : MIX DE SALGADOS COM 100 UNIDADES";"5324";"39639"
"MIX DE NUTS CAJUMIL 40G : MIX DE NUTS CAJUMIL 40G";"7896029602393";"72119"
"MIX DE LEGUMES BROCOLIS BANDEJA KG : MIX DE LEGUMES BROCOLIS BANDEJA KG";"8135";"66546"
"MIX DE LEGUMES BANDEJA KG : MIX DE LEGUMES BANDEJA KG";"1261";"10946"
"MIX DE FRUTAS COPO KG : MIX DE FRUTAS COPO KG";"6812";"55126"
"MIX DE FRIOS KG : MIX DE FRIOS KG               ";"2522";"15274"
"MIX DE FRIOS BANDEJA KG : MIX DE FRIOS BANDEJA KG";"8361";"68262"
"MIX DE FATIADO KG : MIX DE FATIADO KG";"7773";"63189"
"MIX DE ACELGA KG : MIX DE ACELGA KG";"2795";"17147"
"MIX DA IMUNIDADE LOVE NUTS 40G : MIX DA IMUNIDADE LOVE NUTS 40G";"7896029603413";"62314"
"MIX DA DISPOSICAO LOVE NUTS 40G : MIX DA DISPOSICAO LOVE NUTS 40G";"7896029602928";"72122"
"MIX DA BELEZA LOVE NUTS 40G : MIX DA BELEZA LOVE NUTS 40G";"7896029602904";"72123"
"MIX CAJUMIL SABOR CHURRASCO 40G : MIX CAJUMIL SABOR CHURRASCO 40G";"7896029603710";"72120"
"MISTURA REQUEIJAO PURANATA 400G GORDURA/AMIDO : MISTURA REQUEIJAO PURANATA 400G";"7896747800125";"5061"
"MISTURA REQUEIJAO PURANATA 250G GORDURA/AMIDO : MISTURA REQUEIJAO PURANATA 250G";"7896747800255";"10359"
"MISTURA REQ. PURANATA CHEDDAR 250G : MISTURA REQ. PURANATA CHEDDAR 250G";"7896747800422";"16087"
"MISTURA REQ PURANATA 4 QUEIJOS 400G GORDURA/AMIDO : MISTURA REQ PURANATA 4 QUEIJOS 400G";"7896747800378";"5064"
"MISTURA PRONTA MILANESA SIAMAR 300G : MISTURA PRONTA MILANESA SIAMAR 300G";"7896069517503";"1702"
"MISTURA PARA EMPANAR YOKI 300G MILANESA : MISTURA PARA EMPANAR YOKI 300G";"7891095001392";"1599"
"MISTURA PARA BOLO RENATA 400G. CHOCOLATE : MISTURA PARA BOLO RENATA 400G.";"7896022204181";"40585"
"MISTURA PARA BOLO RENATA 400G. BRIGADEIRO : MISTURA PARA BOLO RENATA 400G.";"7896022205447";"40585"
"MISTURA PARA BOLO RENATA 400G LARANJA : MISTURA PARA BOLO RENATA 400G";"7896022204211";"28555"
"MISTURA PARA BOLO RENATA 400G COCO : MISTURA PARA BOLO RENATA 400G";"7896022204228";"28555"
"MISTURA PARA BOLO RENATA 400G CENOURA : MISTURA PARA BOLO RENATA 400G";"7896022204914";"28555"
"MISTURA PARA BOLO ITALAC 400G MILHO CREMOSO : MISTURA PARA BOLO ITALAC 400G";"7898080641779";"48642"
"MISTURA PARA BOLO ITALAC 400G LIMAO : MISTURA PARA BOLO ITALAC 400G";"7898080641601";"48642"
"MISTURA PARA BOLO ITALAC 400G LARANJA : MISTURA PARA BOLO ITALAC 400G";"7898080641618";"48642"
"MISTURA PARA BOLO ITALAC 400G FUBA : MISTURA PARA BOLO ITALAC 400G";"7898080641786";"48642"
"MISTURA PARA BOLO ITALAC 400G FESTA : MISTURA PARA BOLO ITALAC 400G";"7898080641595";"48642"
"MISTURA PARA BOLO ITALAC 400G COCO : MISTURA PARA BOLO ITALAC 400G";"7898080641571";"48642"
"MISTURA PARA BOLO ITALAC 400G CHOCOLATE : MISTURA PARA BOLO ITALAC 400G";"7898080641588";"48642"
"MISTURA PARA BOLO ITALAC 400G CENOURA : MISTURA PARA BOLO ITALAC 400G";"7898080642165";"48642"
"MISTURA PARA BOLO ITALAC 400G AIPIM : MISTURA PARA BOLO ITALAC 400G";"7898080642172";"48642"
"MISTURA NITA BOLO COOK 450G. CHOCOLATE : MISTURA NITA BOLO COOK 450G.";"7898234850125";"17507"
"MISTURA NITA BOLO COOK 450G LIMAO : MISTURA NITA BOLO COOK 450G";"7898234850170";"742"
"MISTURA NITA BOLO COOK 450G LARANJA : MISTURA NITA BOLO COOK 450G";"7898234850132";"742"
"MISTURA NITA BOLO COOK 450G FUBA : MISTURA NITA BOLO COOK 450G";"7898234850958";"742"
"MISTURA NITA BOLO COOK 450G FESTA : MISTURA NITA BOLO COOK 450G";"7898234850163";"742"
"MISTURA NITA BOLO COOK 450G COCO : MISTURA NITA BOLO COOK 450G";"7898234850149";"742"
"MISTURA NITA BOLO COOK 450G CENOURA : MISTURA NITA BOLO COOK 450G";"7898234850804";"742"
"MISTURA NITA BOLO COOK 450G AIPIM : MISTURA NITA BOLO COOK 450G";"7898234850811";"742"
"MISTURA DR.OETKER BOLO CREMOSO 400G MILHO : MISTURA DR.OETKER BOLO CREMOSO 400G";"7891048061800";"45511"
"MISTURA DR.OETKER BOLO CREMOSO 400G AIPIM : MISTURA DR.OETKER BOLO CREMOSO 400G";"7891048061787";"45511"
"MISTURA DR.OETKER BOLO CREMOSO 300G CHOCOLATE : MISTURA DR.OETKER BOLO CREMOSO 300G";"7891048061794";"52504"
"MISTURA DR. OETKER BOLO+ CONF. 300G CENOURA : MISTURA DR. OETKER BOLO+ CONF. 300G";"7891048061848";"58255"
"MISTURA DR. OETKER BOLO CHOCOLATE 400G : MISTURA DR. OETKER BOLO CHOCOLATE";"7891048061695";"45512"
"MISTURA CHANTILLY BRETZKE 50G : MISTURA CHANTILLY BRETZKE 50G";"7896072016017";"9852"
"MISTURA BOLO FLEISCHMANN 400G CHOCOMOUSSE : MISTURA BOLO FLEISCHMANN 400G";"7898331012761";"65594"
"MISTURA BOLO FLEISCHMANN 400G BROWNIE : MISTURA BOLO FLEISCHMANN 400G";"7898331012969";"65594"
"MISTURA BOLO FLEISCHMANN 390G CHOCOLATE : MISTURA BOLO FLEISCHMANN 390G";"7897309408575";"65593"
"MISTURA BOLO DONA BENTA 450G. CHOCOLATE/AVELA : MISTURA BOLO DONA BENTA 450G.";"7896005216927";"15008"
"MISTURA BOLO DONA BENTA 450G. CHOCOLATE : MISTURA BOLO DONA BENTA 450G.";"7896005217023";"15008"
"MISTURA BOLO DONA BENTA 450G MILHO VERDE : MISTURA BOLO DONA BENTA 450G";"7896005272121";"743"
"MISTURA BOLO DONA BENTA 450G LARANJA : MISTURA BOLO DONA BENTA 450G";"7896005272022";"743"
"MISTURA BOLO DONA BENTA 450G FESTA : MISTURA BOLO DONA BENTA 450G";"7896005272060";"743"
"MISTURA BOLO DONA BENTA 450G CENOURA : MISTURA BOLO DONA BENTA 450G";"7896005280911";"743"
"MISTURA BOLINHO DE CHUVA YOKI 250G TRADICIONAL : MISTURA BOLINHO DE CHUVA YOKI 250G";"7891095001262";"33437"
"MISTO QUENTE KG : MISTO QUENTE KG";"8251";"67654"
"MIRTILOS BLUEBERRY 125G : MIRTILOS BLUEBERRY 125G";"7898963718017";"51711"
"MIRTILO CONGELADO COLUCI 500G : MIRTILO CONGELADO COLUCI 500G";"0618231610846";"69867"
"MINI VEGGIES NHAMI MAMI 18G GRAO BICO/CEN. : MINI VEGGIES NHAMI MAMI 18G";"7898965646080";"72097"
"MINI VEGGIES NHAMI MAMI 18G FEIJAO/ARROZ/CE : MINI VEGGIES NHAMI MAMI 18G";"7898965646097";"72097"
"MINI VEGGIES NHAMI MAMI 18G ERVILHA/BROC. : MINI VEGGIES NHAMI MAMI 18G";"7898965646073";"72097"
"MINI TEMAKI DE SALMAO 8UN : MINI TEMAKI DE SALMAO 8UN";"8772";"73883"
"MINI ROSCA TRANCADA GRESPAN KG : MINI ROSCA TRANCADA GRESPAN KG";"8418";"68741"
"MINI PUDIM LEITE CONDENSADO KG : MINI PUDIM LEITE CONDENSADO KG";"4847";"36464"
"MINI PIZZA PRESUNTO E MUSSARELA KG : MINI PIZZA PRESUNTO E MUSSARELA KG";"4962";"37262"
"MINI PASTEL FESTIVAL PALMITO KG : MINI PASTEL FESTIVAL PALMITO KG";"7339";"60089"
"MINI MIXER BEBIDAS PREMIUM ORIGINAL 21,5CM : MINI MIXER BEBIDAS PREMIUM ORIGINAL";"7899751108973";"62308"
"MINI CRACKER NATURAL LIFE 70G : MINI CRACKER NATURAL LIFE 70G";"7896256042818";"69101"
"MINI COLOMBA BAUDUCCO 80G FRUTAS CRIST. : MINI COLOMBA BAUDUCCO 80G";"7891962074795";"5252"
"MINI CHOCOTTONE KG : MINI CHOCOTTONE KG";"7359";"60306"
"MINI CHOCOLOMBA BAUDUCCO M&M'S 80G : MINI CHOCOLOMBA BAUDUCCO M&M'S 80G";"7891962074689";"15155"
"MINI CHOCOLOMBA BAUDUCCO 80G GOTAS CHOCOLATE : MINI CHOCOLOMBA BAUDUCCO 80G";"7891962074801";"15156"
"MINI CARACOL GRESPAN KG : MINI CARACOL GRESPAN KG";"8618";"71061"
"MINI BOMBOM KIBON ESKIBON 117ML : MINI BOMBOM KIBON ESKIBON 117ML";"7891075081215";"28856"
"MINI BISNAGA KG : MINI BISNAGA KG               ";"307";"2730"
"MILKSHAKE XUKY BRETZKE 270G MORANGO : MILKSHAKE XUKY BRETZKE 270G";"7898617210607";"43998"
"MILHO VERDE PICADO BANDEJA KG : MILHO VERDE PICADO BANDEJA KG";"533";"3046"
"MILHO VERDE BANDEJA UNIDADE : MILHO VERDE BANDEJA UNIDADE";"7898945820059";"2980"
"MILHO VAPOR FUGINI LATA 170G  : MILHO VAPOR FUGINI LATA 170G";"7897517209391";"12599"
"MILHO PREDILECTA SACHE 170G : MILHO PREDILECTA SACHE 170G";"7896292341098";"47000"
"MILHO PREDILECTA LATA 170G : MILHO PREDILECTA LATA 170G";"7896292340503";"7443"
"MILHO PIPOCA ZILIO 500G TIPO 1 : MILHO PIPOCA ZILIO 500G";"7896280400011";"1536"
"MILHO PIPOCA YOKI PREMIUM 400G : MILHO PIPOCA YOKI PREMIUM 400G";"7891095911349";"67787"
"MILHO PIPOCA YOKI 400G : MILHO PIPOCA YOKI 400G";"7891095911356";"67603"
"MILHO PIPOCA SIAMAR 400G  : MILHO PIPOCA SIAMAR 400G";"7896069511877";"1665"
"MILHO PIPOCA SIAMAR 250G : MILHO PIPOCA SIAMAR 250G";"7896069576623";"68710"
"MILHO PIPOCA PREMIUM ZILIO 500G  : MILHO PIPOCA PREMIUM ZILIO 500G";"7896280400707";"1523"
"MILHO PIPOCA PREMIUM SIAMAR 400G  : MILHO PIPOCA PREMIUM SIAMAR 400G";"7896069546800";"1664"
"MILHO CONSERVA QUERO SACHE 170G : MILHO CONSERVA QUERO SACHE 170G";"7896102582239";"40125"
"MILHO CONSERVA QUERO LATA 170G  : MILHO CONSERVA QUERO LATA 170G";"7896102501155";"2959"
"MILHO CONSERVA FUGINI SACHE 170G : MILHO CONSERVA FUGINI SACHE 170G";"7897517209544";"12601"
"MILHO ¨PREDILECTA SACHE 1,7KG : MILHO ¨PREDILECTA SACHE 1,7KG";"7896292341425";"70831"
"MILHARINA QUAKER 500G PACOTE : MILHARINA QUAKER 500G";"7894321632032";"4756"
"MEXEDOR DE CAFE JUNCO 100UN 7,5CM : MEXEDOR DE CAFE JUNCO 100UN";"7896523116464";"54177"
"MEU TEMPERO ZILIO 50G SALADAS : MEU TEMPERO ZILIO 50G";"7896280402145";"23873"
"MEU TEMPERO ZILIO 50G NORDESTE : MEU TEMPERO ZILIO 50G";"7896280402152";"23873"
"MEU TEMPERO ZILIO 50G MASSAS : MEU TEMPERO ZILIO 50G";"7896280402114";"23873"
"MEU TEMPERO ZILIO 50G LEGUMES : MEU TEMPERO ZILIO 50G";"7896280402121";"23873"
"MEU TEMPERO ZILIO 50G FEIJAO : MEU TEMPERO ZILIO 50G";"7896280402138";"23873"
"MEU TEMPERO ZILIO 50G CARNES : MEU TEMPERO ZILIO 50G";"7896280402091";"23873"
"MEU TEMPERO ZILIO 50G AVES : MEU TEMPERO ZILIO 50G";"7896280402107";"23873"
"MEU TEMPERO ZILIO 50G ARROZ BRANCO : MEU TEMPERO ZILIO 50G";"7896280402275";"23873"
"MEU PRIMEIRO LANCHINHO MUCILON 35G TOMATE : MEU PRIMEIRO LANCHINHO MUCILON 35G";"7891000320297";"58220"
"MEU PRIMEIRO LANCHINHO MUCILON 35G MORANGO/BANANA : MEU PRIMEIRO LANCHINHO MUCILON 35G";"7891000369159";"58220"
"MEU PRIMEIRO LANCHINHO MUCILON 35G MILHO : MEU PRIMEIRO LANCHINHO MUCILON 35G";"7891000320242";"58220"
"MEU PRIMEIRO LANCHINHO MUCILON 35G LARANJA/BANANA : MEU PRIMEIRO LANCHINHO MUCILON 35G";"7891000369203";"58220"
"MERENGUE KG : MERENGUE KG                   ";"3547";"30824"
"MENTOS PASTILHA KISS SOUR 38,5G MORANGO : MENTOS PASTILHA KISS SOUR 38,5G";"7895144404189";"65446"
"MENTOS PASTILHA KISS LATA 35G MORANGO : MENTOS PASTILHA KISS LATA 35G";"7895144605685";"38858"
"MENTOS PASTILHA KISS LATA 35G MINT : MENTOS PASTILHA KISS LATA 35G";"7895144605678";"38858"
"MENTOS 30 MINUTOS 21G ORANGEMINT : MENTOS 30 MINUTOS 21G";"80918745";"66623"
"MENDORATO SANTA HELENA 90G : MENDORATO SANTA HELENA 90G";"7896336016159";"73800"
"MENDORATO SANTA HELENA 70G : MENDORATO SANTA HELENA 70G";"7896336000530";"37322"
"MENDORATO SANTA HELENA 400G : MENDORATO SANTA HELENA 400G";"7896336010010";"45147"
"MENDORATO SANTA HELENA 200G : MENDORATO SANTA HELENA 200G";"7896336000295";"1677"
"MENDORATO SANTA HELENA 150G : MENDORATO SANTA HELENA 150G";"7896336016074";"48222"
"MELAO SAPO KG : MELAO SAPO KG";"914";"2694"
"MELAO REI KG : MELAO REI KG";"941";"2692"
"MELAO REDINHA KG : MELAO REDINHA KG";"2564";"15315"
"MELAO ORANGE KG : MELAO ORANGE KG";"924";"2689"
"MELAO CEPI ESPANHOL KG : MELAO CEPI ESPANHOL KG";"6622";"52982"
"MELAO AMARELO KG : MELAO AMARELO KG";"530";"2683"
"MELAO AMARELO FATIADO KG : MELAO AMARELO FATIADO KG";"1299";"10972"
"MELANCIA PICADA KG : MELANCIA PICADA KG";"7126";"58353"
"MELANCIA KG : MELANCIA KG";"528";"2677"
"MELANCIA FATIAS KG : MELANCIA FATIAS KG";"1297";"10970"
"MELANCIA BABY KG : MELANCIA BABY KG";"916";"2680"
"MELANCIA BABY AMARELA KG : MELANCIA BABY AMARELA KG";"7131";"58375"
"MELADO HOMEMADE BISNAGA 280G : MELADO HOMEMADE BISNAGA 280G";"7898002470463";"69180"
"MEL TATITANIA 270G : MEL TATITANIA 270G";"7898022774824";"70489"
"MEL FAZENDA MUSSATO 500G : MEL FAZENDA MUSSATO 500G";"7898095380137";"4126"
"MEL FAZENDA MUSSATO 250G : MEL FAZENDA MUSSATO 250G";"7898095386207";"56462"
"MEL COM FAVO FAZENDA MUSSATO 500G : MEL COM FAVO FAZENDA MUSSATO 500G";"7898095380281";"1046"
"MEIO FRANGO ASSADO COM FAROFA UN : MEIO FRANGO ASSADO COM FAROFA UN";"8693";"72499"
"MEIO DA ASA TEMPERADA KG : MEIO DA ASA TEMPERADA KG";"3089";"24962"
"MEIO DA ASA TEMPERADA COPACOL 1KG SABOR CASEIRO : MEIO DA ASA TEMPERADA COPACOL 1KG";"7891527057928";"31473"
"MEIO DA ASA TEMP. NUTRIBEM 1KG (TULIPA) : MEIO DA ASA TEMP. NUTRIBEM 1KG";"7898905837462";"53351"
"MEIO DA ASA TEMP (TULIPA) GONZ 1KG : MEIO DA ASA TEMP (TULIPA) GONZ 1KG";"7898947146195";"67929"
"MEIO DA ASA SADIA PACOTE 1KG  : MEIO DA ASA SADIA PACOTE 1KG";"7893000488953";"5427"
"MEIO DA ASA COPACOL IQF 800G  : MEIO DA ASA COPACOL IQF 800G";"7891527962277";"31474"
"MEDIDOR PLASUTIL 4 PECAS 2844 : MEDIDOR PLASUTIL 4 PECAS 2844";"7896042028446";"29013"
"MEDALHAO MANDIOCA KG : MEDALHAO MANDIOCA KG";"6678";"53461"
"MEDALHAO FRANGO KG : MEDALHAO FRANGO KG";"136";"3232"
"MAXMALLOWS DOCILE RECHEADO 135G UNICORNIO : MAXMALLOWS DOCILE RECHEADO 135G";"7896451922229";"67549"
"MAXMALLOWS DOCILE 150G TWIST COLOR : MAXMALLOWS DOCILE 150G";"7896451922250";"67547"
"MAXMALLOWS DOCILE 150G TUBO TORCAO : MAXMALLOWS DOCILE 150G";"7896451922199";"67547"
"MAXMALLOWS DOCILE 150G TUBO BRANCO : MAXMALLOWS DOCILE 150G";"7896451922205";"67547"
"MAXI DUCHA LORENZETTI 5500W 220V : MAXI DUCHA LORENZETTI 5500W";"7896451825230";"282"
"MAXI DUCHA LORENZETTI 5500W 127V : MAXI DUCHA LORENZETTI 5500W";"7896451825216";"282"
"MAX POWER PROTEIN CRISP 44G MILK CARAMEL : MAX POWER PROTEIN CRISP 44G";"7899941206304";"70808"
"MAX POWER PROTEIN CRISP 44G FR. VERMELHAS : MAX POWER PROTEIN CRISP 44G";"7899941206281";"70808"
"MAX POWER PROTEIN CRISP 44G DARK CHOC TRUFF : MAX POWER PROTEIN CRISP 44G";"7899941206267";"70808"
"MATA BARATAS BUZZ SPRAY 300ML : MATA BARATAS BUZZ SPRAY 300ML";"7898567702559";"66011"
"MAT INSET GEL MATA FORMIGAS 10G : MAT INSET GEL MATA FORMIGAS 10G";"7908324405316";"74131"
"MAT INSET GEL MATA BARATAS 10G : MAT INSET GEL MATA BARATAS 10G";"7908324405699";"74130"
"MASSA POLIR TIRA RISCOS LUXCAR 500G  : MASSA POLIR TIRA RISCOS LUXCAR 500G";"7896498542688";"74615"
"MASSA POLIR PROAUTO Nº2 500G BASE D'AGUA : MASSA POLIR PROAUTO Nº2 500G";"7897520015989";"33882"
"MASSA PIZZA SO MASSAS 400G 2 UN : MASSA PIZZA SO MASSAS 400G";"7897387800094";"8496"
"MASSA PIZZA PIZZAOLA 280G  : MASSA PIZZA PIZZAOLA 280G";"7897206800014";"11988"
"MASSA PASTEL/LASANHA SO MASSAS 500G COM OVOS : MASSA PASTEL/LASANHA SO MASSAS 500G";"7897387800100";"5338"
"MASSA PASTEL SO MASSAS 400G  : MASSA PASTEL SO MASSAS 400G";"7897387800032";"5071"
"MASSA PASTEL SO MASSAS 200G  : MASSA PASTEL SO MASSAS 200G";"7897387800087";"1959"
"MASSA PASTEL SO MASSAS 1KG  : MASSA PASTEL SO MASSAS 1KG";"7897387800049";"5067"
"MASSA PASTEL ROLO MASSA LEVE 1KG : MASSA PASTEL ROLO MASSA LEVE 1KG";"7896228100171";"36253"
"MASSA PASTEL PIZZAOLA DISCAO 500G  : MASSA PASTEL PIZZAOLA DISCAO 500G";"7897206800069";"1956"
"MASSA PASTEL PIZZAOLA 500G  : MASSA PASTEL PIZZAOLA 500G";"7897206800090";"1954"
"MASSA PASTEL PIZZAOLA 1KG  : MASSA PASTEL PIZZAOLA 1KG";"7897206800168";"1953"
"MASSA PASTEL OVOS SO MASSAS 500G  : MASSA PASTEL OVOS SO MASSAS 500G";"7897387800155";"8331"
"MASSA PASTEL DISCAO SO MASSAS 500G CUMBUCA : MASSA PASTEL DISCAO SO MASSAS 500G";"7897387800223";"1958"
"MASSA PASTEL DISCAO MEZZANI 500G : MASSA PASTEL DISCAO MEZZANI 500G";"7896216100046";"1949"
"MASSA PASTEL CUMBUCA MEZZANI 200G 13 UNIDADES : MASSA PASTEL CUMBUCA MEZZANI 200G";"7896216100022";"1944"
"MASSA PASTEL CIA MASSAS 2KG : MASSA PASTEL CIA MASSAS 2KG";"7898065550102";"39801"
"MASSA PASTEL CHEF 2KG : MASSA PASTEL CHEF 2KG";"7897844300624";"42923"
"MASSA PARA YAKISSOBA MEZZANI 500G : MASSA PARA YAKISSOBA MEZZANI 500G";"7896216100886";"36167"
"MASSA PANQUECA SO MASSAS 300G  : MASSA PANQUECA SO MASSAS 300G";"7897387800216";"59736"
"MASSA MINI PIZZA SO MASSAS 300G : MASSA MINI PIZZA SO MASSAS 300G";"7897387800360";"1964"
"MASSA MINI PIZZA MEZZANI 400G : MASSA MINI PIZZA MEZZANI 400G";"7896216100053";"1951"
"MASSA LASANHA PIZZAOLA 500G  : MASSA LASANHA PIZZAOLA 500G";"7897206800618";"1957"
"MASSA LASANHA PETYBON TRAD. 200G : MASSA LASANHA PETYBON TRAD. 200G";"7896005271377";"1587"
"MASSA LASANHA PETYBON COM OVOS 500G : MASSA LASANHA PETYBON COM OVOS 500G";"7896005278314";"36190"
"MASSA LASANHA FORNO SO MASSAS 500G : MASSA LASANHA FORNO SO MASSAS 500G";"7897387800056";"1961"
"MASSA LASANHA DONA BENTA 500G COM OVOS : MASSA LASANHA DONA BENTA 500G";"7896005281673";"73360"
"MASSA LASANHA COZIDA SO MASSAS 500G : MASSA LASANHA COZIDA SO MASSAS 500G";"7897387800186";"1962"
"MASSA LASANHA BARILLA 200G COM OVOS : MASSA LASANHA BARILLA 200G";"7898951850217";"37291"
"MASSA FOLHADA AROSA 400G SEMILAMINADA : MASSA FOLHADA AROSA 400G";"7896091270018";"73971"
"MASSA ARROZ KARUI 70G  : MASSA ARROZ KARUI 70G";"7898270967146";"70044"
"MASSA ARROZ KARUI 500G  : MASSA ARROZ KARUI 500G";"7898270966989";"70076"
"MASSA ARROZ KARUI 200G  : MASSA ARROZ KARUI 200G";"7898270966965";"70040"
"MASCARA VULT 250G. LISO : MASCARA VULT 250G.";"7899852023588";"68717"
"MASCARA VULT 250G. EXP.FORCA : MASCARA VULT 250G.";"7899852024936";"68717"
"MASCARA TRATAMENTO TRESEMME 400G BLINDAGEM ANT. : MASCARA TRATAMENTO TRESEMME 400G";"7891150100350";"36859"
"MASCARA TRATAMENTO SEDA 300G TOQUE DE SEDA : MASCARA TRATAMENTO SEDA 300G";"7891150101579";"52594"
"MASCARA TRATAMENTO SEDA 300G LUMINOUS UV : MASCARA TRATAMENTO SEDA 300G";"7891150099883";"52594"
"MASCARA TRATAMENTO SEDA 300G COLAGENO : MASCARA TRATAMENTO SEDA 300G";"7891150080119";"52594"
"MASCARA TRATAMENTO OX 500G PEPTIDEOS : MASCARA TRATAMENTO OX 500G";"7908324408775";"73322"
"MASCARA TRATAMENTO OX 300G NUTRE : MASCARA TRATAMENTO OX 300G";"7897664169685";"70033"
"MASCARA TRATAMENTO OX 300G HIDRATA : MASCARA TRATAMENTO OX 300G";"7908324406382";"70033"
"MASCARA TRATAMENTO OX 300G GLICOLICO : MASCARA TRATAMENTO OX 300G";"7908324408720";"70033"
"MASCARA TRATAMENTO OX 190G VITA GLOW : MASCARA TRATAMENTO OX 190G";"7908324405163";"70032"
"MASCARA PANTENE INTENSIVA 270ML RESTAURACAO : MASCARA PANTENE INTENSIVA 270ML";"7501006740219";"53376"
"MASCARA INSTANTANEA NEUTROX 200ML SOL MAR PISCINA : MASCARA INSTANTANEA NEUTROX 200ML";"7908324407655";"73329"
"MASCARA EUDORA SIAGE 250G REVELA CACHOS : MASCARA EUDORA SIAGE 250G";"7891033534708";"68586"
"MASCARA EUDORA SIAGE 250G RESG. IMEDIATO : MASCARA EUDORA SIAGE 250G";"7891033558049";"68586"
"MASCARA EUDORA SIAGE 250G RECONST FIOS : MASCARA EUDORA SIAGE 250G";"7891033535217";"68586"
"MASCARA EUDORA SIAGE 250G PRO CRONOLOGY : MASCARA EUDORA SIAGE 250G";"7891033533558";"68586"
"MASCARA EUDORA SIAGE 250G OLEOS PODEROSOS : MASCARA EUDORA SIAGE 250G";"7891033931057";"68586"
"MASCARA EUDORA SIAGE 250G NUTRI ROSE : MASCARA EUDORA SIAGE 250G";"7891033534371";"68586"
"MASCARA EUDORA SIAGE 250G LISO INTENSO : MASCARA EUDORA SIAGE 250G";"7891033535002";"68586"
"MASCARA EUDORA SIAGE 250G GLOW EXPERT : MASCARA EUDORA SIAGE 250G";"7891033471775";"68586"
"MASCARA EUDORA SIAGE 250G CICA THERAPY : MASCARA EUDORA SIAGE 250G";"7891033473649";"68586"
"MASCARA EUDORA SIAGE 250G CAUTER. LISOS : MASCARA EUDORA SIAGE 250G";"7891033517497";"68586"
"MASCARA DOVE NUTRICAO 500G TEXTURA REAIS : MASCARA DOVE NUTRICAO 500G";"7891150084803";"62170"
"MASCARA DOVE NUTRICAO 500G RECON.QUERATI : MASCARA DOVE NUTRICAO 500G";"7891150096745";"62170"
"MARTINI 750ML ROSATO : MARTINI 750ML";"7891125000081";"13425"
"MARTINI 750ML BIANCO : MARTINI 750ML";"7891125000074";"13425"
"MARTELO PARA CARNE BOA : MARTELO PARA CARNE BOA";"7897606030103";"43199"
"MARSHMALLOWS RECHEADINHO FINI 200G TORCAO : MARSHMALLOWS RECHEADINHO FINI 200G";"7908228803874";"59039"
"MARSHMALLOWS RECHEADINHO FINI 200G ROSA/BRANCO : MARSHMALLOWS RECHEADINHO FINI 200G";"7908228803867";"59039"
"MARSHMALLOWS RECHEADINHO FINI 200G AZUL/BRANCO : MARSHMALLOWS RECHEADINHO FINI 200G";"7908228803898";"59039"
"MARSHMALLOWS FINI CAMPING 200G ORIGINAL : MARSHMALLOWS FINI CAMPING 200G";"7908228803881";"48337"
"MARSHMALLOWS FINI 80G MARSHMALLOWS FI : MARSHMALLOWS FINI 80G";"7898279791162";"50132"
"MARSHMALLOWS FINI 200G TORCAO : MARSHMALLOWS FINI 200G";"7908228803904";"39723"
"MARROM GLACE PREDILECTA 350G : MARROM GLACE PREDILECTA 350G";"7896292302884";"741"
"MARMITEX UN : MARMITEX UN";"1365";"11014"
"MARMITA PLASUTIL TRAVA DEC 850ML 13422 - FITNESS : MARMITA PLASUTIL TRAVA DEC 850ML";"7899808881569";"50942"
"MARMITA PLASUTIL TRAVA 630ML REI LEAO : MARMITA PLASUTIL TRAVA 630ML";"7899808838150";"67629"
"MARMITA PLASUTIL TRAVA 630ML PATRULHA CANINA : MARMITA PLASUTIL TRAVA 630ML";"7899808860991";"67629"
"MARMITA FIT NITRON TRANSLUC 650ML : MARMITA FIT NITRON TRANSLUC 650ML";"7896779617029";"67151"
"MARIA MOLE TRADICIONAL KG : MARIA MOLE TRADICIONAL KG";"1618";"2841"
"MARIA MOLE DR.OETKER 50G COCO : MARIA MOLE DR.OETKER 50G";"7891048051054";"1231"
"MARIA MOLE BRETZKE 50G COCO : MARIA MOLE BRETZKE 50G";"7896072058185";"43384"
"MARGARINA QUALY VITA 500G SEM SAL : MARGARINA QUALY VITA 500G";"7891515520656";"10325"
"MARGARINA QUALY VITA 500G COM SAL : MARGARINA QUALY VITA 500G";"7891515520632";"10325"
"MARGARINA QUALY SEM SAL 500G : MARGARINA QUALY SEM SAL 500G";"7893000383005";"1919"
"MARGARINA QUALY LIGHT 500G COM SAL : MARGARINA QUALY LIGHT 500G";"7893000502888";"1902"
"MARGARINA QUALY CREMOSA 1KG EMB. ECONOMICA : MARGARINA QUALY CREMOSA 1KG";"7893000080485";"35485"
"MARGARINA QUALY COM SAL 500G : MARGARINA QUALY COM SAL 500G";"7893000394209";"59865"
"MARGARINA QUALY 250G SEM SAL : MARGARINA QUALY 250G";"7893000382961";"8328"
"MARGARINA QUALY 250G COM SAL : MARGARINA QUALY 250G";"7893000394117";"8328"
"MARGARINA QUALY 250G - ED. LIMITADA COM SAL : MARGARINA QUALY 250G - ED. LIMITADA";"7891515537531";"54049"
"MARGARINA DORIANA SEM SAL 500G : MARGARINA DORIANA SEM SAL 500G";"7894904571963";"1917"
"MARGARINA DORIANA LIGHT 500G COM SAL : MARGARINA DORIANA LIGHT 500G";"7894904571949";"1897"
"MARGARINA DORIANA COM SAL 500G : MARGARINA DORIANA COM SAL 500G";"7894904571956";"61856"
"MARGARINA DORIANA 250G SEM SAL : MARGARINA DORIANA 250G";"7894904577675";"1916"
"MARGARINA DORIANA 250G COM SAL : MARGARINA DORIANA 250G";"7894904574780";"1916"
"MARGARINA DORIANA 1KG COM SAL : MARGARINA DORIANA 1KG";"7894904929658";"43001"
"MARGARINA DELICIA CREME LEITE 500G SEM SAL : MARGARINA DELICIA CREME LEITE 500G";"7894904271566";"1918"
"MARGARINA DELICIA CREME LEITE 500G COM SAL : MARGARINA DELICIA CREME LEITE 500G";"7894904271528";"1918"
"MARGARINA DELICATA 50% 500G COM SAL : MARGARINA DELICATA 50% 500G";"7894904268726";"62701"
"MARGARINA CLAYBOM CREMOSA 500G SEM SAL : MARGARINA CLAYBOM CREMOSA 500G";"7891515979355";"29948"
"MARGARINA CLAYBOM CREMOSA 500G COM SAL : MARGARINA CLAYBOM CREMOSA 500G";"7891515901059";"29948"
"MARGARINA CLAYBOM CREMOSA 250G COM SAL : MARGARINA CLAYBOM CREMOSA 250G";"7891515901066";"29952"
"MARGARINA BECEL SEM SAL 500G : MARGARINA BECEL SEM SAL 500G";"7891515555252";"60500"
"MARGARINA BECEL ORIGINAL 250G SEM SAL : MARGARINA BECEL ORIGINAL 250G";"7891515555269";"7998"
"MARGARINA BECEL ORIGINAL 250G COM SAL : MARGARINA BECEL ORIGINAL 250G";"7891515555245";"7998"
"MARGARINA BECEL COM SAL 500G : MARGARINA BECEL COM SAL 500G";"7891515555337";"5101"
"MARACUJA KG : MARACUJA KG";"526";"2674"
"MARACUJA DOCE KG : MARACUJA DOCE KG";"913";"2675"
"MANTEIGA ZERO LACT. PIRACANJ. 200G COM SAL : MANTEIGA ZERO LACT. PIRACANJ. 200G";"7898215151425";"52234"
"MANTEIGA PIRACANJUBA 500G SEM SAL : MANTEIGA PIRACANJUBA 500G";"7898215151487";"46809"
"MANTEIGA PIRACANJUBA 500G COM SAL : MANTEIGA PIRACANJUBA 500G";"7898215151319";"46809"
"MANTEIGA PIRACANJUBA 200G SEM SAL : MANTEIGA PIRACANJUBA 200G";"7898215151470";"46807"
"MANTEIGA PIRACANJUBA 200G COM SAL : MANTEIGA PIRACANJUBA 200G";"7898215151302";"46807"
"MANTEIGA MATILAT TABLETE 200G SEM SAL : MANTEIGA MATILAT TABLETE 200G";"7896238103018";"8006"
"MANTEIGA MATILAT TABLETE 200G COM SAL : MANTEIGA MATILAT TABLETE 200G";"7896238103025";"8006"
"MANTEIGA ITAMBE 200G COM SAL : MANTEIGA ITAMBE 200G";"7896051135456";"59062"
"MANTEIGA EXTRA MATILAT POTE 200G SEM SAL : MANTEIGA EXTRA MATILAT POTE 200G";"7896238101274";"38694"
"MANTEIGA EXTRA MATILAT POTE 200G COM SAL : MANTEIGA EXTRA MATILAT POTE 200G";"7896238101267";"38694"
"MANTEIGA DAVACA ZERO LACTOSE 200G COM SAL : MANTEIGA DAVACA ZERO LACTOSE 200G";"7897318573301";"57777"
"MANTEIGA DAVACA 200G SEM SAL : MANTEIGA DAVACA 200G";"7897318573288";"44822"
"MANTEIGA DAVACA 200G COM SAL : MANTEIGA DAVACA 200G";"7897318507016";"44822"
"MANTEIGA COCO COPRA 200G : MANTEIGA COCO COPRA 200G";"7898596081915";"66862"
"MANTEIGA AVIACAO TABLETE 200G SEM SAL : MANTEIGA AVIACAO TABLETE 200G";"7896331100136";"1899"
"MANTEIGA AVIACAO TABLETE 200G COM SAL : MANTEIGA AVIACAO TABLETE 200G";"7896331100143";"1899"
"MANTEIGA AVIACAO POTE 200G SEM SAL : MANTEIGA AVIACAO POTE 200G";"7896331100389";"1884"
"MANTEIGA AVIACAO POTE 200G COM SAL : MANTEIGA AVIACAO POTE 200G";"7896331100310";"1884"
"MANTEGUEIRA PLASUTIL GLAMOUR 14212 : MANTEGUEIRA PLASUTIL GLAMOUR";"7899808871898";"64970"
"MANJUBA INTEIRA IGLU 800G : MANJUBA INTEIRA IGLU 800G";"7898937200081";"8467"
"MANJERICAO ZILIO 7G : MANJERICAO ZILIO 7G";"7896280400783";"1429"
"MANJERICAO UNID. : MANJERICAO UNID.";"6786";"54683"
"MANJERICAO SIAMAR 10G : MANJERICAO SIAMAR 10G";"7896069542956";"3561"
"MANJAR TRADICIONAL KG : MANJAR TRADICIONAL KG";"1604";"2833"
"MANGUEIRA PLASTIMAR TRANCADA 15M : MANGUEIRA PLASTIMAR TRANCADA 15M";"7897468603965";"61453"
"MANGUEIRA P/ GAS 80CM NEDO REF. 212 : MANGUEIRA P/ GAS 80CM NEDO REF. 212";"7896619802127";"9773"
"MANGUEIRA MASTER COM SUPORTE 20M : MANGUEIRA MASTER COM SUPORTE 20M";"7897468603880";"68773"
"MANGA TOMMY KG : MANGA TOMMY KG";"1630";"2672"
"MANGA TOMMY FATIADA BANDEJA KG : MANGA TOMMY FATIADA BANDEJA KG";"1853";"2508"
"MANGA PICADA KG : MANGA PICADA KG";"7128";"58355"
"MANGA PALMER KG : MANGA PALMER KG";"1625";"2667"
"MANDIOQUINHA LIMPA BANDEJA KG : MANDIOQUINHA LIMPA BANDEJA KG";"758";"3045"
"MANDIOQUINHA LIMPA BANDEJA 200G : MANDIOQUINHA LIMPA BANDEJA 200G";"7955";"64733"
"MANDIOQUINHA KG : MANDIOQUINHA KG";"522";"2663"
"MANDIOPA KARUI 80G : MANDIOPA KARUI 80G";"7898270967030";"70039"
"MANDIOCA PRE COZIDA JR FRUTAS 500G : MANDIOCA PRE COZIDA JR FRUTAS 500G";"9781000000283";"64210"
"MANDIOCA KG : MANDIOCA KG";"520";"5977"
"MANDIOCA GRATINADA KG : MANDIOCA GRATINADA KG";"7108";"58125"
"MANDIOCA DESCASCADA 1KG : MANDIOCA DESCASCADA 1KG";"7898931324035";"34196"
"MANACA DA SERRA 2,8L : MANACA DA SERRA 2,8L";"7890291235853";"39437"
"MAMINHA SULBEEF PECA KG : MAMINHA SULBEEF PECA KG";"7017";"10785"
"MAMINHA BARRA MANSA PCT KG : MAMINHA BARRA MANSA PCT KG";"4610";"34879"
"MAMAO PAPAIA KG : MAMAO PAPAIA KG";"519";"2661"
"MAMAO FORMOSA PICADO KG : MAMAO FORMOSA PICADO KG";"6582";"52523"
"MAMAO FORMOSA KG : MAMAO FORMOSA KG";"518";"2659"
"MAMADEIRA NEOPAN SUPER CLEAN 300ML ROSA : MAMADEIRA NEOPAN SUPER CLEAN 300ML";"7896036527023";"53124"
"MAMADEIRA NEOPAN PANF. ORTO 250ML ROSA : MAMADEIRA NEOPAN PANF. ORTO 250ML";"7896036521526";"53123"
"MAMADEIRA NEOPAN PANF. ORTO 140ML AZUL : MAMADEIRA NEOPAN PANF. ORTO 140ML";"7896036521618";"45726"
"MAMADEIRA NEOPAN PAN SUPER ORTO 300ML - AZUL : MAMADEIRA NEOPAN PAN SUPER ORTO";"7896036526545";"42484"
"MAMADEIRA NEOPAN COM ALCA 250ML ROSA : MAMADEIRA NEOPAN COM ALCA 250ML";"7896036520024";"42477"
"MAMADEIRA NEOPAN COM ALCA 250ML AZUL : MAMADEIRA NEOPAN COM ALCA 250ML";"7896036520017";"42477"
"MAMADEIRA NEOPAN COLOR ORTO 240ML ROSA : MAMADEIRA NEOPAN COLOR ORTO 240ML";"7896036524121";"42482"
"MAMADEIRA NEOPAN COLOR ORTO 240ML AZUL : MAMADEIRA NEOPAN COLOR ORTO 240ML";"7896036524114";"42482"
"MAMADEIRA NEOPAN COLOR 240ML ROSA : MAMADEIRA NEOPAN COLOR 240ML";"7896036524527";"42483"
"MAMADEIRA NEOPAN COLOR 240ML AZUL : MAMADEIRA NEOPAN COLOR 240ML";"7896036524510";"42483"
"MAMADEIRA BOCA LARGA ORTO NEOPAN AZUL - 300ML : MAMADEIRA BOCA LARGA ORTO NEOPAN";"7896036527313";"73808"
"MAIZENA AMIDO DE MILHO L500G P380G : MAIZENA AMIDO DE MILHO L500G P380G";"7891150066106";"54402"
"MAIZENA AMIDO DE MILHO L200G P150G : MAIZENA AMIDO DE MILHO L200G P150G";"7891150055070";"48256"
"MAIZENA AMIDO DE MILHO 500G : MAIZENA AMIDO DE MILHO 500G";"7894000010021";"772"
"MAIZENA AMIDO DE MILHO 200G TRADICIONAL : MAIZENA AMIDO DE MILHO 200G";"7894000010014";"771"
"MAIONESE QUERO TRADICIONAL 495G : MAIONESE QUERO TRADICIONAL 495G";"7896102584998";"37816"
"MAIONESE PREDILECTA SACHE 200G TRADICIONAL : MAIONESE PREDILECTA SACHE 200G";"7896292360433";"46704"
"MAIONESE PREDILECTA SACHE 1,02KG : MAIONESE PREDILECTA SACHE 1,02KG";"7896292302693";"70828"
"MAIONESE LIZA TRADICIONAL 450G : MAIONESE LIZA TRADICIONAL 450G";"7896036099742";"2218"
"MAIONESE KG : MAIONESE KG";"134";"4642"
"MAIONESE HEMMER TRADICIONAL 930G : MAIONESE HEMMER TRADICIONAL 930G";"7891031412091";"46080"
"MAIONESE HEMMER TRADICIONAL 670G : MAIONESE HEMMER TRADICIONAL 670G";"7891031412138";"58999"
"MAIONESE HEMMER TRADICIONAL 290G : MAIONESE HEMMER TRADICIONAL 290G";"7891031412022";"39337"
"MAIONESE HELLMANNS VERDE 335G : MAIONESE HELLMANNS VERDE 335G";"7891150079892";"58310"
"MAIONESE HELLMANNS TRADICIONAL 750G SQUEEZE : MAIONESE HELLMANNS TRADICIONAL 750G";"7891150081208";"60644"
"MAIONESE HELLMANNS TRADICIONAL 500G : MAIONESE HELLMANNS TRADICIONAL 500G";"7894000050034";"2243"
"MAIONESE HELLMANNS TRADICIONAL 335G BISNAGA : MAIONESE HELLMANNS TRADICIONAL 335G";"7891150027800";"34712"
"MAIONESE HELLMANNS TRADICIONAL 250G : MAIONESE HELLMANNS TRADICIONAL 250G";"7894000050027";"2251"
"MAIONESE HELLMANNS SUPREME 330G : MAIONESE HELLMANNS SUPREME 330G";"7891150080546";"62166"
"MAIONESE HELLMANN'S SACHE 700G TRADICIONAL : MAIONESE HELLMANN'S SACHE 700G";"7891150045255";"45419"
"MAIONESE HELLMANNS SACHE 400G TRADICIONAL : MAIONESE HELLMANNS SACHE 400G";"7891150056916";"49032"
"MAIONESE HELLMANNS SACHE 200G TRADICIONAL : MAIONESE HELLMANNS SACHE 200G";"7894000030470";"3598"
"MAIONESE HELLMANNS LIMAO 500G : MAIONESE HELLMANNS LIMAO 500G";"7894000050539";"2245"
"MAIONESE HELLMANNS LIGHT 500G : MAIONESE HELLMANNS LIGHT 500G";"7894000050720";"962"
"MAIONESE HELLMANNS LIGHT 335G SQUEEZE : MAIONESE HELLMANNS LIGHT 335G";"7891150089501";"64286"
"MAIONESE HELLMANNS CHURRASCO 335G SQUEEZE : MAIONESE HELLMANNS CHURRASCO 335G";"7891150090835";"66918"
"MAIONESE HELLMANNS CHIPOTLE 335G : MAIONESE HELLMANNS CHIPOTLE 335G";"7891150079908";"58311"
"MAIONESE HELLMANNS BAG 2,8KG : MAIONESE HELLMANNS BAG 2,8KG";"7894000061719";"3454"
"MAIONESE HELLMANNS ALHO 335G : MAIONESE HELLMANNS ALHO 335G";"7891150096462";"69987"
"MAIONESE HEINZ SABORES 215G PAPRICA DEF : MAIONESE HEINZ SABORES 215G";"7896102502084";"64620"
"MAIONESE HEINZ SABORES 215G ALHO TOSTADO : MAIONESE HEINZ SABORES 215G";"7896102502077";"64620"
"MAIONESE HEINZ 390G : MAIONESE HEINZ 390G";"7896102594010";"39671"
"MAIONESE HEINZ 215G : MAIONESE HEINZ 215G";"7896102594041";"33185"
"MAIONESE ARISCO TRADICIONAL 500G : MAIONESE ARISCO TRADICIONAL 500G";"7891700206921";"2268"
"MAGNUM BITES CLASSICO 92G : MAGNUM BITES CLASSICO 92G";"7891150066175";"53402"
"MACRON KG : MACRON KG";"4074";"32315"
"MAC'N CHEESE HOT BOWLS SADIA 300G CHEDDAR/CALABR. : MAC'N CHEESE HOT BOWLS SADIA 300G";"7891515605704";"54047"
"MAC'N CHEESE HOT BOWLS SADIA 300G CHEDDAR/BACON : MAC'N CHEESE HOT BOWLS SADIA 300G";"7891515606312";"54047"
"MAC'N CHEESE HOT BOWLS SADIA 300G CHEDDAR : MAC'N CHEESE HOT BOWLS SADIA 300G";"7891515606329";"54047"
"MACARRAO YAKISSOBA FINO KARUI 500G : MACARRAO YAKISSOBA FINO KARUI 500G";"7898270967535";"70075"
"MACARRAO VENTURELLI GRAVATA 400G : MACARRAO VENTURELLI GRAVATA 400G";"7896534405458";"70540"
"MACARRAO SEMOLA STA FELICIDADE 500G PENNE : MACARRAO SEMOLA STA FELICIDADE 500G";"7896423700220";"43887"
"MACARRAO SEMOLA STA FELICIDADE 500G PARAFUSO : MACARRAO SEMOLA STA FELICIDADE 500G";"7896423702828";"43887"
"MACARRAO SEMOLA STA FELICIDADE 500G ESPAGUETE : MACARRAO SEMOLA STA FELICIDADE 500G";"7896423702811";"43887"
"MACARRAO RENATA TRICOLORI OVOS 500G PENA : MACARRAO RENATA TRICOLORI OVOS 500G";"7896022203702";"9452"
"MACARRAO RENATA SEMOLA OVOS 500G. ESPAGUETE 8 : MACARRAO RENATA SEMOLA OVOS 500G.";"7896022200282";"6872"
"MACARRAO RENATA SEMOLA OVOS 500G NINHO 2 : MACARRAO RENATA SEMOLA OVOS 500G";"7896022200244";"9456"
"MACARRAO PETYBON OVOS 500G. ESPAGUETINHO : MACARRAO PETYBON OVOS 500G.";"7897721410019";"54179"
"MACARRAO PETYBON OVOS 500G. ESPAGUETE : MACARRAO PETYBON OVOS 500G.";"7897721410002";"54179"
"MACARRAO PETYBON OVOS 500G PENNE : MACARRAO PETYBON OVOS 500G";"7897721410095";"69925"
"MACARRAO PETYBON OVOS 500G PARAFUSO : MACARRAO PETYBON OVOS 500G";"7897721410071";"69925"
"MACARRAO PARISIENSE KG : MACARRAO PARISIENSE KG";"7860";"63866"
"MACARRAO NISSIN YAKISSOBA 500G : MACARRAO NISSIN YAKISSOBA 500G";"7891079011515";"2279"
"MACARRAO NISSIN TURMA DA MONICA 85G TOMATE : MACARRAO NISSIN TURMA DA MONICA 85G";"7891079001028";"2100"
"MACARRAO NISSIN TURMA DA MONICA 85G GALINHA : MACARRAO NISSIN TURMA DA MONICA 85G";"7891079001011";"2100"
"MACARRAO NISSIN TURMA DA MONICA 85G CARNE : MACARRAO NISSIN TURMA DA MONICA 85G";"7891079001004";"2100"
"MACARRAO NISSIN T. CHICO BENTO 75G GALINHA/TOMATE : MACARRAO NISSIN T. CHICO BENTO 75G";"7891079014189";"45873"
"MACARRAO NISSIN LAMEN LEVE+ PAGUE- GALINHA CAIPIRA : MACARRAO NISSIN LAMEN LEVE+ PAGUE-";"7891079014097";"41655"
"MACARRAO NISSIN LAMEN HOT 85G MEXICANO : MACARRAO NISSIN LAMEN HOT 85G";"7891079011478";"2102"
"MACARRAO NISSIN LAMEN HOT 85G CARNE DESFIADA : MACARRAO NISSIN LAMEN HOT 85G";"7891079013373";"2102"
"MACARRAO NISSIN LAMEN HOT 85G CALABRESA : MACARRAO NISSIN LAMEN HOT 85G";"7891079011485";"2102"
"MACARRAO NISSIN LAMEN 85G PICANHA : MACARRAO NISSIN LAMEN 85G";"7891079011775";"2084"
"MACARRAO NISSIN LAMEN 85G LEGUMES : MACARRAO NISSIN LAMEN 85G";"7891079000243";"2084"
"MACARRAO NISSIN LAMEN 85G GALINHA CAIPIRA : MACARRAO NISSIN LAMEN 85G";"7891079000229";"2084"
"MACARRAO NISSIN LAMEN 85G GALINHA : MACARRAO NISSIN LAMEN 85G";"7891079000212";"2084"
"MACARRAO NISSIN LAMEN 85G COSTELA : MACARRAO NISSIN LAMEN 85G";"7891079012963";"2084"
"MACARRAO NISSIN LAMEN 85G CARNE C/TOMATE : MACARRAO NISSIN LAMEN 85G";"7891079000311";"2084"
"MACARRAO NISSIN LAMEN 85G CARNE : MACARRAO NISSIN LAMEN 85G";"7891079000205";"2084"
"MACARRAO NISSIN LAMEN 85G BACON : MACARRAO NISSIN LAMEN 85G";"7891079000250";"2084"
"MACARRAO NISSIN ESPAGUETE 500G INSTANTANEO : MACARRAO NISSIN ESPAGUETE 500G";"7891079006016";"2280"
"MACARRAO MAC AND CHEESE KG : MACARRAO MAC AND CHEESE KG";"7861";"63867"
"MACARRAO LAMEN DALLAS 63G GALINHA CAIPIRA : MACARRAO LAMEN DALLAS 63G";"7896423705348";"40198"
"MACARRAO LAMEN DALLAS 63G GALINHA : MACARRAO LAMEN DALLAS 63G";"7896423705324";"40198"
"MACARRAO LAMEN DALLAS 63G CARNE : MACARRAO LAMEN DALLAS 63G";"7896423705317";"40198"
"MACARRAO IT. MAMMA BIA TAGLIATELE 200G C/ OVOS : MACARRAO IT. MAMMA BIA TAGLIATELE";"7898953924794";"63580"
"MACARRAO INSTANTANEO TALHARIM 99G QUEIJO PARMESAO : MACARRAO INSTANTANEO TALHARIM 99G";"7891079012772";"35100"
"MACARRAO INSTANTANEO TALHARIM 99G FRANGO : MACARRAO INSTANTANEO TALHARIM 99G";"7891079000434";"35100"
"MACARRAO INSTANTANEO TALHARIM 99G CARNE C/ TOMATE : MACARRAO INSTANTANEO TALHARIM 99G";"7891079000410";"35100"
"MACARRAO INSTANTANEO TALHARIM 99G CARBONARA : MACARRAO INSTANTANEO TALHARIM 99G";"7891079013267";"35100"
"MACARRAO INSTANTANEO TALHARIM 99G BROCOLIS : MACARRAO INSTANTANEO TALHARIM 99G";"7891079000441";"35100"
"MACARRAO INSTANTANEO TALHARIM 99G BOLONHESA : MACARRAO INSTANTANEO TALHARIM 99G";"7891079000427";"35100"
"MACARRAO INSTANT. CUP NOODLES 72G FRANGO TERYAKI : MACARRAO INSTANT. CUP NOODLES 72G";"7891079013045";"44119"
"MACARRAO INSTANT. CUP NOODLES 72G BOLONHESA : MACARRAO INSTANT. CUP NOODLES 72G";"7891079013120";"44119"
"MACARRAO INSTANT. CUP NOODLES 70G YAKISSOBA : MACARRAO INSTANT. CUP NOODLES 70G";"7891079013106";"50071"
"MACARRAO INSTANT. CUP NOODLES 70G CURRY : MACARRAO INSTANT. CUP NOODLES 70G";"7891079013427";"50071"
"MACARRAO INSTANT. CUP NOODLES 69G GALINHA CAIPIRA : MACARRAO INSTANT. CUP NOODLES 69G";"7891079013038";"44122"
"MACARRAO INSTANT. CUP NOODLES 69G CHEDDAR : MACARRAO INSTANT. CUP NOODLES 69G";"7891079013113";"44122"
"MACARRAO INSTANT. CUP NOODLES 69G CARNE : MACARRAO INSTANT. CUP NOODLES 69G";"7891079013052";"44122"
"MACARRAO INSTANT. CUP NOODLES 68G GALINHA PICANTE : MACARRAO INSTANT. CUP NOODLES 68G";"7891079013069";"44120"
"MACARRAO INSTANT. CUP NOODLES 68G COSTELA : MACARRAO INSTANT. CUP NOODLES 68G";"7891079013083";"44120"
"MACARRAO INSTANT. CUP NOODLES 67G LEGUMES : MACARRAO INSTANT. CUP NOODLES 67G";"7891079013090";"44123"
"MACARRAO INSTANT. CUP NOODLES 65G FRUTOS DO MAR : MACARRAO INSTANT. CUP NOODLES 65G";"7891079013076";"47713"
"MACARRAO DONA BENTA SEMOLA 500G PENNE : MACARRAO DONA BENTA SEMOLA 500G";"7896005281697";"44198"
"MACARRAO DONA BENTA SEMOLA 500G PARAFUSO : MACARRAO DONA BENTA SEMOLA 500G";"7896005286555";"44198"
"MACARRAO DONA BENTA SEMOLA 500G ESPAGUETE : MACARRAO DONA BENTA SEMOLA 500G";"7896005286524";"44198"
"MACARRAO DONA BENTA OVOS NINHO 500G : MACARRAO DONA BENTA OVOS NINHO 500G";"7896005286609";"39126"
"MACARRAO DONA BENTA OVOS 500G PENNE : MACARRAO DONA BENTA OVOS 500G";"7896005281710";"34784"
"MACARRAO DONA BENTA OVOS 500G PARAFUSO : MACARRAO DONA BENTA OVOS 500G";"7896005286593";"34784"
"MACARRAO DONA BENTA OVOS 500G LINGUINE : MACARRAO DONA BENTA OVOS 500G";"7896005275399";"34784"
"MACARRAO DONA BENTA OVOS 500G ESPAGUETINHO : MACARRAO DONA BENTA OVOS 500G";"7896005275382";"34784"
"MACARRAO DONA BENTA OVOS 500G ESPAGUETE : MACARRAO DONA BENTA OVOS 500G";"7896005286579";"34784"
"MACARRAO DONA BENTA OVOS 500G AVE MARIA : MACARRAO DONA BENTA OVOS 500G";"7896005277317";"34784"
"MACARRAO DE TALHARIM CASEIRO 500G Nº4 : MACARRAO DE TALHARIM CASEIRO 500G";"7896193800441";"1635"
"MACARRAO DE TALHARIM CASEIRO 500G Nº3 : MACARRAO DE TALHARIM CASEIRO 500G";"7896193800335";"1635"
"MACARRAO DE TALHARIM CASEIRO 500G Nº2 : MACARRAO DE TALHARIM CASEIRO 500G";"7896193800229";"1635"
"MACARRAO DE TALHARIM CASEIRO 500G Nº1 : MACARRAO DE TALHARIM CASEIRO 500G";"7896193800113";"1635"
"MACARRAO DE TALHARIM CASEIRO 500G Nº0 : MACARRAO DE TALHARIM CASEIRO 500G";"7896193800007";"1635"
"MACARRAO DE INTEGRAL TALHARIM 500G Nº02 : MACARRAO DE INTEGRAL TALHARIM 500G";"7896193800380";"39340"
"MACARRAO DE GRAVATA 500G GRAVATINHA : MACARRAO DE GRAVATA 500G";"7896193800052";"1638"
"MACARRAO DE GRAVATA 500G : MACARRAO DE GRAVATA 500G";"7896193800076";"1638"
"MACARRAO DE GOURMET CASEIRO 400G PAPPARDELLE Nº5 : MACARRAO DE GOURMET CASEIRO 400G";"7896193800427";"37836"
"MACARRAO DE ARROZ URBANO KIDS 500G PERSONAGENS : MACARRAO DE ARROZ URBANO KIDS 500G";"7896401183083";"62898"
"MACARRAO DE ARROZ URBANO KIDS 500G MINI RIGATONI : MACARRAO DE ARROZ URBANO KIDS 500G";"7896401183090";"62898"
"MACARRAO DALLAS SEMOLA NINHO 500G : MACARRAO DALLAS SEMOLA NINHO 500G";"7896423700701";"37791"
"MACARRAO DALLAS SEMOLA 500G PENNE : MACARRAO DALLAS SEMOLA 500G";"7896423701029";"31463"
"MACARRAO DALLAS SEMOLA 500G PARAFUSO : MACARRAO DALLAS SEMOLA 500G";"7896423700411";"31463"
"MACARRAO DALLAS SEMOLA 500G PADRE NOSSO : MACARRAO DALLAS SEMOLA 500G";"7896423700329";"31463"
"MACARRAO DALLAS SEMOLA 500G NHOQUE : MACARRAO DALLAS SEMOLA 500G";"7896423700480";"31463"
"MACARRAO DALLAS SEMOLA 500G ESPIRAL : MACARRAO DALLAS SEMOLA 500G";"7896423700527";"31463"
"MACARRAO DALLAS SEMOLA 500G ESPAGUETE : MACARRAO DALLAS SEMOLA 500G";"7896423700237";"31463"
"MACARRAO DALLAS SEMOLA 500G CONCHINHA : MACARRAO DALLAS SEMOLA 500G";"7896423700565";"31463"
"MACARRAO DALLAS SEMOLA 500G CARAMUJO : MACARRAO DALLAS SEMOLA 500G";"7896423700473";"31463"
"MACARRAO DALLAS LEVIT INTEGRAL 500G PARAFUSO : MACARRAO DALLAS LEVIT INTEGRAL 500G";"7896423704846";"45903"
"MACARRAO DALLAS LEVIT INTEGRAL 500G ESPAGUETTE : MACARRAO DALLAS LEVIT INTEGRAL 500G";"7896423704839";"45903"
"MACARRAO DALLAS GREEN SEMOLADO 500G PENNE : MACARRAO DALLAS GREEN SEMOLADO 500G";"7896423704211";"31288"
"MACARRAO DALLAS GREEN SEMOLADO 500G PARAFUSO : MACARRAO DALLAS GREEN SEMOLADO 500G";"7896423700268";"31288"
"MACARRAO DALLAS GREEN SEMOLADO 500G PADRE NOSSO : MACARRAO DALLAS GREEN SEMOLADO 500G";"7896423704235";"31288"
"MACARRAO DALLAS GREEN SEMOLADO 500G ESPAGUETE : MACARRAO DALLAS GREEN SEMOLADO 500G";"7896423700626";"31288"
"MACARRAO DALLAS GREEN SEMOLADO 500G BAVETE : MACARRAO DALLAS GREEN SEMOLADO 500G";"7896423704518";"31288"
"MACARRAO DALLAS GREEN SEMOLADO 500G AVE MARIA : MACARRAO DALLAS GREEN SEMOLADO 500G";"7896423704259";"31288"
"MACARRAO DALLAS GREEN SEMOLADO 400G ESPAGUETE : MACARRAO DALLAS GREEN SEMOLADO 400G";"7896423705393";"73930"
"MACARRAO COM BROCOLIS E BACON KG : MACARRAO COM BROCOLIS E BACON KG";"7970";"64941"
"MACARRAO CASARAO PREMIUM 500G SPAGHETTI : MACARRAO CASARAO PREMIUM 500G";"7898915653281";"42757"
"MACARRAO CASARAO PREMIUM 500G FUSILLI : MACARRAO CASARAO PREMIUM 500G";"7898915653274";"42757"
"MACARRAO CASARAO PREMIUM 300G SPAGHETTI : MACARRAO CASARAO PREMIUM 300G";"7898915653847";"66864"
"MACARRAO BOLONHESA KG : MACARRAO BOLONHESA KG";"7863";"63869"
"MACARRAO BASILAR SEMOLADO NINHO 500G : MACARRAO BASILAR SEMOLADO NINHO";"7896205722075";"2179"
"MACARRAO BASILAR SEMOLADO GRAVATA 400G : MACARRAO BASILAR SEMOLADO GRAVATA";"7896205789436";"21515"
"MACARRAO BASILAR SEMOLADO 400G. FURADINHO : MACARRAO BASILAR SEMOLADO 400G.";"7896205789429";"50241"
"MACARRAO BASILAR SEMOLADO 400G. FININHO : MACARRAO BASILAR SEMOLADO 400G.";"7896205789412";"50241"
"MACARRAO BASILAR SEMOLADO 400G. ESPAGUETE : MACARRAO BASILAR SEMOLADO 400G.";"7896205789405";"50241"
"MACARRAO BASILAR SEMOLADO 400G. BAVETI : MACARRAO BASILAR SEMOLADO 400G.";"7896205789399";"50241"
"MACARRAO BASILAR SEMOLADO 400G PENNE : MACARRAO BASILAR SEMOLADO 400G";"7896205789467";"60815"
"MACARRAO BASILAR SEMOLADO 400G PARAFUSO : MACARRAO BASILAR SEMOLADO 400G";"7896205789450";"60815"
"MACARRAO BASILAR SEMOLADO 400G PADRE NOSSO : MACARRAO BASILAR SEMOLADO 400G";"7896205789443";"60815"
"MACARRAO BASILAR SEMOLADO 400G AVE MARIA : MACARRAO BASILAR SEMOLADO 400G";"7896205789382";"60815"
"MACARRAO BARILLA INTEGRALE 500G SPAGHETTI : MACARRAO BARILLA INTEGRALE 500G";"8076809575553";"33843"
"MACARRAO BARILLA GRANO TENRO 500G. PENNE RIGATE : MACARRAO BARILLA GRANO TENRO 500G.";"7898951850095";"34940"
"MACARRAO BARILLA GRANO TENRO 500G. PARAFUSO : MACARRAO BARILLA GRANO TENRO 500G.";"7898951850118";"34940"
"MACARRAO BARILLA GRANO TENRO 500G. PAI NOSSO : MACARRAO BARILLA GRANO TENRO 500G.";"7898951850101";"34940"
"MACARRAO BARILLA GRANO TENRO 500G. AVE MARIA : MACARRAO BARILLA GRANO TENRO 500G.";"7898951850132";"34940"
"MACARRAO BARILLA GRANO TENRO 500G LINGUINE : MACARRAO BARILLA GRANO TENRO 500G";"7898951850088";"34938"
"MACARRAO BARILLA GRANO TENRO 500G FETTUCCINE ESPA : MACARRAO BARILLA GRANO TENRO 500G";"7898951856080";"34938"
"MACARRAO BARILLA GRANO TENRO 500G ESPAGUETINHO 9 : MACARRAO BARILLA GRANO TENRO 500G";"7898951850071";"34938"
"MACARRAO BARILLA GRANO TENRO 500G ESPAGUETE Nº8 : MACARRAO BARILLA GRANO TENRO 500G";"7898951850064";"34938"
"MACARRAO BARILLA GRANO DURO 500G SPAGHETTONI Nº7 : MACARRAO BARILLA GRANO DURO 500G";"807680903802";"1581"
"MACARRAO BARILLA GRANO DURO 500G SPAGHETTI Nº5 : MACARRAO BARILLA GRANO DURO 500G";"8076809038010";"1581"
"MACARRAO AO ALHO E OLEO KG : MACARRAO AO ALHO E OLEO KG";"3610";"31147"
"MACARRAO ADRIA LAMEN MINIONS 75G GALINHA SUAVE : MACARRAO ADRIA LAMEN MINIONS 75G";"7896205789313";"65448"
"MACARRAO ADRIA LAMEN MINIONS 75G CARNE SUAVE : MACARRAO ADRIA LAMEN MINIONS 75G";"7896205789306";"65448"
"MACARRAO ADRIA LAMEN 75G GALINHA : MACARRAO ADRIA LAMEN 75G";"7896205789184";"45516"
"MACARRAO ADRIA LAMEN 75G CARNE : MACARRAO ADRIA LAMEN 75G";"7896205789177";"45516"
"MACARRAO ADRIA GRANO D'ORO 500G. SPAGHETTI : MACARRAO ADRIA GRANO D'ORO 500G.";"7896205752331";"30652"
"MACARRAO ADRIA ESPAGUETE 500G COM OVOS Nº8 : MACARRAO ADRIA ESPAGUETE 500G";"7896205788040";"8208"
"MACARRAO ADRIA COM OVOS 500G PARAFUSO : MACARRAO ADRIA COM OVOS 500G";"7896205788156";"7642"
"MACARRAO ADRIA COM OVOS 500G LETRINHAS : MACARRAO ADRIA COM OVOS 500G";"7896205754434";"7642"
"MACARRAO ADRIA COM OVOS 500G ESPIRAL : MACARRAO ADRIA COM OVOS 500G";"7896205788132";"7642"
"MACARRAO ADRIA COM OVOS 500G CONCHINHA : MACARRAO ADRIA COM OVOS 500G";"7896205788248";"7642"
"MACARRAO ADRIA COM OVOS 500G ARGOLA : MACARRAO ADRIA COM OVOS 500G";"7896205788224";"7642"
"MACARRAO ADRIA CABELO DE ANJO 500G : MACARRAO ADRIA CABELO DE ANJO 500G";"7896205774029";"2129"
"MACA VERDE KG : MACA VERDE KG";"517";"2656"
"MACA SACOLINHA 1KG : MACA SACOLINHA 1KG";"7898965518059";"31926"
"MACA NACIONAL KG : MACA NACIONAL KG";"1185";"10892"
"MACA FUJI KG : MACA FUJI KG";"1629";"2649"
"MACA ARGENTINA KG : MACA ARGENTINA KG";"515";"2648"
"MAC & CHEESE SEARA 300G CHEDDAR/BACON : MAC & CHEESE SEARA 300G";"7894904243969";"57022"
"MAC & CHEESE SEARA 300G CHEDDAR : MAC & CHEESE SEARA 300G";"7894904245871";"57022"
"LYSOFORM PETS 1L BRUTO : LYSOFORM PETS 1L";"7894650939666";"62534"
"LYSOFORM DESINFETANTE GATILHO 500ML SUAVE : LYSOFORM DESINFETANTE GATILHO 500ML";"7894650938485";"56507"
"LYSOFORM DESINFETANTE GATILHO 500ML BRUTO : LYSOFORM DESINFETANTE GATILHO 500ML";"7894650938478";"56507"
"LYSOFORM DESINFETANTE AEROSOL 360ML ORIGINAL : LYSOFORM DESINFETANTE AEROSOL 360ML";"7894650937723";"30153"
"LYSOFORM DESINFETANTE AEROSOL 360ML LAVANDA : LYSOFORM DESINFETANTE AEROSOL 360ML";"7894650937730";"30153"
"LYSOFORM DESINFETANTE AEROSOL 360ML CITRUS : LYSOFORM DESINFETANTE AEROSOL 360ML";"7894650007099";"30153"
"LYSOFORM DESINFETANTE 2L LAVANDA : LYSOFORM DESINFETANTE 2L";"7894650009925";"65091"
"LYSOFORM DESINFETANTE 2L CITRUS : LYSOFORM DESINFETANTE 2L";"7894650010013";"65091"
"LYSOFORM DESINFETANTE 2L BRUTO : LYSOFORM DESINFETANTE 2L";"7894650004876";"65091"
"LYSOFORM DESINFETANTE 1L SUAVE : LYSOFORM DESINFETANTE 1L";"7897000800814";"4036"
"LYSOFORM DESINFETANTE 1L ORIGINAL : LYSOFORM DESINFETANTE 1L";"7897000800548";"4036"
"LYSOFORM DESINFETANTE 1L LAVANDA : LYSOFORM DESINFETANTE 1L";"7894650014202";"4036"
"LYSOFORM DESINFETANTE 1L CITRUS : LYSOFORM DESINFETANTE 1L";"7894650014219";"4036"
"LYSOFORM CLORO GEL 500ML ORIGINAL : LYSOFORM CLORO GEL 500ML";"7894650014240";"38987"
"LYSOFORM BRUTO DESINFETANTE 500ML SUAVE : LYSOFORM BRUTO DESINFETANTE 500ML";"7897000800456";"30154"
"LUVAS MULTIUSO SANTA MARIA VIP TAMANHO P : LUVAS MULTIUSO SANTA MARIA VIP";"7896314708151";"63298"
"LUVAS MULTIUSO SANTA MARIA VIP TAMANHO M : LUVAS MULTIUSO SANTA MARIA VIP";"7896314708168";"63298"
"LUVAS FORRADAS MULTIUSO SANTA MARIA TAMANHO M : LUVAS FORRADAS MULTIUSO SANTA MARIA";"7896314708014";"63305"
"LUVAS FORRADAS MULTIUSO SANTA MARIA TAMANHO GG : LUVAS FORRADAS MULTIUSO SANTA MARIA";"7896314708038";"63305"
"LUVAS FORRADAS MULTIUSO SANTA MARIA TAMANHO G : LUVAS FORRADAS MULTIUSO SANTA MARIA";"7896314708021";"63305"
"LUVA SCOTCH BRITE MULTIUSO TAMANHO P : LUVA SCOTCH BRITE MULTIUSO";"21200510045";"4009"
"LUVA SCOTCH BRITE MULTIUSO TAMANHO G : LUVA SCOTCH BRITE MULTIUSO";"21200510069";"4009"
"LUVA LATEX SANRO PLUS PEQUENA : LUVA LATEX SANRO PLUS";"7896243101719";"97"
"LUVA LATEX SANRO PLUS MEDIA : LUVA LATEX SANRO PLUS";"7896243101726";"97"
"LUVA LATEX SANRO PLUS GRANDE : LUVA LATEX SANRO PLUS";"7896243101733";"97"
"LUSTRA MOVEIS YPE 200ML LAVANDA : LUSTRA MOVEIS YPE 200ML";"7896098909980";"16639"
"LUSTRA MOVEIS TRIEX 200ML LAVANDA : LUSTRA MOVEIS TRIEX 200ML";"7896527702489";"63516"
"LUSTRA MOVEIS TRIEX 200ML JASMIM : LUSTRA MOVEIS TRIEX 200ML";"7896527702472";"63516"
"LUSTRA MOVEIS POLIFLOR 500ML LAVANDA : LUSTRA MOVEIS POLIFLOR 500ML";"7891035502606";"115"
"LUSTRA MOVEIS POLIFLOR 500ML JASMIM : LUSTRA MOVEIS POLIFLOR 500ML";"7891035501005";"115"
"LUSTRA MOVEIS POLIFLOR 200ML MULTI SUPERFICIES : LUSTRA MOVEIS POLIFLOR 200ML MULTI";"7891035502583";"6820"
"LUSTRA MOVEIS POLIFLOR 200ML LAVANDA : LUSTRA MOVEIS POLIFLOR 200ML";"7891035502231";"113"
"LUSTRA MOVEIS POLIFLOR 200ML JASMIM : LUSTRA MOVEIS POLIFLOR 200ML";"7891035500008";"113"
"LUSTRA MOVEIS PEROBA KING 200ML LAVANDA : LUSTRA MOVEIS PEROBA KING 200ML";"7896050500286";"29876"
"LUSTRA MOVEIS PEROBA KING 200ML JASMIM : LUSTRA MOVEIS PEROBA KING 200ML";"7896050503430";"29876"
"LUSTRA MOVEIS DESTAC 200ML : LUSTRA MOVEIS DESTAC 200ML";"7891035516009";"9295"
"LUSTRA MOVEIS BRAVO 200ML CLASSIC : LUSTRA MOVEIS BRAVO 200ML";"7894650020074";"111"
"LUBRIFICANTE CORRENTES MUNDIAL PR. 250ML : LUBRIFICANTE CORRENTES MUNDIAL PR.";"7898915994322";"66005"
"LUA DE MEL LEITE CONDENSADO KG. : LUA DE MEL LEITE CONDENSADO KG.";"1196";"2840"
"LOURO EM FOLHAS ZILIO 5G : LOURO EM FOLHAS ZILIO 5G";"7896280400264";"1391"
"LOURO EM FOLHAS SIAMAR 7G : LOURO EM FOLHAS SIAMAR 7G";"7896069544608";"3582"
"LOMBO TIPO CANADENSE CERATTI 100G : LOMBO TIPO CANADENSE CERATTI 100G";"7898618520859";"72087"
"LOMBO AO MOLHO MADEIRA KG : LOMBO AO MOLHO MADEIRA KG";"6967";"56636"
"LOMBO ACEBOLADO KG : LOMBO ACEBOLADO KG";"8662";"72004"
"LOCAO VASENOL HIDRAT. TOTAL 200ML NUTRICAO : LOCAO VASENOL HIDRAT. TOTAL 200ML";"7891150028449";"33262"
"LOCAO VASENOL 200ML RECUP INTENSIVA : LOCAO VASENOL 200ML";"7891150028470";"40690"
"LOCAO ULTRACREMOSA PAIXAO 200ML TENTADORA : LOCAO ULTRACREMOSA PAIXAO 200ML";"7896235354147";"63562"
"LOCAO ULTRACREMOSA PAIXAO 200ML IRRESISTIVEL : LOCAO ULTRACREMOSA PAIXAO 200ML";"7896235354130";"63562"
"LOCAO POS BARBA BOZZANO 100ML NIGHT BLUE : LOCAO POS BARBA BOZZANO 100ML";"7891350026627";"494"
"LOCAO HIDRATANTE PAIXAO MAOS 75G TENTADORA : LOCAO HIDRATANTE PAIXAO MAOS 75G";"7896235354093";"71087"
"LOCAO HIDRATANTE PAIXAO MAOS 75G INSPIRADORA : LOCAO HIDRATANTE PAIXAO MAOS 75G";"7896235354086";"71087"
"LOCAO HIDRATANTE DOVE 400ML ROMA : LOCAO HIDRATANTE DOVE 400ML";"7891150077683";"31127"
"LOCAO HIDRATANTE DOVE 400ML KARITE/BAUNILHA : LOCAO HIDRATANTE DOVE 400ML";"7891150077652";"31127"
"LOCAO HIDRATANTE DOVE 200ML NUTR. ESSENCIAL : LOCAO HIDRATANTE DOVE 200ML";"7891150078550";"21867"
"LOCAO HIDRAT. JOHNSONS BABY 200ML. HORA DO SONO : LOCAO HIDRAT. JOHNSONS BABY 200ML.";"7891010795542";"65748"
"LOCAO HIDRAT. GIOVANNA BABY 200ML. SECRETS : LOCAO HIDRAT. GIOVANNA BABY 200ML.";"7898663111163";"71195"
"LOCAO HIDRAT. GIOVANNA BABY 200ML LILAC : LOCAO HIDRAT. GIOVANNA BABY 200ML";"7896044954545";"36480"
"LOCAO HIDRAT. GIOVANNA BABY 200ML CLASSIC : LOCAO HIDRAT. GIOVANNA BABY 200ML";"7896044954521";"36480"
"LOCAO HIDRAT. GIOVANNA BABY 200ML CHERRY : LOCAO HIDRAT. GIOVANNA BABY 200ML";"7896044954552";"36480"
"LOCAO HIDRAT. GIOVANNA BABY 200ML CANDY : LOCAO HIDRAT. GIOVANNA BABY 200ML";"7896044954576";"36480"
"LOCAO HIDRAT. GIOVANNA BABY 200ML BLUEBERRY : LOCAO HIDRAT. GIOVANNA BABY 200ML";"7896044996828";"36480"
"LOCAO HIDRAT. GIOVANNA BABY 200ML BLUE : LOCAO HIDRAT. GIOVANNA BABY 200ML";"7896044954538";"36480"
"LOCAO HIDRAT. GIOVANNA BABY 200ML BLAC VANILLA : LOCAO HIDRAT. GIOVANNA BABY 200ML";"7896044995777";"36480"
"LOCAO HIDRAT. GIOV. BABY GIBY 200ML : LOCAO HIDRAT. GIOV. BABY GIBY 200ML";"7896044956372";"36483"
"LOCAO DESOD. CORP. HYDRATTA 200ML RESTAURADOR : LOCAO DESOD. CORP. HYDRATTA 200ML";"7908324405415";"70337"
"LOCAO DESOD. CORP. HYDRATTA 200ML HIDRAT. PROF. : LOCAO DESOD. CORP. HYDRATTA 200ML";"7908324405378";"70337"
"LOCAO DESOD. CORP. HYDRATTA 200ML FIRMADOR : LOCAO DESOD. CORP. HYDRATTA 200ML";"7908324405385";"70337"
"LOCAO DEO HIDRATANTE FRANCIS 400ML ALGODAO : LOCAO DEO HIDRATANTE FRANCIS 400ML";"7908324406719";"75178"
"LIXEIRA PLASUTIL PIA ECOBLACK 4,9L BASCULANTE : LIXEIRA PLASUTIL PIA ECOBLACK 4,9L";"7896042034843";"31098"
"LIXEIRA PLASUTIL PIA BASCUL. 6,5L REF. 6684 : LIXEIRA PLASUTIL PIA BASCUL. 6,5L";"7896042066844";"29545"
"LIXEIRA PLASUTIL FLIP TOP ECO 3,7L 7765 : LIXEIRA PLASUTIL FLIP TOP ECO 3,7L";"7896042077659";"9964"
"LIXEIRA PLASUTIL ECOBLACK 9L BASCULANTE : LIXEIRA PLASUTIL ECOBLACK 9L";"7896042034850";"32038"
"LIXEIRA PLASUTIL ECOBLACK 7L COM PEDAL : LIXEIRA PLASUTIL ECOBLACK 7L";"7896042034942";"32039"
"LIXEIRA PLASUTIL COMPACTA PIA 2,5L /2,6 A1 : LIXEIRA PLASUTIL COMPACTA PIA 2,5L";"7899808868928";"67100"
"LIXA PROF.GRANUL. MEDIA 150/220 2UN CLASSICA ENOX : LIXA PROF.GRANUL. MEDIA 150/220 2UN";"7897517906368";"71887"
"LIXA PROF. GRANUL. FINA 180/240 2UN CLASSICA ENOX : LIXA PROF. GRANUL. FINA 180/240 2UN";"7897517906344";"71889"
"LIXA PROF GRANUL. MEDIA 150/240 2UN BANANA ENOX : LIXA PROF GRANUL. MEDIA 150/240 2UN";"7897517906351";"71890"
"LIXA PLASTICA FINA P/ PES ENOX : LIXA PLASTICA FINA P/ PES ENOX";"7897517906214";"71877"
"LIXA MADEIRA GRANDE P/ PE ENOX : LIXA MADEIRA GRANDE P/ PE ENOX";"7897517904210";"71874"
"LIXA DE UNHA POP ENOX : LIXA DE UNHA POP ENOX";"7897517903626";"71885"
"LIXA DE UNHA NEDO REF. 529 5 UNID. : LIXA DE UNHA NEDO REF. 529";"7896619805296";"6544"
"LIXA DE UNHA METAL CONDOR 8408 : LIXA DE UNHA METAL CONDOR 8408";"7891055637326";"56519"
"LIXA DE UNHA DECORADA CONDOR 8412 : LIXA DE UNHA DECORADA CONDOR 8412";"7891055637722";"56521"
"LINGUICA TOSCANA SEARA KG : LINGUICA TOSCANA SEARA KG";"949";"2453"
"LINGUICA TOSCANA SEARA 700G : LINGUICA TOSCANA SEARA 700G";"7894904727186";"37666"
"LINGUICA TOSCANA NABRASA 1KG : LINGUICA TOSCANA NABRASA 1KG";"7891515008307";"28296"
"LINGUICA TOSCANA FRIMESA 1KG : LINGUICA TOSCANA FRIMESA 1KG";"7896275910112";"28537"
"LINGUICA TOSCANA AURORA 700G : LINGUICA TOSCANA AURORA 700G";"7891164004842";"71376"
"LINGUICA SUINA SUIBA FINA KG : LINGUICA SUINA SUIBA FINA KG";"8459";"69210"
"LINGUICA SUINA SEARA KG : LINGUICA SUINA SEARA KG";"203";"6717"
"LINGUICA SEARA GOURMET 500G QUEIJO COALHO : LINGUICA SEARA GOURMET 500G";"7894904255177";"52960"
"LINGUICA SEARA GOURMET 500G CUIABANA : LINGUICA SEARA GOURMET 500G";"7894904098293";"52960"
"LINGUICA SEARA DEF. FININHA 215G  : LINGUICA SEARA DEF. FININHA 215G";"7894904204557";"8506"
"LINGUICA SEARA 600G CHIMICHURRI : LINGUICA SEARA 600G";"7894904281510";"64301"
"LINGUICA SADIA DEF. FININHA 215G : LINGUICA SADIA DEF. FININHA 215G";"7891515606831";"67078"
"LINGUICA QUADRADA PERNIL KG TRADICIONAL : LINGUICA QUADRADA PERNIL KG";"6759";"54448"
"LINGUICA QUADRADA PERNIL KG APIMENTADA : LINGUICA QUADRADA PERNIL KG";"6760";"54448"
"LINGUICA QUADRADA FRANGO KG : LINGUICA QUADRADA FRANGO KG";"6765";"54453"
"LINGUICA PEROLA CUIABANA PCT KG : LINGUICA PEROLA CUIABANA PCT KG";"3117";"26920"
"LINGUICA PERNIL TRADICIONAL KG : LINGUICA PERNIL TRADICIONAL KG";"105";"2435"
"LINGUICA PERNIL SECA KG : LINGUICA PERNIL SECA KG";"1165";"2436"
"LINGUICA PERNIL SEARA 700G : LINGUICA PERNIL SEARA 700G";"7894904727193";"37665"
"LINGUICA PERNIL FINA KG : LINGUICA PERNIL FINA KG";"1128";"10861"
"LINGUICA PERNIL APIMENTADA KG : LINGUICA PERNIL APIMENTADA KG";"1386";"5492"
"LINGUICA PAIO SEARA KG : LINGUICA PAIO SEARA KG";"983";"2452"
"LINGUICA PAIO SEARA 370G : LINGUICA PAIO SEARA 370G";"7894904966172";"42934"
"LINGUICA PAIO FRIMESA KG : LINGUICA PAIO FRIMESA KG";"7896275900014";"35778"
"LINGUICA NABRASA PERDIGAO KG. : LINGUICA NABRASA PERDIGAO KG.";"7891515907839";"2445"
"LINGUICA MINEIRA KG  : LINGUICA MINEIRA KG";"968";"10757"
"LINGUICA FRANGO SEARA 700G : LINGUICA FRANGO SEARA 700G";"7894904727209";"37664"
"LINGUICA FRANGO FINA NUTRIBEM 500G  : LINGUICA FRANGO FINA NUTRIBEM 500G";"7898905837578";"54198"
"LINGUICA FRANGO FINA COPACOL 600G. QUEIJO E BACON : LINGUICA FRANGO FINA COPACOL 600G.";"7891527066173";"47544"
"LINGUICA DEFUMADA FININHA SEARA KG : LINGUICA DEFUMADA FININHA SEARA KG";"7894904005222";"43002"
"LINGUICA CHURRASCO COPACOL 800G : LINGUICA CHURRASCO COPACOL 800G";"7891527055450";"31489"
"LINGUICA CAMBUI UNIAO KG  : LINGUICA CAMBUI UNIAO KG";"945";"2455"
"LINGUICA CALABRESA UNIAO KG SEM PIMENTA : LINGUICA CALABRESA UNIAO KG";"979";"2454"
"LINGUICA CALABRESA SEARA KG DEFUMADA : LINGUICA CALABRESA SEARA KG";"1619";"2451"
"LINGUICA CALABRESA SEARA 400G : LINGUICA CALABRESA SEARA 400G";"7894904009862";"5591"
"LINGUICA CALABRESA SEARA 2,5KG : LINGUICA CALABRESA SEARA 2,5KG";"7894904009749";"71477"
"LINGUICA CALABRESA FRIMESA KG : LINGUICA CALABRESA FRIMESA KG";"926";"10709"
"LINGUICA CALABRESA FRIMESA 3KG : LINGUICA CALABRESA FRIMESA 3KG";"7896275940201";"71520"
"LINGUICA CABO DE REIO TRAD. KG : LINGUICA CABO DE REIO TRAD. KG";"88";"2424"
"LINGUICA CABO DE REIO APIMENTADA KG : LINGUICA CABO DE REIO APIMENTADA KG";"6146";"54428"
"LINGUICA ACEBOLADA KG : LINGUICA ACEBOLADA KG";"1434";"5955"
"LINGUA DE SOGRA JUNCO 10UN : LINGUA DE SOGRA JUNCO 10UN";"7896523100418";"49621"
"LINGUA DE SOGRA GRESPAN KG : LINGUA DE SOGRA GRESPAN KG";"8430";"68885"
"LIMPEZA PESADA YPE 500ML ORIGINAL : LIMPEZA PESADA YPE 500ML";"7896098902547";"50191"
"LIMPEZA PESADA YPE 500ML LEMON XTR : LIMPEZA PESADA YPE 500ML";"7896098902554";"50191"
"LIMPADOR YPE PERFUMADO 500ML JARDIM SECRETO : LIMPADOR YPE PERFUMADO 500ML";"7896098904091";"51156"
"LIMPADOR YPE PERFUMADO 500ML AZUL TROPICAL : LIMPADOR YPE PERFUMADO 500ML";"7896098904121";"51156"
"LIMPADOR YPE PERFUMADO 2L JARDIM SECRETO : LIMPADOR YPE PERFUMADO 2L";"7896098904282";"57255"
"LIMPADOR YPE PERFUMADO 2L DOCE VIDA : LIMPADOR YPE PERFUMADO 2L";"7896098904305";"57255"
"LIMPADOR YPE PERFUMADO 2L AZUL TROPICAL : LIMPADOR YPE PERFUMADO 2L";"7896098904299";"57255"
"LIMPADOR VINAGREEN 500ML NATURAL : LIMPADOR VINAGREEN 500ML";"7896017201942";"49765"
"LIMPADOR VINAGREEN 500ML LAVANDA : LIMPADOR VINAGREEN 500ML";"7896017202017";"49765"
"LIMPADOR VINAGREEN 500ML LARANJA : LIMPADOR VINAGREEN 500ML";"7896017202024";"49765"
"LIMPADOR REMOVEDOR SANOL 500ML LAVANDA : LIMPADOR REMOVEDOR SANOL 500ML";"7896183314880";"74967"
"LIMPADOR PERFUMADO UAU L1L P800ML REQUINTE : LIMPADOR PERFUMADO UAU L1L P800ML";"7891242457829";"47858"
"LIMPADOR PERFUMADO UAU L1L P800ML LAVANDA LEVE : LIMPADOR PERFUMADO UAU L1L P800ML";"7891242457317";"47858"
"LIMPADOR PERFUMADO UAU L1L P800ML FLORES/SONHO : LIMPADOR PERFUMADO UAU L1L P800ML";"7891242457850";"47858"
"LIMPADOR PERFUMADO UAU L1L P800ML FLORES/SEDUCAO : LIMPADOR PERFUMADO UAU L1L P800ML";"7891242457324";"47858"
"LIMPADOR PERFUMADO UAU L1L P800ML BRISA/FRESCOR : LIMPADOR PERFUMADO UAU L1L P800ML";"7891242457195";"47858"
"LIMPADOR PERFUMADO TRIEX 1L INTENSO FRESCOR : LIMPADOR PERFUMADO TRIEX 1L";"7896527701116";"63512"
"LIMPADOR PERFUMADO TRIEX 1L DESEJO : LIMPADOR PERFUMADO TRIEX 1L";"7896527701109";"63512"
"LIMPADOR PERFUMADO TRIEX 1L ACONCHEGO : LIMPADOR PERFUMADO TRIEX 1L";"7896527701093";"63512"
"LIMPADOR PERFUMADO TRIEX 1,75L FRESCOR : LIMPADOR PERFUMADO TRIEX 1,75L";"7896527701437";"66761"
"LIMPADOR PERFUMADO TRIEX 1,75L DESEJO : LIMPADOR PERFUMADO TRIEX 1,75L";"7896527701420";"66761"
"LIMPADOR PERFUMADO TRIEX 1,75L ACONCHEGO : LIMPADOR PERFUMADO TRIEX 1,75L";"7896527701413";"66761"
"LIMPADOR PERFUMADO SANOL 120ML ROUPA LAVADA : LIMPADOR PERFUMADO SANOL 120ML";"7896183306274";"58187"
"LIMPADOR PERFUMADO SANOL 120ML LAVANDA : LIMPADOR PERFUMADO SANOL 120ML";"7896183306236";"58187"
"LIMPADOR PERFUMADO SANOL 120ML LARANJEIRA : LIMPADOR PERFUMADO SANOL 120ML";"7896183312671";"58187"
"LIMPADOR PERFUMADO COALA 120ML TALCO : LIMPADOR PERFUMADO COALA 120ML";"7897744502098";"52979"
"LIMPADOR PERFUMADO COALA 120ML SOFT : LIMPADOR PERFUMADO COALA 120ML";"7897744504788";"52979"
"LIMPADOR PERFUMADO COALA 120ML PINHO : LIMPADOR PERFUMADO COALA 120ML";"7897744502111";"52979"
"LIMPADOR PERFUMADO COALA 120ML LAVANDA : LIMPADOR PERFUMADO COALA 120ML";"7897744502081";"52979"
"LIMPADOR PERFUMADO COALA 120ML GLOBULOS : LIMPADOR PERFUMADO COALA 120ML";"7897744502135";"52979"
"LIMPADOR PERFUMADO COALA 120ML FLORAL : LIMPADOR PERFUMADO COALA 120ML";"7897744502067";"52979"
"LIMPADOR PERFUMADO COALA 120ML FLOR DE CACTO : LIMPADOR PERFUMADO COALA 120ML";"7897744505600";"52979"
"LIMPADOR PERFUMADO COALA 120ML CRAVO E CANELA : LIMPADOR PERFUMADO COALA 120ML";"7897744502159";"52979"
"LIMPADOR PERFUMADO COALA 120ML CITRONELA : LIMPADOR PERFUMADO COALA 120ML";"7897744502104";"52979"
"LIMPADOR PERFUMADO COALA 120ML CITRIODORA : LIMPADOR PERFUMADO COALA 120ML";"7897744502128";"52979"
"LIMPADOR PERFUMADO COALA 120ML CHA BRANCO : LIMPADOR PERFUMADO COALA 120ML";"7897744504740";"52979"
"LIMPADOR PERFUMADO COALA 120ML CAPIM LIMAO : LIMPADOR PERFUMADO COALA 120ML";"7897744502166";"52979"
"LIMPADOR PERFUMADO COALA 120ML BAMBU : LIMPADOR PERFUMADO COALA 120ML";"7897744502432";"52979"
"LIMPADOR PERFUMADO COALA 120ML AMEIXA DOURADA : LIMPADOR PERFUMADO COALA 120ML";"7897744505402";"52979"
"LIMPADOR PERFUMADO COALA 120ML ALGODAO : LIMPADOR PERFUMADO COALA 120ML";"7897744502173";"52979"
"LIMPADOR PERFUMADO COALA 120ML ALECRIM : LIMPADOR PERFUMADO COALA 120ML";"7897744502449";"52979"
"LIMPADOR PERFUMADO CASAFLOR 3L ORQUIDEA NEGRA : LIMPADOR PERFUMADO CASAFLOR 3L";"7898575690640";"71024"
"LIMPADOR PERFUMADO CASAFLOR 3L INTUITIVE : LIMPADOR PERFUMADO CASAFLOR 3L";"7898575690626";"71024"
"LIMPADOR PERFUMADO CASAFLOR 3L DESIRE : LIMPADOR PERFUMADO CASAFLOR 3L";"7898575690619";"71024"
"LIMPADOR PERFUMADO CASAFLOR 1L INTUITIVE : LIMPADOR PERFUMADO CASAFLOR 1L";"7896440504030";"39630"
"LIMPADOR PERFUMADO CASAFLOR 1L DREAMS : LIMPADOR PERFUMADO CASAFLOR 1L";"7896440504023";"39630"
"LIMPADOR PERFUMADO CASAFLOR 1L DESIRE : LIMPADOR PERFUMADO CASAFLOR 1L";"7896440500094";"39630"
"LIMPADOR PERFUMADO CASAFLOR 1L AGUA DE COCO : LIMPADOR PERFUMADO CASAFLOR 1L";"7898575692194";"39630"
"LIMPADOR PERFUMADO CASAFLOR 1,75L INTUITIVE : LIMPADOR PERFUMADO CASAFLOR 1,75L";"7896440504573";"61782"
"LIMPADOR PERFUMADO CASAFLOR 1,75L DREAMS : LIMPADOR PERFUMADO CASAFLOR 1,75L";"7896440504580";"61782"
"LIMPADOR PERFUMADO CASAFLOR 1,75L DESIRE : LIMPADOR PERFUMADO CASAFLOR 1,75L";"7896440504757";"61782"
"LIMPADOR PERFUMADO AZULIM 500ML FELICIDADE : LIMPADOR PERFUMADO AZULIM 500ML";"7897534815353";"35425"
"LIMPADOR MULTIUSO PROAUTO 200ML : LIMPADOR MULTIUSO PROAUTO 200ML";"7897520100067";"37214"
"LIMPADOR E DIFUSOR SANOL 100ML CITRIC : LIMPADOR E DIFUSOR SANOL 100ML";"7896183311674";"58188"
"LIMPADOR DESTAC USO DIRETO 750ML MADEIRA : LIMPADOR DESTAC USO DIRETO 750ML";"7891035115608";"9353"
"LIMPADOR DESTAC LAMINADOS 750ML USO DIRETO : LIMPADOR DESTAC LAMINADOS 750ML";"7891035115806";"33935"
"LIMPADOR DE LINGUA JADEFROG MAX CLEAR : LIMPADOR DE LINGUA JADEFROG";"7897217400470";"36995"
"LIMPADOR COPERALCOOL SEGREDOS 500ML OCEANO : LIMPADOR COPERALCOOL SEGREDOS 500ML";"7896090707874";"67095"
"LIMPADOR COPERALCOOL SEGREDOS 500ML LIMAO : LIMPADOR COPERALCOOL SEGREDOS 500ML";"7896090707843";"67095"
"LIMPADOR COPERALCOOL SEGREDOS 500ML LAVANDA : LIMPADOR COPERALCOOL SEGREDOS 500ML";"7896090707836";"67095"
"LIMPADOR COPERALCOOL SEGREDOS 500ML JASMIM : LIMPADOR COPERALCOOL SEGREDOS 500ML";"7896090707850";"67095"
"LIMPADOR COPERALCOOL SEGREDOS 500ML FLORES BRANCAS : LIMPADOR COPERALCOOL SEGREDOS 500ML";"7896090707867";"67095"
"LIMPADOR CASA & PERFUME 500ML BELA FLORE : LIMPADOR CASA & PERFUME 500ML";"7896040704632";"3960"
"LIMPADOR CASA & PERFUME 1L BELA FLORE : LIMPADOR CASA & PERFUME 1L";"7896040703734";"9200"
"LIMPADOR CASA & PERFUME 1L AMABLE : LIMPADOR CASA & PERFUME 1L";"7896040701402";"9200"
"LIMPADOR CASA & PERFUME 1L AGRADABLE : LIMPADOR CASA & PERFUME 1L";"7896040703727";"9200"
"LIMPA VIDROS ZIP SPRAY 400ML : LIMPA VIDROS ZIP SPRAY 400ML";"7898567703341";"66015"
"LIMPA VIDROS PROAUTO 200ML ANTI-EMBACANTE : LIMPA VIDROS PROAUTO 200ML";"7897520100074";"33881"
"LIMPA VIDROS COPERALCOOL 500ML : LIMPA VIDROS COPERALCOOL 500ML";"7896090707829";"46425"
"LIMPA TELAS PROAUTO AEROSOL 150ML : LIMPA TELAS PROAUTO AEROSOL 150ML";"7896189200491";"40121"
"LIMPA REJUNTE SANOL 1L : LIMPA REJUNTE SANOL 1L";"7896183307905";"36757"
"LIMPA PNEUS PROAUTO GLOSS 500ML : LIMPA PNEUS PROAUTO GLOSS 500ML";"7896189200613";"54643"
"LIMPA PNEUS MUNDIAL PRIME 500ML : LIMPA PNEUS MUNDIAL PRIME 500ML";"7898907527156";"65987"
"LIMPA PNEUS CLASSIC PROAUTO 500ML : LIMPA PNEUS CLASSIC PROAUTO 500ML";"7897520100142";"33877"
"LIMPA PNEUS AUTOCRAFT PROAUTO 500ML LIMPA/PROTEGE : LIMPA PNEUS AUTOCRAFT PROAUTO 500ML";"7896189225036";"33879"
"LIMPA PISOS UAU 750ML PORCELANATOS : LIMPA PISOS UAU 750ML";"7891242000100";"29969"
"LIMPA PISOS UAU 750ML MADEIRAS : LIMPA PISOS UAU 750ML";"7891242000124";"29969"
"LIMPA PISOS UAU 750ML ACAO CLAREADORA : LIMPA PISOS UAU 750ML";"7891242001114";"29969"
"LIMPA PISOS RAJJALIM 1L TRADICIONAL : LIMPA PISOS RAJJALIM 1L";"7898285310609";"154"
"LIMPA PISOS RAJJA RAJJALIM 5L : LIMPA PISOS RAJJA RAJJALIM 5L";"7898285310623";"42779"
"LIMPA PISOS LUMINEX 1L : LIMPA PISOS LUMINEX 1L";"7898904848056";"42055"
"LIMPA PISO TRIEX 1L  : LIMPA PISO TRIEX 1L";"7896527701826";"34361"
"LIMPA PISO HB : LIMPA PISO HB";"7897004401567";"24819"
"LIMPA PEDRAS TRIEX 2L : LIMPA PEDRAS TRIEX 2L";"7896527701390";"72100"
"LIMPA PEDRAS PEDREX START 2L : LIMPA PEDRAS PEDREX START 2L";"7897534800113";"4035"
"LIMPA PEDRAS JOB 2L : LIMPA PEDRAS JOB 2L";"7898024101000";"53475"
"LIMPA PEDRA LUMINEX 2L : LIMPA PEDRA LUMINEX 2L";"7898904848032";"7630"
"LIMPA PARABRISA MUNDIAL PRIME 100ML : LIMPA PARABRISA MUNDIAL PRIME 100ML";"7898907527408";"65986"
"LIMPA LIMO CLORO GEL YPE 520G : LIMPA LIMO CLORO GEL YPE 520G";"7896098909935";"11674"
"LIMPA LATRINA SANTA MARIA : LIMPA LATRINA SANTA MARIA";"7896314708564";"63317"
"LIMPA INOX SANOL 500ML : LIMPA INOX SANOL 500ML";"7896183302313";"36764"
"LIMPA INOX /ALUMINIO POLITRIZ 500ML : LIMPA INOX /ALUMINIO POLITRIZ 500ML";"7896440500018";"61767"
"LIMPA GRELHAS RAJJA GATILHO 500ML : LIMPA GRELHAS RAJJA GATILHO 500ML";"7898285311132";"71103"
"LIMPA FORNO ZIP SPRAY 300ML : LIMPA FORNO ZIP SPRAY 300ML";"7898567703389";"66013"
"LIMPA FORNO UAU GATILHO 450ML : LIMPA FORNO UAU GATILHO 450ML";"7891242778191";"51077"
"LIMPA FORNO EASY-OFF 250ML : LIMPA FORNO EASY-OFF 250ML";"7702626153803";"28747"
"LIMPA FORNO DIABO VERDE 250G : LIMPA FORNO DIABO VERDE 250G";"7896495000051";"7742"
"LIMPA ESTOFADO/CARPETE PLUSH 500ML : LIMPA ESTOFADO/CARPETE PLUSH 500ML";"7896183304874";"9305"
"LIMPA BOX UAU 450ML : LIMPA BOX UAU 450ML";"7891242779099";"51282"
"LIMPA BOX UAU 200ML : LIMPA BOX UAU 200ML";"7891242778092";"29972"
"LIMPA AZULEJOS E CERAMICA AZULIM 2L : LIMPA AZULEJOS E CERAMICA AZULIM 2L";"7897534807020";"35423"
"LIMPA AZULEJOS E CERAMICA AZULIM 1L LAVANDA : LIMPA AZULEJOS E CERAMICA AZULIM 1L";"7897534800410";"4034"
"LIMPA AZULEJOS E CERAMICA AZULIM 1L CITRUS : LIMPA AZULEJOS E CERAMICA AZULIM 1L";"7897534808775";"4034"
"LIMPA AR CONDICIONADO LUXCAR 300ML CARRO NOVO : LIMPA AR CONDICIONADO LUXCAR 300ML";"7896498525919";"74612"
"LIMPA ALUMINIO TRIEX 500ML VERDE : LIMPA ALUMINIO TRIEX 500ML";"7896527700614";"5317"
"LIMPA ALUMINIO SANOL 500ML : LIMPA ALUMINIO SANOL 500ML";"7896183300395";"7756"
"LIMPA ALUMINIO LUMINEX 500ML : LIMPA ALUMINIO LUMINEX 500ML";"7898904848018";"7758"
"LIMPA ALUMINIO LIMPEX 500ML VERMELHO : LIMPA ALUMINIO LIMPEX 500ML";"7896527700201";"52643"
"LIMPA ALUMINIO JOB 500ML MACA : LIMPA ALUMINIO JOB 500ML";"7898024100027";"4419"
"LIMAO TAITI IRMAOS JORA 1KG : LIMAO TAITI IRMAOS JORA 1KG";"7898420890119";"75171"
"LIMAO SICILIANO KG : LIMAO SICILIANO KG";"5628";"2646"
"LIMAO KG : LIMAO KG";"514";"2641"
"LIMAO GALEGO KG : LIMAO GALEGO KG";"6061";"47265"
"LIMA DA PERSIA KG : LIMA DA PERSIA KG";"1051";"2640"
"LICOR STOCK MARULA 720ML : LICOR STOCK MARULA 720ML";"7891121283006";"37655"
"LICOR CREME STOCK 720ML CACAU : LICOR CREME STOCK 720ML";"7891121203004";"1807"
"LICOR BALLENA 750ML CHOC./CARAMELO : LICOR BALLENA 750ML";"7898726150023";"68778"
"LICOR 43 ORIGINAL 700ML : LICOR 43 ORIGINAL 700ML";"8410221110150";"1809"
"LICOR 43 CHOCOLATE 700ML : LICOR 43 CHOCOLATE 700ML";"8410221902915";"66257"
"LEVISSIMO SEARA FATIADO 180G : LEVISSIMO SEARA FATIADO 180G";"7894904265817";"63909"
"LEVEDO DE CERVEJA NATURAL LIFE 150G : LEVEDO DE CERVEJA NATURAL LIFE 150G";"7896256040548";"1146"
"LENTILHA ZILIO 500G : LENTILHA ZILIO 500G";"7896280400097";"1511"
"LENTILHA SIAMAR 500G : LENTILHA SIAMAR 500G";"7896069530618";"1668"
"LENHA DE EUCALIPTO GALETO : LENHA DE EUCALIPTO GALETO";"7898902619863";"50395"
"LENCO UMEDECIDO PERSONAL VIP 40UN : LENCO UMEDECIDO PERSONAL VIP 40UN";"7896110012094";"70053"
"LENCO UMEDECIDO PAMPERS 48UN CHEIRINHO BEBE : LENCO UMEDECIDO PAMPERS 48UN";"4015400763697";"8707"
"LENCO UMEDECIDO PAMPERS 48UN ALOE VERA : LENCO UMEDECIDO PAMPERS 48UN";"7500435145244";"8707"
"LENCO INTIMO GIOVANNA BABY 16UN CLASSIC : LENCO INTIMO GIOVANNA BABY 16UN";"7898663111064";"72529"
"LENCO FACIAL KISS DISPLAY 10UN BOLSO : LENCO FACIAL KISS DISPLAY 10UN";"7896110011141";"29997"
"LENCO FACIAL KISS 50UN  : LENCO FACIAL KISS 50UN";"7896110011158";"26285"
"LEMON PEPPER ZILIO 20G : LEMON PEPPER ZILIO 20G";"7896280402404";"56008"
"LEMON PEPPER SIAMAR 30G : LEMON PEPPER SIAMAR 30G";"7896069575824";"47672"
"LEITE UHT PIRACANJUBA ZERO LAC. A2 SEMIDESNAT. 1L : LEITE UHT PIRACANJUBA ZERO LAC. A2";"7898215157922";"67068"
"LEITE UHT PIRACANJUBA ZERO LAC. 1L SEMI DESNATADO : LEITE UHT PIRACANJUBA ZERO LAC. 1L";"7898215152811";"29478"
"LEITE UHT PIRACANJUBA ZERO LAC. 1L DESNATADO : LEITE UHT PIRACANJUBA ZERO LAC. 1L";"7898215157830";"29478"
"LEITE UHT PIRACANJUBA SEMI DESN. 1L : LEITE UHT PIRACANJUBA SEMI DESN. 1L";"7898215151777";"29482"
"LEITE UHT PIRACANJUBA INTEGRAL 1L : LEITE UHT PIRACANJUBA INTEGRAL 1L";"7898215151715";"68270"
"LEITE UHT PIRACANJUBA DESNATADO 1L : LEITE UHT PIRACANJUBA DESNATADO 1L";"7898215151739";"68272"
"LEITE UHT PIRACANJUBA A2 1L SEMI DESNATADO : LEITE UHT PIRACANJUBA A2 1L";"7898215157786";"62992"
"LEITE UHT NOLAC ITAMBE 1L SEMIDESNATADO : LEITE UHT NOLAC ITAMBE 1L";"7896051111764";"41162"
"LEITE UHT NOLAC ITAMBE 1L INTEGRAL : LEITE UHT NOLAC ITAMBE 1L";"7896051128069";"41162"
"LEITE UHT NOLAC ITAMBE 1L DESNATADO : LEITE UHT NOLAC ITAMBE 1L";"7896051128076";"41162"
"LEITE UHT NINHO ZERO LACTOSE 1L SEMIDESNATADO : LEITE UHT NINHO ZERO LACTOSE 1L";"7898215157434";"43304"
"LEITE UHT NINHO ZERO LACTOSE 1L INTEGRAL : LEITE UHT NINHO ZERO LACTOSE 1L";"7898215157410";"43304"
"LEITE UHT NINHO LEVINHO 1L SEMIDESNATADO : LEITE UHT NINHO LEVINHO 1L";"7898215157427";"16380"
"LEITE UHT NINHO INTEGRAL 1L : LEITE UHT NINHO INTEGRAL 1L";"7898215157403";"4688"
"LEITE UHT NINHO A2 1L SEMIDESNATADO : LEITE UHT NINHO A2 1L";"7898215157908";"68519"
"LEITE UHT NILZA SEMI DESNATADO 1L : LEITE UHT NILZA SEMI DESNATADO 1L";"7898080641335";"50219"
"LEITE UHT NILZA INTEGRAL 1L : LEITE UHT NILZA INTEGRAL 1L";"7898080641328";"70246"
"LEITE UHT NILZA DESNATADO 1L : LEITE UHT NILZA DESNATADO 1L";"7898080641342";"70247"
"LEITE UHT MOLICO ZERO LACTOSE 1L : LEITE UHT MOLICO ZERO LACTOSE 1L";"7898215157458";"37156"
"LEITE UHT MOLICO DESNATADO 1L DESNATADO : LEITE UHT MOLICO DESNATADO 1L";"7898215157441";"4687"
"LEITE UHT MOLICO + PROTEINA 1L ZERO LACTOSE : LEITE UHT MOLICO + PROTEINA 1L";"7898215157465";"53852"
"LEITE UHT MOCOCA SEMI DESNATADO 1L : LEITE UHT MOCOCA SEMI DESNATADO 1L";"7891030002361";"27960"
"LEITE UHT MOCOCA INTEGRAL 1L : LEITE UHT MOCOCA INTEGRAL 1L";"7891030002354";"68273"
"LEITE UHT MOCOCA DESNATADO 1L : LEITE UHT MOCOCA DESNATADO 1L";"7891030002378";"68274"
"LEITE UHT JUSSARA ZERO LACT. GFA 1L INTEGRAL : LEITE UHT JUSSARA ZERO LACT. GFA 1L";"7896283800566";"49548"
"LEITE UHT JUSSARA ZERO LACT. GFA 1L : LEITE UHT JUSSARA ZERO LACT. GFA 1L";"7896283800559";"49548"
"LEITE UHT JUSSARA MAX GARRAFA 1L SEMI DESNATADO : LEITE UHT JUSSARA MAX GARRAFA 1L";"7896283800542";"50996"
"LEITE UHT JUSSARA MAX GARRAFA 1L INTEGRAL : LEITE UHT JUSSARA MAX GARRAFA 1L";"7896283800184";"50996"
"LEITE UHT JUSSARA MAX GARRAFA 1L DESNATADO : LEITE UHT JUSSARA MAX GARRAFA 1L";"7896283800191";"50996"
"LEITE UHT ITAMBE INTEGRAL 1L : LEITE UHT ITAMBE INTEGRAL 1L";"7896051111016";"68308"
"LEITE UHT ITALAC ZERO LACTOSE 1L SEMI DESNATADO : LEITE UHT ITALAC ZERO LACTOSE 1L";"7898080640932";"47692"
"LEITE UHT ITALAC ZERO LACTOSE 1L INTEGRAL : LEITE UHT ITALAC ZERO LACTOSE 1L";"7898080642370";"47692"
"LEITE UHT ITALAC SEMI DESNATADO 1L : LEITE UHT ITALAC SEMI DESNATADO 1L";"7898080640628";"51441"
"LEITE UHT ITALAC INTEGRAL 1L : LEITE UHT ITALAC INTEGRAL 1L";"7898080640611";"68275"
"LEITE UHT ITALAC DESNATADO 1L : LEITE UHT ITALAC DESNATADO 1L";"7898080640635";"68276"
"LEITE UHT ITALAC A2 1L SEMIDESNATADO : LEITE UHT ITALAC A2 1L";"7898080643018";"65514"
"LEITE UHT ITALAC A2 1L INTEGRAL : LEITE UHT ITALAC A2 1L";"7898080643148";"65514"
"LEITE SANTO ANTONIO PASTEURIZADO 1L : LEITE SANTO ANTONIO PASTEURIZADO 1L";"7898902754366";"55001"
"LEITE PO PIRACANJUBA SACHE 700G INTEGRAL INST. : LEITE PO PIRACANJUBA SACHE 700G";"7898215157991";"71649"
"LEITE PO PIRACANJUBA SACHE 700G INTEGRAL : LEITE PO PIRACANJUBA SACHE 700G";"7898215158011";"71649"
"LEITE PO PIRACANJUBA LATA 380G INTEGRAL : LEITE PO PIRACANJUBA LATA 380G";"7898215158448";"70601"
"LEITE PO PIRACANJUBA INTEGRAL 400G INSTANTANEO : LEITE PO PIRACANJUBA INTEGRAL 400G";"7898215152439";"30980"
"LEITE PO PIRACANJUBA INTEGRAL 400G : LEITE PO PIRACANJUBA INTEGRAL 400G";"7898215152347";"30980"
"LEITE PO PIRACANJUBA INTEGRAL 200G : LEITE PO PIRACANJUBA INTEGRAL 200G";"7898215152699";"40973"
"LEITE PO PIRACANJUBA DESNATADO 500G INSTANTANEO : LEITE PO PIRACANJUBA DESNATADO 500G";"7898215158004";"71647"
"LEITE PO PIRACANJUBA DESNATADO 300G INSTANTANEO : LEITE PO PIRACANJUBA DESNATADO 300G";"7898215157953";"68906"
"LEITE PO PIRACANJUBA A2 LATA 380G INTEGRAL INST. : LEITE PO PIRACANJUBA A2 LATA 380G";"7898215157885";"66510"
"LEITE PO NINHO ZERO LACTOSE 700G LATA : LEITE PO NINHO ZERO LACTOSE 700G";"7891000261965";"57004"
"LEITE PO NINHO ZERO LACTOSE 380G : LEITE PO NINHO ZERO LACTOSE 380G";"7891000109908";"39110"
"LEITE PO NINHO INTEGRAL INST. 575G SACHE : LEITE PO NINHO INTEGRAL INST. 575G";"7891000395988";"70323"
"LEITE PO NINHO INTEGRAL INST. 350G SACHE : LEITE PO NINHO INTEGRAL INST. 350G";"7891000395905";"70326"
"LEITE PO NINHO INTEGRAL 575G SACHE : LEITE PO NINHO INTEGRAL 575G";"7891000395943";"70324"
"LEITE PO NINHO INTEGRAL 380G FORTI + : LEITE PO NINHO INTEGRAL 380G";"7891000325865";"2419"
"LEITE PO NINHO INTEGRAL 380G - 10% : LEITE PO NINHO INTEGRAL 380G - 10%";"7891000340981";"63147"
"LEITE PO NINHO INTEGRAL 350G SACHE : LEITE PO NINHO INTEGRAL 350G";"7891000396599";"70325"
"LEITE PO NINHO INSTANTANEO 380G : LEITE PO NINHO INSTANTANEO 380G";"7891000393298";"69062"
"LEITE PO NINHO IDADE ESCOLAR 750G 4 A 10 ANOS : LEITE PO NINHO IDADE ESCOLAR 750G";"7891000397206";"72842"
"LEITE PO NINHO FASES PREBIO 1+ 800G : LEITE PO NINHO FASES PREBIO 1+ 800G";"8445291357280";"7033"
"LEITE PO NINHO FASES PREBIO 1+ 400G A PARTIR 1 ANO : LEITE PO NINHO FASES PREBIO 1+ 400G";"7891000001080";"2396"
"LEITE PO NINHO ADULTO 350G SEMIDESNATADO : LEITE PO NINHO ADULTO 350G";"7891000397077";"70322"
"LEITE PO NESTOGENO 2 800G : LEITE PO NESTOGENO 2 800G";"7891000062777";"2297"
"LEITE PO NESTOGENO 2 400G : LEITE PO NESTOGENO 2 400G";"7891000056622";"3817"
"LEITE PO NESTOGENO 1 800G : LEITE PO NESTOGENO 1 800G";"7891000062739";"2374"
"LEITE PO NESTOGENO 1 400G : LEITE PO NESTOGENO 1 400G";"7891000056530";"2294"
"LEITE PO NAN COMFOR 2 800G : LEITE PO NAN COMFOR 2 800G";"7891000079522";"7053"
"LEITE PO NAN COMFOR 1 800G : LEITE PO NAN COMFOR 1 800G";"7891000071632";"2256"
"LEITE PO MOLICO ZERO LACTOSE 260G : LEITE PO MOLICO ZERO LACTOSE 260G";"7891000251638";"47726"
"LEITE PO MOLICO TOTAL CALCIO 280G DESNATADO : LEITE PO MOLICO TOTAL CALCIO 280G";"7891000101506";"34823"
"LEITE PO JUSSARA INTEGRAL 400G SACHE : LEITE PO JUSSARA INTEGRAL 400G";"7896283800863";"73713"
"LEITE ITALAC INTEGRAL 400G : LEITE ITALAC INTEGRAL 400G";"7898080640369";"47696"
"LEITE ITALAC INT. INSTANTANEO 400G SACHE : LEITE ITALAC INT. INSTANTANEO 400G";"7898080641694";"42808"
"LEITE HIDRATANTE MONANGE 400ML PELE EXTRA SECA : LEITE HIDRATANTE MONANGE 400ML";"7898919412303";"29570"
"LEITE HIDRATANTE MONANGE 400ML FRUT. VERMELHAS : LEITE HIDRATANTE MONANGE 400ML";"7898919412297";"29570"
"LEITE HIDRATANTE MONANGE 400ML FLOR DE LAVANDA : LEITE HIDRATANTE MONANGE 400ML";"7898919412280";"29570"
"LEITE FERMENTADO YAKULT LIGHT 80G : LEITE FERMENTADO YAKULT LIGHT 80G";"78936676";"42836"
"LEITE FERMENTADO YAKULT 80G UNID. : LEITE FERMENTADO YAKULT 80G UNID.";"7891156001040";"1877"
"LEITE FERMENTADO YAKULT 40 80G : LEITE FERMENTADO YAKULT 40 80G";"78914285";"44721"
"LEITE FERMENTADO ITAMBE KIDS TP 80G TRADICIONAL : LEITE FERMENTADO ITAMBE KIDS TP 80G";"7896051126089";"37148"
"LEITE FERMENTADO FRUTAP 850G : LEITE FERMENTADO FRUTAP 850G";"7896862002060";"45525"
"LEITE FERMENTADO FRUTAP 170G UVA : LEITE FERMENTADO FRUTAP 170G";"7896862002251";"48197"
"LEITE FERMENTADO FRUTAP 170G TRADICIONAL : LEITE FERMENTADO FRUTAP 170G";"7896862002107";"48197"
"LEITE FERMENTADO FRUTAP 170G LARANJA : LEITE FERMENTADO FRUTAP 170G";"7896862002237";"48197"
"LEITE FERMENTADO FRIMESA 850G : LEITE FERMENTADO FRIMESA 850G";"7896275981150";"46599"
"LEITE FERMENTADO FRIMESA 170G : LEITE FERMENTADO FRIMESA 170G";"7896275980801";"41271"
"LEITE FERMENTADO FRIMESA 1250G : LEITE FERMENTADO FRIMESA 1250G";"7896275982737";"60162"
"LEITE FERMENTADO CHAMYTO BIG 120G TRADICIONAL : LEITE FERMENTADO CHAMYTO BIG 120G";"7891000027981";"5063"
"LEITE FERMENTADO CHAMYTO 75G TRADICIONAL : LEITE FERMENTADO CHAMYTO 75G";"78928374";"5065"
"LEITE FERMENTADO ACTIVIA 75G : LEITE FERMENTADO ACTIVIA 75G";"7891025124337";"30786"
"LEITE FERMENTADO ACTIVIA 450G : LEITE FERMENTADO ACTIVIA 450G";"7891025124320";"67215"
"LEITE FAZENDA BELA VISTA 1L INTEGRAL : LEITE FAZENDA BELA VISTA 1L";"7896229800018";"45521"
"LEITE EM PO NAN SUPREME 1 H.A. 800G : LEITE EM PO NAN SUPREME 1 H.A. 800G";"7613034968371";"38080"
"LEITE EM PO ITAMBE INTEGRAL 400G INSTANTANEO : LEITE EM PO ITAMBE INTEGRAL 400G";"7896051130123";"2395"
"LEITE EM PO ITAMBE INTEGRAL 400G : LEITE EM PO ITAMBE INTEGRAL 400G";"7896051130116";"2395"
"LEITE EM PO ITALAC INTEGRAL 750G : LEITE EM PO ITALAC INTEGRAL 750G";"7898080643094";"70162"
"LEITE EM PO ITALAC INSTANTANEO 200G INTEGRAL : LEITE EM PO ITALAC INSTANTANEO 200G";"7898080641687";"59279"
"LEITE EM PO INTEGRAL ITAMBE LT 380G INSTANTANEO : LEITE EM PO INTEGRAL ITAMBE LT 380G";"7896051130291";"2384"
"LEITE EM PO DESNATADO ITAMBE 400G COM CALCIO : LEITE EM PO DESNATADO ITAMBE 400G";"7896051166252";"73640"
"LEITE EM PO DESNATADO ITAMBE 200G COM CALCIO : LEITE EM PO DESNATADO ITAMBE 200G";"7896051131069";"31542"
"LEITE DE ROSAS TRADICIONAL 100ML : LEITE DE ROSAS TRADICIONAL 100ML";"7896806700021";"597"
"LEITE DE COLONIA 200ML ORIGINAL : LEITE DE COLONIA 200ML";"7896235353256";"600"
"LEITE DE COLONIA 200ML FINAL FANTASTIC : LEITE DE COLONIA 200ML";"7896235353270";"600"
"LEITE DE COLONIA 100ML ORIGINAL : LEITE DE COLONIA 100ML";"7896235353249";"598"
"LEITE DE COLONIA 100ML FINAL FANTASTIC : LEITE DE COLONIA 100ML";"7896235353263";"598"
"LEITE DE COCO SOCOCO 200ML : LEITE DE COCO SOCOCO 200ML";"7896004400075";"823"
"LEITE DE COCO MAIS COCO 200ML : LEITE DE COCO MAIS COCO 200ML";"7896004400297";"824"
"LEITE DE COCO LIGHT COPRA 200ML VIDRO : LEITE DE COCO LIGHT COPRA 200ML";"7898596081663";"71083"
"LEITE DE COCO DO VALE 200ML : LEITE DE COCO DO VALE 200ML";"7898370100023";"43646"
"LEITE DE COCO COPRA PET 500ML : LEITE DE COCO COPRA PET 500ML";"7898596081922";"59645"
"LEITE DE COCO COPRA 500ML : LEITE DE COCO COPRA 500ML";"7898905356154";"71084"
"LEITE DE COCO COPRA 200ML : LEITE DE COCO COPRA 200ML";"7898905356161";"45938"
"LEITE DE AMENDOIM MANDUBIM 1L ORIGINAL : LEITE DE AMENDOIM MANDUBIM 1L";"7898126321122";"73391"
"LEITE CONDENSADO PIRACANJUBA 395G TP : LEITE CONDENSADO PIRACANJUBA 395G";"7898215152002";"29300"
"LEITE CONDENSADO NESLTE 395G TP ZERO LACTOSE : LEITE CONDENSADO NESLTE 395G TP";"7891000317396";"58211"
"LEITE CONDENSADO MOCA LATA 395G ABRE FACIL : LEITE CONDENSADO MOCA LATA 395G";"7891000366059";"888"
"LEITE CONDENSADO MOCA LATA 2,6KG : LEITE CONDENSADO MOCA LATA 2,6KG";"7891000004180";"3954"
"LEITE CONDENSADO LIGHT PIRACANJUBA TP 395G : LEITE CONDENSADO LIGHT PIRACANJUBA";"7898215151203";"50989"
"LEITE CONDENSADO ITAMBE TP 395G SEMIDESNATADO : LEITE CONDENSADO ITAMBE TP 395G";"7896051115014";"31544"
"LEITE CONDENSADO ITAMBE LATA 395G : LEITE CONDENSADO ITAMBE LATA 395G";"7896051115038";"890"
"LEITE CONDENSADO ITALAC ZERO LACT. TP 395G : LEITE CONDENSADO ITALAC ZERO LACT.";"7898080641564";"63655"
"LEITE CONDENSADO ITALAC TP 395G SEMIDESNATADO : LEITE CONDENSADO ITALAC TP 395G";"7898080640413";"44146"
"LEITE CONDENSADO ITALAC DESNATADO TP 395G : LEITE CONDENSADO ITALAC DESNATADO";"7898080642424";"63877"
"LEITE CONDENSADO IGUAL QUI NEM 330G SEM ACUCAR : LEITE CONDENSADO IGUAL QUI NEM 330G";"7898952542296";"67749"
"LEITE CONDENSADO 0%LACT PIRACANJUBA TP 395G : LEITE CONDENSADO 0%LACT PIRACANJUBA";"7898215151999";"37906"
"LEITE COCO COPRA PRONTO BEBER 900ML : LEITE COCO COPRA PRONTO BEBER 900ML";"7898596081014";"61233"
"LEGUMES REFOGADOS KG : LEGUMES REFOGADOS KG";"693";"6384"
"LEGUMES COZIDOS KG : LEGUMES COZIDOS KG";"8236";"25023"
"LEAVE IN VULT HIDRATACAO 100ML : LEAVE IN VULT HIDRATACAO 100ML";"7899852025469";"68718"
"LEAVE IN SERUM SEDA 110ML LUMINOUS UV : LEAVE IN SERUM SEDA 110ML";"7891150099821";"72845"
"LEAVE IN PANTENE 95ML OLEO MILAGROSO : LEAVE IN PANTENE 95ML";"7500435240512";"71088"
"LEAVE IN NEUTROX 200ML NUTRE OLEOS : LEAVE IN NEUTROX 200ML";"7908324407631";"73324"
"LEAVE IN FORMATACAO CACHOS OX 300ML PEPTIDEOS : LEAVE IN FORMATACAO CACHOS OX 300ML";"7908324408782";"73307"
"LEAVE IN DOVE 50ML BOND INTENSE : LEAVE IN DOVE 50ML";"7891150095601";"69949"
"LAVARROZ FOSCO REFORC. FORT-LAR 24 REF. 3091 : LAVARROZ FOSCO REFORC. FORT-LAR 24";"7897174430916";"8798"
"LAVA TUDO PLASUTIL COM PEGADOR 7788 : LAVA TUDO PLASUTIL COM PEGADOR";"7896042077888";"29017"
"LAVA ROUPAS YPE POWER ACT 900ML SACHE : LAVA ROUPAS YPE POWER ACT 900ML";"7896098902868";"66555"
"LAVA ROUPAS YPE POWER ACT 2,2KG : LAVA ROUPAS YPE POWER ACT 2,2KG";"7896098905135";"69900"
"LAVA ROUPAS YPE POWER ACT 1L : LAVA ROUPAS YPE POWER ACT 1L";"7896098902820";"57388"
"LAVA ROUPAS YPE ANTIBAC SACHE 900ML : LAVA ROUPAS YPE ANTIBAC SACHE 900ML";"7896098904909";"67652"
"LAVA ROUPAS VIDA MACIA 1L ROUPINHAS BEBE : LAVA ROUPAS VIDA MACIA 1L";"7896040705332";"35119"
"LAVA ROUPAS URCA SACHE 4KG CONCENTRADO : LAVA ROUPAS URCA SACHE 4KG";"7896060401856";"68227"
"LAVA ROUPAS UAU PERFUMES 3L ROSAS E SEDUCAO : LAVA ROUPAS UAU PERFUMES 3L";"7891242420137";"54070"
"LAVA ROUPAS UAU ACTIVE 3L : LAVA ROUPAS UAU ACTIVE 3L";"7891242420113";"49162"
"LAVA ROUPAS TUFF BABY 1L COLAG/ALOE VERA : LAVA ROUPAS TUFF BABY 1L";"7897534806757";"43839"
"LAVA ROUPAS TRIEX 2L MAX GREEN : LAVA ROUPAS TRIEX 2L";"7896527702762";"73973"
"LAVA ROUPAS TRIEX 2L COCO : LAVA ROUPAS TRIEX 2L";"7896527702755";"73973"
"LAVA ROUPAS TIXAN YPE SACHE 900ML PRIMAVERA : LAVA ROUPAS TIXAN YPE SACHE 900ML";"7896098904053";"67586"
"LAVA ROUPAS TIXAN YPE SACHE 900ML MACIEZ : LAVA ROUPAS TIXAN YPE SACHE 900ML";"7896098904893";"67586"
"LAVA ROUPAS TIXAN YPE SACHE 4KG PRIMAVERA : LAVA ROUPAS TIXAN YPE SACHE 4KG";"7896098909874";"66556"
"LAVA ROUPAS TIXAN YPE SACHE 4KG MACIEZ : LAVA ROUPAS TIXAN YPE SACHE 4KG";"7896098909881";"66556"
"LAVA ROUPAS TIXAN YPE SACHE 1,6KG PRIMAVERA : LAVA ROUPAS TIXAN YPE SACHE 1,6KG";"7896098909836";"45367"
"LAVA ROUPAS TIXAN YPE L1,6 P1,520KG PRIMAVERA : LAVA ROUPAS TIXAN YPE L1,6 P1,520KG";"7896098909959";"45223"
"LAVA ROUPAS TIXAN YPE L1,6 P1,520KG MACIEZ : LAVA ROUPAS TIXAN YPE L1,6 P1,520KG";"7896098909904";"45223"
"LAVA ROUPAS TIXAN YPE ANTIBAC 800G : LAVA ROUPAS TIXAN YPE ANTIBAC 800G";"7896098902790";"65151"
"LAVA ROUPAS TIXAN YPE 800G PRIMAVERA : LAVA ROUPAS TIXAN YPE 800G";"7896098909744";"40"
"LAVA ROUPAS TIXAN YPE 3L PRIMAVERA : LAVA ROUPAS TIXAN YPE 3L";"7896098901168";"50544"
"LAVA ROUPAS TIXAN YPE 3L MACIEZ : LAVA ROUPAS TIXAN YPE 3L";"7896098901373";"50544"
"LAVA ROUPAS TIXAN YPE 2,2KG PRIMAVERA : LAVA ROUPAS TIXAN YPE 2,2KG";"7896098906750";"64704"
"LAVA ROUPAS TIXAN YPE 2,2KG MACIEZ : LAVA ROUPAS TIXAN YPE 2,2KG";"7896098903933";"64704"
"LAVA ROUPAS TIXAN YPE 1,6KG PRIMAVERA : LAVA ROUPAS TIXAN YPE 1,6KG";"7896098909768";"35777"
"LAVA ROUPAS TIXAN YPE 1,6KG MACIEZ : LAVA ROUPAS TIXAN YPE 1,6KG";"7896098909775";"35777"
"LAVA ROUPAS TIXAN YPE 1,6KG GREEN : LAVA ROUPAS TIXAN YPE 1,6KG";"7896098909966";"35777"
"LAVA ROUPAS SURF 5 EM 1,3L LAVANDA : LAVA ROUPAS SURF 5 EM 1,3L";"7891150063631";"35480"
"LAVA ROUPAS SURF 5 EM 1,3L CUIDADO DO COCO : LAVA ROUPAS SURF 5 EM 1,3L";"7891150063495";"35480"
"LAVA ROUPAS SURF 5 EM 1 SACHE 900ML LAVANDA : LAVA ROUPAS SURF 5 EM 1 SACHE 900ML";"7891150091030";"67585"
"LAVA ROUPAS SURF 5 EM 1 SACHE 900ML CUIDADO DO COC : LAVA ROUPAS SURF 5 EM 1 SACHE 900ML";"7891150091047";"67585"
"LAVA ROUPAS SURF 5 EM 1 800G ROSAS/FLOR LIS : LAVA ROUPAS SURF 5 EM 1 800G";"7891150086777";"53202"
"LAVA ROUPAS SURF 5 EM 1 800G LIMAO/BICARB. : LAVA ROUPAS SURF 5 EM 1 800G";"7891150086807";"53202"
"LAVA ROUPAS SURF 5 EM 1 800G LAVANDA : LAVA ROUPAS SURF 5 EM 1 800G";"7891150086784";"53202"
"LAVA ROUPAS SURF 5 EM 1 800G CUIDADO DO COCO : LAVA ROUPAS SURF 5 EM 1 800G";"7891150086791";"53202"
"LAVA ROUPAS SURF 5 EM 1 1,6KG ROSAS/FLOR LIS : LAVA ROUPAS SURF 5 EM 1 1,6KG";"7891150086814";"53220"
"LAVA ROUPAS SURF 5 EM 1 1,6KG CUIDADO DO COCO : LAVA ROUPAS SURF 5 EM 1 1,6KG";"7891150086821";"53220"
"LAVA ROUPAS OMO ULTRA POWER 1,8L : LAVA ROUPAS OMO ULTRA POWER 1,8L";"7891150091269";"67245"
"LAVA ROUPAS OMO SANIT. & HIG. 2,2KG : LAVA ROUPAS OMO SANIT. & HIG. 2,2KG";"7891150072237";"55751"
"LAVA ROUPAS OMO SANIT. & HIG. 1,6KG : LAVA ROUPAS OMO SANIT. & HIG. 1,6KG";"7891150072152";"56453"
"LAVA ROUPAS OMO SACHE 900ML LAVANDA : LAVA ROUPAS OMO SACHE 900ML";"7891150078413";"51521"
"LAVA ROUPAS OMO SACHE 900ML LAV. PERFEITA : LAVA ROUPAS OMO SACHE 900ML";"7891150064928";"51521"
"LAVA ROUPAS OMO PURO CUIDADO 900ML SACHE : LAVA ROUPAS OMO PURO CUIDADO 900ML";"7891150064935";"51519"
"LAVA ROUPAS OMO LAVANDA 800G : LAVA ROUPAS OMO LAVANDA 800G";"7891150080188";"66355"
"LAVA ROUPAS OMO LAV. PERFEITA 2,2KG ATIVO CONCENTR : LAVA ROUPAS OMO LAV. PERFEITA 2,2KG";"7891150069121";"53472"
"LAVA ROUPAS OMO LAV. PERFEITA 1,6KG ATIVO CONCENTR : LAVA ROUPAS OMO LAV. PERFEITA 1,6KG";"7891150064331";"51414"
"LAVA ROUPAS OMO L1,6KG P1,450KG LAVAG. PERFEITA : LAVA ROUPAS OMO L1,6KG P1,450KG";"7891150081147";"58568"
"LAVA ROUPAS OMO DELICADAS DP. 900ML ORIGINAL : LAVA ROUPAS OMO DELICADAS DP. 900ML";"7891150063808";"51408"
"LAVA ROUPAS OMO DELICADAS DP. 900ML COCO : LAVA ROUPAS OMO DELICADAS DP. 900ML";"7891150063815";"51408"
"LAVA ROUPAS OMO DELICADAS DP. 900ML BEBE : LAVA ROUPAS OMO DELICADAS DP. 900ML";"7891150072800";"51408"
"LAVA ROUPAS OMO DELICADAS 900ML PRETAS/ESCURAS : LAVA ROUPAS OMO DELICADAS 900ML";"7891150072817";"57924"
"LAVA ROUPAS OMO DELICADAS 450ML ORIGINAL : LAVA ROUPAS OMO DELICADAS 450ML";"7891150067202";"48727"
"LAVA ROUPAS OMO DELICADAS 450ML COCO : LAVA ROUPAS OMO DELICADAS 450ML";"7891150067219";"48727"
"LAVA ROUPAS OMO DELICADAS 450ML BEBE : LAVA ROUPAS OMO DELICADAS 450ML";"7891150077614";"48727"
"LAVA ROUPAS OMO CONCENTRADO 500ML PURO CUIDADO : LAVA ROUPAS OMO CONCENTRADO 500ML";"7891150077324";"55028"
"LAVA ROUPAS OMO CONCENTRADO 500ML LAVAG. PERFEITA : LAVA ROUPAS OMO CONCENTRADO 500ML";"7891150061415";"55028"
"LAVA ROUPAS OMO BRANCO ABSOL. 360G EXPERT : LAVA ROUPAS OMO BRANCO ABSOL. 360G";"7891150092211";"67761"
"LAVA ROUPAS OMO 800G + PURO CUIDADO : LAVA ROUPAS OMO 800G";"7891150064652";"51410"
"LAVA ROUPAS OMO 800G - GRATIS 200G LAV. PERFEITA : LAVA ROUPAS OMO 800G - GRATIS 200G";"7891150100244";"71420"
"LAVA ROUPAS OMO 3L PURO CUIDADO : LAVA ROUPAS OMO 3L";"7891150044906";"30470"
"LAVA ROUPAS OMO 3L LAVANDA : LAVA ROUPAS OMO 3L";"7891150062825";"30470"
"LAVA ROUPAS OMO 3L LAV. PERFEITA : LAVA ROUPAS OMO 3L";"7891150020689";"30470"
"LAVA ROUPAS OMO 1,6KG PURO CUIDADO : LAVA ROUPAS OMO 1,6KG";"7891150064676";"51409"
"LAVA ROUPAS OMO 1,6KG LAVANDA : LAVA ROUPAS OMO 1,6KG";"7891150080201";"51409"
"LAVA ROUPAS OMO 1,6KG - GRATIS 320G LAV. PERFEITA : LAVA ROUPAS OMO 1,6KG - GRATIS 320G";"7891150093546";"71542"
"LAVA ROUPAS OLA L1L P800ML ORIGINAL : LAVA ROUPAS OLA L1L P800ML";"7509546695716";"73773"
"LAVA ROUPAS OLA L1L P800ML BEBE : LAVA ROUPAS OLA L1L P800ML";"7509546695723";"73773"
"LAVA ROUPAS OLA 500ML ORIGINAL : LAVA ROUPAS OLA 500ML";"7891024128503";"7627"
"LAVA ROUPAS OLA 500ML COCO : LAVA ROUPAS OLA 500ML";"7891024039847";"7627"
"LAVA ROUPAS OLA 500ML BEBE : LAVA ROUPAS OLA 500ML";"7891024128510";"7627"
"LAVA ROUPAS MINUANO 800G MAXIMA LIMPEZA : LAVA ROUPAS MINUANO 800G";"7908324403343";"62780"
"LAVA ROUPAS MINUANO 1,6KG AZUL : LAVA ROUPAS MINUANO 1,6KG";"7908324403350";"67262"
"LAVA ROUPAS LIQ. TIXAN YPE 1L PRIMAVERA : LAVA ROUPAS LIQ. TIXAN YPE 1L";"7896098900369";"23514"
"LAVA ROUPAS COQUEL 1,5L - 15% DESC. : LAVA ROUPAS COQUEL 1,5L - 15% DESC.";"7896040706575";"54372"
"LAVA ROUPAS BRILHANTE SACHE 800G DELICAD. TOTAL : LAVA ROUPAS BRILHANTE SACHE 800G";"7891150086500";"53193"
"LAVA ROUPAS BRILHANTE SACHE 800G CUIDADO TOTAL : LAVA ROUPAS BRILHANTE SACHE 800G";"7891150086456";"53193"
"LAVA ROUPAS BRILHANTE LIQUIDO 900ML LIMPEZA TOTAL : LAVA ROUPAS BRILHANTE LIQUIDO 900ML";"7891150066519";"53199"
"LAVA ROUPAS BRILHANTE LIQUIDO 900ML HIGIENE TOTAL : LAVA ROUPAS BRILHANTE LIQUIDO 900ML";"7891150066526";"53199"
"LAVA ROUPAS BRILHANTE LIQUIDO 3L LIMPEZA TOTAL : LAVA ROUPAS BRILHANTE LIQUIDO 3L";"7891150020672";"41297"
"LAVA ROUPAS BRILHANTE LIQUIDO 3L HIGIENE TOTAL : LAVA ROUPAS BRILHANTE LIQUIDO 3L";"7891150064713";"41297"
"LAVA ROUPAS BRILHANTE LIQUIDO 3L DELICAD. TOTAL : LAVA ROUPAS BRILHANTE LIQUIDO 3L";"7891150071193";"41297"
"LAVA ROUPAS BRILHANTE L1,6P1,450KG. LIMPEZA TOTAL : LAVA ROUPAS BRILHANTE L1,6P1,450KG.";"7891150086401";"59092"
"LAVA ROUPAS BRILHANTE DILUIR + GF LIMPEZA TOTAL : LAVA ROUPAS BRILHANTE DILUIR + GF";"7891150077294";"56455"
"LAVA ROUPAS BRILHANTE ANTIBAC 1,6KG HIGIENE TOTAL : LAVA ROUPAS BRILHANTE ANTIBAC 1,6KG";"7891150066632";"62184"
"LAVA ROUPAS BRILHANTE 800G LIMPEZA TOTAL : LAVA ROUPAS BRILHANTE 800G";"7891150086524";"53197"
"LAVA ROUPAS BRILHANTE 800G HIGIENE TOTAL : LAVA ROUPAS BRILHANTE 800G";"7891150091481";"53197"
"LAVA ROUPAS BRILHANTE 800G DELICAD. TOTAL : LAVA ROUPAS BRILHANTE 800G";"7891150093881";"53197"
"LAVA ROUPAS BRILHANTE 800G CUIDADO TOTAL : LAVA ROUPAS BRILHANTE 800G";"7891150091511";"53197"
"LAVA ROUPAS BRILHANTE 2,2KG LIMPEZA TOTAL : LAVA ROUPAS BRILHANTE 2,2KG";"7891150086531";"53195"
"LAVA ROUPAS BRILHANTE 1,6KG LIMPEZA TOTAL : LAVA ROUPAS BRILHANTE 1,6KG";"7891150086555";"53198"
"LAVA ROUPAS BRILHANTE 1,6KG HIGIENE TOTAL : LAVA ROUPAS BRILHANTE 1,6KG";"7891150091535";"53198"
"LAVA ROUPAS BABY SOFT 1,6KG CONCENTRADO : LAVA ROUPAS BABY SOFT 1,6KG";"7896075912538";"66557"
"LAVA ROUPAS ASSIM TRIPLACAO 800G BICARBONATO : LAVA ROUPAS ASSIM TRIPLACAO 800G";"7908324402681";"65201"
"LAVA ROUPAS ASSIM TRIPLACAO 2,4KG : LAVA ROUPAS ASSIM TRIPLACAO 2,4KG";"7908324402797";"68497"
"LAVA ROUPAS ASSIM TRIPLACAO 2,2KG : LAVA ROUPAS ASSIM TRIPLACAO 2,2KG";"7908324409437";"74142"
"LAVA ROUPAS ASSIM TRIPLACAO 1,6KG : LAVA ROUPAS ASSIM TRIPLACAO 1,6KG";"7908324401738";"67260"
"LAVA ROUPAS ASSIM SACHE 800G FLORAL : LAVA ROUPAS ASSIM SACHE 800G";"7908324402711";"63962"
"LAVA ROUPAS ASSIM SACHE 1,6KG TRIPLACAO : LAVA ROUPAS ASSIM SACHE 1,6KG";"7908324402728";"49066"
"LAVA ROUPAS ASSIM BICARBONATO 1L : LAVA ROUPAS ASSIM BICARBONATO 1L";"7908324405217";"67981"
"LAVA ROUPAS ARIEL/DOWNY SACHE 900ML : LAVA ROUPAS ARIEL/DOWNY SACHE 900ML";"7500435156622";"56962"
"LAVA ROUPAS ARIEL SACHE 700ML CORES RADIANTES : LAVA ROUPAS ARIEL SACHE 700ML";"7500435141987";"40471"
"LAVA ROUPAS ARIEL SACHE 1,5L CLASSIC : LAVA ROUPAS ARIEL SACHE 1,5L";"7500435141994";"50738"
"LAVA ROUPAS ARIEL POWER 2L : LAVA ROUPAS ARIEL POWER 2L";"7500435115315";"40473"
"LAVA ROUPA COQUEL 500ML ROUPAS ESCURAS : LAVA ROUPA COQUEL 500ML";"7896040702140";"7640"
"LAVA ROUPA COQUEL 500ML LAVANDA : LAVA ROUPA COQUEL 500ML";"7896040700283";"7640"
"LAVA ROUPA COQUEL 500ML COCO : LAVA ROUPA COQUEL 500ML";"7896040700207";"7640"
"LAVA LOUCAS YPE ULTRA GEL 416G NEUTRO : LAVA LOUCAS YPE ULTRA GEL 416G";"7896098902028";"47773"
"LAVA LOUCAS YPE ULTRA GEL 416G NEO ENERGY : LAVA LOUCAS YPE ULTRA GEL 416G";"7896098902035";"47773"
"LAVA LOUCAS YPE ULTRA GEL 416G ANTIBAC : LAVA LOUCAS YPE ULTRA GEL 416G";"7896098902073";"47773"
"LAVA LOUCAS YPE PO MAQUINA 450G  : LAVA LOUCAS YPE PO MAQUINA 450G";"7896098902639";"62191"
"LAVA LOUCAS YPE GREEN GEL 406G : LAVA LOUCAS YPE GREEN GEL 406G";"7896098902080";"67239"
"LAVA LOUCAS YPE GREEN 500ML : LAVA LOUCAS YPE GREEN 500ML";"7896098902103";"67238"
"LAVA LOUCAS YPE ANTIBAC 500ML : LAVA LOUCAS YPE ANTIBAC 500ML";"7896098902066";"61621"
"LAVA LOUCAS YPE 5L NEUTRO : LAVA LOUCAS YPE 5L";"7896098905203";"23553"
"LAVA LOUCAS YPE 500ML NEUTRO : LAVA LOUCAS YPE 500ML";"7896098900208";"7"
"LAVA LOUCAS YPE 500ML MACA : LAVA LOUCAS YPE 500ML";"7896098900215";"7"
"LAVA LOUCAS YPE 500ML LIMAO : LAVA LOUCAS YPE 500ML";"7896098900222";"7"
"LAVA LOUCAS YPE 500ML COCO : LAVA LOUCAS YPE 500ML";"7896098900239";"7"
"LAVA LOUCAS YPE 500ML CLEAR CARE : LAVA LOUCAS YPE 500ML";"7896098900277";"7"
"LAVA LOUCAS YPE 500ML CLEAR : LAVA LOUCAS YPE 500ML";"7896098900253";"7"
"LAVA LOUCAS YPE 500ML CAPIM LIMAO : LAVA LOUCAS YPE 500ML";"7896098902042";"7"
"LAVA LOUCAS YPE 500ML - 6UN NEUTRO : LAVA LOUCAS YPE 500ML - 6UN";"7896098906200";"33454"
"LAVA LOUCAS YPE 500ML - 6UN CLEAR : LAVA LOUCAS YPE 500ML - 6UN";"7896098900840";"33454"
"LAVA LOUCAS YPE 500ML - 2UN+ESPONJA CLEAR : LAVA LOUCAS YPE 500ML - 2UN+ESPONJA";"7896098902677";"68365"
"LAVA LOUCAS TRIEX 5L NEUTRO : LAVA LOUCAS TRIEX 5L";"7896527700485";"63513"
"LAVA LOUCAS TRIEX 500ML NEUTRO : LAVA LOUCAS TRIEX 500ML";"7896527700751";"4744"
"LAVA LOUCAS TRIEX 500ML MACA : LAVA LOUCAS TRIEX 500ML";"7896527700768";"4744"
"LAVA LOUCAS TRIEX 500ML LIMAO : LAVA LOUCAS TRIEX 500ML";"7896527700775";"4744"
"LAVA LOUCAS TRIEX 500ML CLEAR : LAVA LOUCAS TRIEX 500ML";"7896527700782";"4744"
"LAVA LOUCAS RAJJA 5L NEUTRO : LAVA LOUCAS RAJJA 5L";"7898285311033";"71106"
"LAVA LOUCAS MINUANO 500ML NEUTRO : LAVA LOUCAS MINUANO 500ML";"7897664130036";"13054"
"LAVA LOUCAS MINUANO 500ML MACA : LAVA LOUCAS MINUANO 500ML";"7897664130012";"13054"
"LAVA LOUCAS MINUANO 500ML FRESH : LAVA LOUCAS MINUANO 500ML";"7897664130043";"13054"
"LAVA LOUCAS MINUANO 500ML COCO : LAVA LOUCAS MINUANO 500ML";"7897664130302";"13054"
"LAVA LOUCAS LIMPOL 500ML NEUTRO : LAVA LOUCAS LIMPOL 500ML";"7891022638004";"8"
"LAVA LOUCAS LIMPOL 500ML MACA : LAVA LOUCAS LIMPOL 500ML";"7891022639001";"8"
"LAVA LOUCAS LIMPOL 500ML LIMAO : LAVA LOUCAS LIMPOL 500ML";"7891022637007";"8"
"LAVA LOUCAS LIMPOL 500ML LAVANDA : LAVA LOUCAS LIMPOL 500ML";"7891022860955";"8"
"LAVA LOUCAS LIMPOL 500ML CRISTAL : LAVA LOUCAS LIMPOL 500ML";"7891022100372";"8"
"LAVA LOUCAS LIMPOL 500ML COCO : LAVA LOUCAS LIMPOL 500ML";"7891022640007";"8"
"LAVA LOUCAS ESFRELUX 500ML TANGERINA CONT. : LAVA LOUCAS ESFRELUX 500ML";"7896314720177";"53318"
"LAVA LOUCAS ESFRELUX 500ML NEUTRO : LAVA LOUCAS ESFRELUX 500ML";"7896314720108";"53318"
"LAVA LOUCAS ESFRELUX 500ML MEL CONTROL : LAVA LOUCAS ESFRELUX 500ML";"7896314720160";"53318"
"LAVA LOUCAS ESFRELUX 500ML MACA : LAVA LOUCAS ESFRELUX 500ML";"7896314720139";"53318"
"LAVA LOUCAS ESFRELUX 500ML LIMAO : LAVA LOUCAS ESFRELUX 500ML";"7896314720122";"53318"
"LAVA LOUCAS ESFRELUX 500ML CLEAR : LAVA LOUCAS ESFRELUX 500ML";"7896314720115";"53318"
"LAVA LOUCAS ESFRELUX 500ML CAPIM LIMAO : LAVA LOUCAS ESFRELUX 500ML";"7896314720153";"53318"
"LAVA AUTO PROAUTO COM BRILHO 500ML  : LAVA AUTO PROAUTO COM BRILHO 500ML";"7896189217109";"36837"
"LAVA AUTO PROAUTO CLASSIC 500ML NEUTRO : LAVA AUTO PROAUTO CLASSIC 500ML";"7897520100135";"33874"
"LAVA AUTO COM CERA LUXCAR 500ML  : LAVA AUTO COM CERA LUXCAR 500ML";"7896498525193";"74613"
"LAVA AUTO AUTOCRAF PROAUTO 500ML  : LAVA AUTO AUTOCRAF PROAUTO 500ML";"7896189225029";"36938"
"LASANHEIRA MARINEX 5L : LASANHEIRA MARINEX 5L";"7891155065135";"7848"
"LASANHA SEARA 600G FRANGO : LASANHA SEARA 600G";"7894904070596";"10290"
"LASANHA SEARA 600G CALABRESA : LASANHA SEARA 600G";"7894904070602";"10290"
"LASANHA SEARA 600G BOLONHESA : LASANHA SEARA 600G";"7894904082704";"10290"
"LASANHA SEARA 600G 4 QUEIJOS : LASANHA SEARA 600G";"7894904082728";"10290"
"LASANHA SEARA 350G BOLONHESA : LASANHA SEARA 350G";"7894904578658";"62982"
"LASANHA SEARA 1KG BOLONHESA : LASANHA SEARA 1KG";"7894904798988";"2004"
"LASANHA SADIA 600G QUATRO QUEIJOS : LASANHA SADIA 600G";"7893000492981";"2011"
"LASANHA SADIA 600G PRES./QJ. SUGO : LASANHA SADIA 600G";"7891515475697";"2011"
"LASANHA SADIA 600G BOLONHESA : LASANHA SADIA 600G";"7893000439825";"2011"
"LASANHA SADIA 350G BOLONHESA : LASANHA SADIA 350G";"7893000674233";"73260"
"LASANHA SADIA 350G 4 QUEIJOS : LASANHA SADIA 350G";"7893000674073";"73260"
"LASANHA REZENDE 600G PRESUNTO/QUEIJO : LASANHA REZENDE 600G";"7894904678761";"8380"
"LASANHA REZENDE 600G FRANGO : LASANHA REZENDE 600G";"7894904678679";"8380"
"LASANHA REZENDE 600G BOLONHESA : LASANHA REZENDE 600G";"7894904678556";"8380"
"LASANHA RENATA SEMOLA COM OVOS 500G  : LASANHA RENATA SEMOLA COM OVOS 500G";"7896022200121";"10513"
"LASANHA KG : LASANHA KG";"213";"4994"
"LASANHA DE BERINJELA KG : LASANHA DE BERINJELA KG";"1360";"11009"
"LASANHA DE 500G : LASANHA DE 500G";"7896193800021";"1643"
"LASANHA DE 200G : LASANHA DE 200G";"7896193800106";"1631"
"LASANHA ADRIA 500G : LASANHA ADRIA 500G";"7896205788408";"48055"
"LARANJA PERA RIO KG : LARANJA PERA RIO KG";"511";"2636"
"LARANJA PERA RIO IRMAOS JORA 3KG : LARANJA PERA RIO IRMAOS JORA 3KG";"7898420891055";"75169"
"LARANJA LIMA KG : LARANJA LIMA KG";"510";"2635"
"LARANJA BAIANA KG : LARANJA BAIANA KG";"509";"2633"
"LAPIS PRETO FABER CASTELL+APONTADOR SEXTAVADO Nº2B : LAPIS PRETO FABER CASTELL+APONTADOR";"7891360489078";"9514"
"LAPIS COR FABER CASTELL 24 CORES ECOLAPIS SEXTAV : LAPIS COR FABER CASTELL 24 CORES";"7891360458142";"53667"
"LAPIS COR FABER CASTELL 12 CORES ECOLAPIS SEXTAV : LAPIS COR FABER CASTELL 12 CORES";"7891360458319";"9597"
"LAPIS COR FABER CASTELL + 2LP 12 CORES : LAPIS COR FABER CASTELL + 2LP";"7891360674757";"73428"
"LANCHONETE PIZZA KG : LANCHONETE PIZZA KG";"3623";"31167"
"LANCHONETE CIGARRETE DE FRANGO UN : LANCHONETE CIGARRETE DE FRANGO UN";"3108";"26560"
"LANCHONETE CIGARRETE DE CARNE UN : LANCHONETE CIGARRETE DE CARNE UN";"7743";"63010"
"LANCHE X-FAROESTE AURORA 145G X-FRANGO/MAION. : LANCHE X-FAROESTE AURORA 145G";"7891164026967";"64470"
"LANCHE X-FAROESTE AURORA 145G X-CHEDDAR/CEB. : LANCHE X-FAROESTE AURORA 145G";"7891164026974";"64470"
"LANCHE X-FAROESTE AURORA 145G X-BURGUER/MOLHO : LANCHE X-FAROESTE AURORA 145G";"7891164026950";"64470"
"LANCHE X-FAROESTE AURORA 145G X-BACON/REQ. : LANCHE X-FAROESTE AURORA 145G";"7891164026943";"64470"
"LANCHE NATURAL PAO SIRIO KG : LANCHE NATURAL PAO SIRIO KG";"3133";"27539"
"LANCHE INTEGRAL RECHEADO KG : LANCHE INTEGRAL RECHEADO      ";"4456";"34262"
"LAMPADA LORENZETTI LED BULBO 9W : LAMPADA LORENZETTI LED BULBO 9W";"7896451873750";"54135"
"LAMPADA LORENZETTI LED BULBO 12W : LAMPADA LORENZETTI LED BULBO 12W";"7896451874924";"54136"
"LAMPADA KIAN LED GLOBE 40W E27 BIVOLT 6.5K : LAMPADA KIAN LED GLOBE 40W E27";"7899710009884";"67027"
"LAMPADA KIAN LED GLOBE 30W E27 BIVOLT 6.5K : LAMPADA KIAN LED GLOBE 30W E27";"7899710009877";"67028"
"LAMPADA KIAN LED CLASSIC 9W E27 : LAMPADA KIAN LED CLASSIC 9W E27";"7899710006531";"44258"
"LAMPADA KIAN LED CLASSIC 6W E27 : LAMPADA KIAN LED CLASSIC 6W E27";"7899710006517";"44440"
"LAMPADA KIAN LED A9W ANTI-INSETO : LAMPADA KIAN LED A9W ANTI-INSETO";"7899710015724";"72301"
"LAMPADA KIAN ECOLOGENA A55 42W 127V : LAMPADA KIAN ECOLOGENA A55 42W 127V";"7898495149549";"38051"
"LAMPADA KIAN ECOLOGENA A55 100W 127V : LAMPADA KIAN ECOLOGENA A55 100W";"7898495149587";"38053"
"LAMPADA KIAN CLASSIC LED 15W E27 : LAMPADA KIAN CLASSIC LED 15W E27";"7899710006579";"41504"
"LAMPADA KIAN CLASSIC LED 12W E27 : LAMPADA KIAN CLASSIC LED 12W E27";"7899710006555";"41503"
"LAMPADA GALAXY LED 9W 6500K : LAMPADA GALAXY LED 9W 6500K";"7899932504020";"50729"
"LAMPADA GALAXY LED 7W 6500K : LAMPADA GALAXY LED 7W 6500K";"7899932504006";"50728"
"LAMPADA GALAXY LED 4,8W 6500K : LAMPADA GALAXY LED 4,8W 6500K";"7899932507106";"50727"
"LAMPADA GALAXY LED 15W 6500K : LAMPADA GALAXY LED 15W 6500K";"7899932507274";"50731"
"LAMPADA GALAXY LED 12W 6500K : LAMPADA GALAXY LED 12W 6500K";"7899932504044";"50730"
"LAMPADA AVANT LED PERA 9W BRANCA 6500K BIVOLT : LAMPADA AVANT LED PERA 9W BRANCA";"7899452032119";"72208"
"LAMPADA AVANT LED PERA 15W BRANCA 6.500 BIVOLT : LAMPADA AVANT LED PERA 15W BRANCA";"7899452032133";"72207"
"LAMPADA AVANT LED PERA 12W BRANCA 6.500K BIVOLT : LAMPADA AVANT LED PERA 12W BRANCA";"7899452032126";"72209"
"LAMINA INOX WILKINSON 3UN : LAMINA INOX WILKINSON 3UN";"7891051015210";"8950"
"LAMINA DUPLO FIO PLATINUM ENOX 4 UN : LAMINA DUPLO FIO PLATINUM ENOX 4 UN";"7897517917548";"71858"
"LAMINA BABEAR BIC CHROME PLATINUM. : LAMINA BABEAR BIC CHROME PLATINUM.";"70330709003";"9983"
"LAMEN KARUI 78G LEGUMES : LAMEN KARUI 78G";"7898270962202";"70074"
"LAMEN KARUI 78G GALINHA CAIPIRA : LAMEN KARUI 78G";"7898270962264";"70074"
"LAMEN KARUI 78G GALINHA : LAMEN KARUI 78G";"7898270962172";"70074"
"LAMEN KARUI 78G CARNE : LAMEN KARUI 78G";"7898270962158";"70074"
"KOMBUCHA DA CA VIDRO 365ML UVA INTEGRAL : KOMBUCHA DA CA VIDRO 365ML";"7898968248168";"68362"
"KOMBUCHA DA CA VIDRO 365ML MORANGO/HIBISCO : KOMBUCHA DA CA VIDRO 365ML";"7898968248205";"68362"
"KOMBUCHA DA CA VIDRO 365ML GUARANA ORG. : KOMBUCHA DA CA VIDRO 365ML";"7898968248465";"68362"
"KOMBUCHA DA CA VIDRO 365ML CAJUINA : KOMBUCHA DA CA VIDRO 365ML";"7898968248236";"68362"
"KIWI PICADO KG : KIWI PICADO KG";"7643";"62374"
"KIWI KG : KIWI KG";"508";"2630"
"KIWI BANDEJA 600G : KIWI BANDEJA 600G";"8033355725597";"2503"
"KIWI BANDEJA 500G : KIWI BANDEJA 500G";"7898960123098";"39888"
"KIT VAI LAVAR 4 EM 1 LUXCAR  : KIT VAI LAVAR 4 EM 1 LUXCAR";"7896498522000";"74611"
"KIT SANTANA INFANTIL 3PCS PRATO/ CANECA/ COLHER : KIT SANTANA INFANTIL 3PCS PRATO/";"7896355706055";"62843"
"KIT PROMOCIONAL KDOG : KIT PROMOCIONAL KDOG";"7896183314903";"68685"
"KIT PARA UNHAS PAIS E FILHOS ROSA : KIT PARA UNHAS PAIS E FILHOS";"7896647077887";"66203"
"KIT PALITOS PROFISSIONAIS ENOX : KIT PALITOS PROFISSIONAIS ENOX";"7897517903749";"71883"
"KIT MEDIDOR PLASUTIL 9PC 9564 : KIT MEDIDOR PLASUTIL 9PC";"7899808890608";"58398"
"KIT INTERDENTAL JADEFROG PRODUO ADULTO/MACIA : KIT INTERDENTAL JADEFROG PRODUO";"7897217400487";"36057"
"KIT HIDRATANTE CORPO/MAOS VULT HIDRATACAO INT : KIT HIDRATANTE CORPO/MAOS VULT";"7899852023823";"69390"
"KIT FEIJOADA PAINEIRA 600G : KIT FEIJOADA PAINEIRA 600G";"7896052422012";"69014"
"KIT EUDORA INSTANCE KARITE : KIT EUDORA INSTANCE KARITE";"7891033568154";"69391"
"KIT EUDORA INSTANCE FR. VERMELHAS : KIT EUDORA INSTANCE FR. VERMELHAS";"7891033566150";"69392"
"KIT ESCOLAR HB LEONORA 4PC PINGUIM : KIT ESCOLAR HB LEONORA 4PC";"7897256221814";"73424"
"KIT ESCOLAR HB LEONORA 4PC DONUT : KIT ESCOLAR HB LEONORA 4PC";"7897256221784";"73424"
"KIT ESCOLAR HB LEONORA 4PC DINO : KIT ESCOLAR HB LEONORA 4PC";"7897256221852";"73424"
"KIT ESCOLAR HB LEONORA 4PC ASTRONAUTA : KIT ESCOLAR HB LEONORA 4PC";"7897256274704";"73424"
"KIT CHURR. ORIGINAL FACA 7 GARFO 5 : KIT CHURR. ORIGINAL FACA 7 GARFO 5";"7899471613863";"61910"
"KIT AUTO CARE PROAUTO LAC/LPC/SG+ESP : KIT AUTO CARE PROAUTO";"7898645220517";"53358"
"KIBE UNID. : KIBE UNID.";"672";"10396"
"KIBE SADIA 500G : KIBE SADIA 500G";"7893000122116";"73560"
"KIBE DE FORNO RECHEADO KG : KIBE DE FORNO RECHEADO KG";"7202";"58886"
"KIBE CRU EMBALADO KG : KIBE CRU EMBALADO KG";"214";"4995"
"KETCHUP ZERO ACUCAR SIAMAR 220G : KETCHUP ZERO ACUCAR SIAMAR 220G";"7896069575848";"48131"
"KETCHUP SIAMAR 980G TRADICIONAL : KETCHUP SIAMAR 980G";"7896069575367";"49843"
"KETCHUP SIAMAR 400G TRADICIONAL : KETCHUP SIAMAR 400G";"7896069572434";"7426"
"KETCHUP SIAMAR 400G PICANTE : KETCHUP SIAMAR 400G";"7896069572694";"7426"
"KETCHUP SIAMAR 190G TRADICIONAL : KETCHUP SIAMAR 190G";"7896069575107";"9380"
"KETCHUP PREDILECTA TRADICIONAL 400G TRADICIONAL : KETCHUP PREDILECTA TRADICIONAL 400G";"7896292300460";"2190"
"KETCHUP PREDILECTA PICANTE 400G : KETCHUP PREDILECTA PICANTE 400G";"7896292360464";"46702"
"KETCHUP PREDILECTA 3,2KG : KETCHUP PREDILECTA 3,2KG";"7896292300422";"10640"
"KETCHUP HEMMER TRADICIONAL 750G : KETCHUP HEMMER TRADICIONAL 750G";"7891031409121";"65825"
"KETCHUP HEMMER TRADICIONAL 320G : KETCHUP HEMMER TRADICIONAL 320G";"7891031409404";"33761"
"KETCHUP HEMMER TRADICIONAL 1KG : KETCHUP HEMMER TRADICIONAL 1KG";"7891031409091";"45694"
"KETCHUP HEMMER PICANTE 320G : KETCHUP HEMMER PICANTE 320G";"7891031409053";"34435"
"KETCHUP HEMMER LIGHT PREMIUM 310G : KETCHUP HEMMER LIGHT PREMIUM 310G";"7891031409039";"33760"
"KETCHUP HELLMANNS SUPREME NBA 390G : KETCHUP HELLMANNS SUPREME NBA 390G";"7891150097940";"73972"
"KETCHUP HELLMANNS 380G TRADICIONAL : KETCHUP HELLMANNS 380G";"7891150027848";"34662"
"KETCHUP HELLMANNS 380G PICANTE : KETCHUP HELLMANNS 380G";"7891150027831";"34662"
"KETCHUP HEINZ TRADICIONAL 567G : KETCHUP HEINZ TRADICIONAL 567G";"7896102503722";"30882"
"KETCHUP HEINZ TRADICIONAL 397G : KETCHUP HEINZ TRADICIONAL 397G";"7896102503708";"23417"
"KETCHUP HEINZ TRADICIONAL 1,033KG : KETCHUP HEINZ TRADICIONAL 1,033KG";"7896102000122";"51133"
"KETCHUP HEINZ PICLES 397G : KETCHUP HEINZ PICLES 397G";"7896102501544";"58962"
"KETCHUP HEINZ PICANTE 397G : KETCHUP HEINZ PICANTE 397G";"7896102593068";"45104"
"KETCHUP HEINZ BACON & CEBOLA 397G CARAMELIZADA : KETCHUP HEINZ BACON & CEBOLA 397G";"7896102000368";"50862"
"KETCHUP FUGINI TRAD. SACHE 1,7KG : KETCHUP FUGINI TRAD. SACHE 1,7KG";"7897517207168";"62220"
"KETCHUP FUGINI BICO SACHE 180G TRADICIONAL : KETCHUP FUGINI BICO SACHE 180G";"7897517207540";"58210"
"KETCHUP FUGINI BICO SACHE 180G PICANTE : KETCHUP FUGINI BICO SACHE 180G";"7897517200077";"58210"
"KETCHUP CASTELO TRADICIONAL 380G : KETCHUP CASTELO TRADICIONAL 380G";"7896048285515";"44022"
"KALANCHOE P11 : KALANCHOE P11";"7897727617184";"35520"
"KAFTA LINGUICA APIMENTADA KG : KAFTA LINGUICA APIMENTADA KG";"1138";"5445"
"KAFTA CARNE KG : KAFTA CARNE KG";"76";"3224"
"JURUPINGA DINALLE 975ML : JURUPINGA DINALLE 975ML";"7896356600772";"1874"
"JURUBEBA LEAO DO NORTE 600ML : JURUBEBA LEAO DO NORTE 600ML";"7896486100012";"43516"
"JURUBEBA CANGACEIRO DO NORTE 600ML TRADICIONAL : JURUBEBA CANGACEIRO DO NORTE 600ML";"7896051217008";"1743"
"JOGO TRINCHANTE TRAMONTINA PROFIT 2 PC : JOGO TRINCHANTE TRAMONTINA PROFIT";"7891112325999";"69358"
"JOGO TACAS NADIR PAULISTA SORVETE 400ML - 03PC : JOGO TACAS NADIR PAULISTA SORVETE";"7891155010173";"62959"
"JOGO TACAS NADIR MISTIC 4PC 220ML : JOGO TACAS NADIR MISTIC 4PC 220ML";"7891155072737";"56761"
"JOGO DE FUNIL PARAMOUNT 4PCS : JOGO DE FUNIL PARAMOUNT 4PCS";"7897659600551";"62587"
"JOGO COPOS NADIR ZUMBA 270ML 6PCS CRISTALINO : JOGO COPOS NADIR ZUMBA 270ML 6PCS";"7891155065814";"50511"
"JOGO COPOS NADIR TRIANGULO 280ML LAGUNA : JOGO COPOS NADIR TRIANGULO 280ML";"7891155033677";"12923"
"JOGO COPOS NADIR TRIANGULO 280ML GINGA : JOGO COPOS NADIR TRIANGULO 280ML";"7891155025115";"12923"
"JOGO COPOS NADIR MANCHESTER 6PC 310ML : JOGO COPOS NADIR MANCHESTER 6PC";"7891155062844";"56766"
"JOGO COPOS NADIR LOSANGO 265ML MARACATU : JOGO COPOS NADIR LOSANGO 265ML";"7891155017608";"52810"
"JOGO COPOS NADIR LIGTHS 300ML 6PC : JOGO COPOS NADIR LIGTHS 300ML 6PC";"7891155054122";"28717"
"JOGO COPOS NADIR CASUAL 6PC 250ML : JOGO COPOS NADIR CASUAL 6PC 250ML";"7891155062806";"56765"
"JOGO COPOS NADIR CAIRO 350ML 6PC  : JOGO COPOS NADIR CAIRO 350ML 6PC";"7891155058304";"49791"
"JOGO COPOS NADIR ARUBA 6PC 475ML CRISTAL : JOGO COPOS NADIR ARUBA 6PC 475ML";"7891155062837";"53104"
"JOGO CHURRASCO TRAMONTINA DYNAMIC 3PC : JOGO CHURRASCO TRAMONTINA DYNAMIC";"7891112253469";"55008"
"JILO PICADO BANDEJA KG : JILO PICADO BANDEJA KG";"354";"7647"
"JILO KG : JILO KG";"504";"2934"
"JIBOIA VERDE C21 : JIBOIA VERDE C21";"7896553651706";"35559"
"JERKED BEEF TRASEIRO PAINEIRA 250G : JERKED BEEF TRASEIRO PAINEIRA 250G";"7896052404858";"69013"
"JERKED BEEF PUL DIANTEIRO 400G : JERKED BEEF PUL DIANTEIRO 400G";"7898213808291";"45285"
"JERKED BEEF DIANTEIRO PAINEIRA 250G : JERKED BEEF DIANTEIRO PAINEIRA 250G";"7896052404902";"69012"
"JARRA SANREMO 2L : JARRA SANREMO 2L";"7896359023455";"59535"
"JARRA PLASUTIL GLAMOUR 2L  : JARRA PLASUTIL GLAMOUR 2L";"7899808871935";"62471"
"JARRA PLASUTIL COM ESPREMEDOR 1L REF. 147 : JARRA PLASUTIL COM ESPREMEDOR 1L";"7896042001470";"15418"
"JARRA NADIR TANGO 1,5L : JARRA NADIR TANGO 1,5L";"7891155065869";"40951"
"JARRA JAGUAR COM ESPREMEDOR 1,2L : JARRA JAGUAR COM ESPREMEDOR 1,2L";"7896952514862";"59629"
"JARRA JAGUAR 2L : JARRA JAGUAR 2L";"7896952500780";"22062"
"JARRA GRADUADA INJETEMP 1L : JARRA GRADUADA INJETEMP 1L";"7896900201400";"46823"
"JARRA BOJUDA POLIDA FORT-LAR 1,5L 1 REFORCADA : JARRA BOJUDA POLIDA FORT-LAR 1,5L 1";"7897174430893";"1275"
"JARRA AGUA SANTANA FILTA GELO 1,750ML : JARRA AGUA SANTANA FILTA GELO";"7896355700503";"8838"
"ISQUEIRO BIC MAXI SM : ISQUEIRO BIC MAXI SM";"70330909229";"7591"
"ISOTONICO POWERADE MONTAIN 500ML : ISOTONICO POWERADE MONTAIN 500ML";"7894900504002";"30664"
"ISOTONICO POWERADE 500ML. LIMAO : ISOTONICO POWERADE 500ML.";"7894900500035";"63265"
"ISOTONICO POWERADE 500ML. LARANJA : ISOTONICO POWERADE 500ML.";"7894900503029";"63265"
"ISOTONICO POWERADE 500ML. FRUT. TROPICAIS : ISOTONICO POWERADE 500ML.";"7894900508024";"63265"
"ISOTONICO POWERADE 500ML UVA : ISOTONICO POWERADE 500ML";"7894900501001";"11445"
"ISCAS RAID MATA BARATA 6 UNID. ACAO CONTINUA : ISCAS RAID MATA BARATA 6 UNID.";"7894650126097";"180"
"ISCAS MATA BARATAS MORTEIN 6G : ISCAS MATA BARATAS MORTEIN 6G";"7891035612107";"30303"
"ISCAS MATA BARATAS MORTEIN 2 UNID. : ISCAS MATA BARATAS MORTEIN 2 UNID.";"7891035991035";"53957"
"ISCAS EMPANADAS SEARA 300G TRADICIONAL : ISCAS EMPANADAS SEARA 300G";"7894904284726";"66192"
"ISCAS EMPANADAS SEARA 300G APIMENTADA : ISCAS EMPANADAS SEARA 300G";"7894904284733";"66192"
"ISCAS DE TILAPIA TEMP. COPACOL 300G EMPANADO : ISCAS DE TILAPIA TEMP. COPACOL 300G";"7891527064438";"31499"
"ISCAS DE FRANGO TEMPURA AURORA 275G : ISCAS DE FRANGO TEMPURA AURORA 275G";"7891164110666";"70465"
"ISCAS DE FRANGO KG : ISCAS DE FRANGO KG";"6278";"50156"
"ISCAS DE CARNE KG : ISCAS DE CARNE KG";"6279";"50157"
"ISCA MATA RATOS MAT INSET 25G : ISCA MATA RATOS MAT INSET 25G";"7908324408614";"74129"
"IOGURTE PETIT SUISSE NINHO 240G MACA/BANANA : IOGURTE PETIT SUISSE NINHO 240G";"7891000399415";"70565"
"IOGURTE PETIT SUISSE CHAMBINHO CHOCOLATE 320G : IOGURTE PETIT SUISSE CHAMBINHO";"7891000110430";"59106"
"IOGURTE PETIT SUISSE CHAMBINHO 320G MORANGO : IOGURTE PETIT SUISSE CHAMBINHO 320G";"7891000103937";"36202"
"IOGURTE NESTLE POLPA MORANGO 510G : IOGURTE NESTLE POLPA MORANGO 510G";"7891000362037";"51606"
"IOGURTE NESTLE POLPA 510G MORANGO+VITAM. : IOGURTE NESTLE POLPA 510G";"7891000363256";"1787"
"IOGURTE NESTLE NINHO POLPA 540G SABORES MIX : IOGURTE NESTLE NINHO POLPA 540G";"7891000261033";"5072"
"IOGURTE NESTLE NINHO MORANGO 170G : IOGURTE NESTLE NINHO MORANGO 170G";"7891000103876";"1778"
"IOGURTE NESTLE NINHO 850G MACA E BANANA : IOGURTE NESTLE NINHO 850G";"7891000261002";"36335"
"IOGURTE NESTLE NINHO 170G MACA E BANANA : IOGURTE NESTLE NINHO 170G";"7891000103852";"37369"
"IOGURTE NESTLE NESTON 510G : IOGURTE NESTLE NESTON 510G";"7891000360323";"1790"
"IOGURTE NESTLE NESTON 170G 3 CEREAIS : IOGURTE NESTLE NESTON 170G";"7891000260609";"1777"
"IOGURTE NESTLE NESFIT 850G MORANGO/BAUN. : IOGURTE NESTLE NESFIT 850G";"7891000298718";"53480"
"IOGURTE NESTLE NESFIT 850G FR. VERMELHAS : IOGURTE NESTLE NESFIT 850G";"7891000301968";"53480"
"IOGURTE NESTLE NESFIT 850G AMEIXA : IOGURTE NESTLE NESFIT 850G";"7891000371299";"53480"
"IOGURTE NESTLE NATURAL INTEG. 320G ZERO LACTOSE : IOGURTE NESTLE NATURAL INTEG. 320G";"7891000393536";"68833"
"IOGURTE NESTLE NATURAL 170G TRADICIONAL : IOGURTE NESTLE NATURAL 170G";"7891000177600";"1765"
"IOGURTE NESTLE NATURAL 170G COM MEL : IOGURTE NESTLE NATURAL 170G";"7891000177303";"1765"
"IOGURTE NESTLE NATURAL 170G CEN LAR MEL : IOGURTE NESTLE NATURAL 170G";"7891000177808";"1765"
"IOGURTE NESTLE MOLICO 850G MORANGO : IOGURTE NESTLE MOLICO 850G";"7891000305775";"22350"
"IOGURTE NESTLE MOLICO 360G MORANGO : IOGURTE NESTLE MOLICO 360G";"7891000334188";"59763"
"IOGURTE NESTLE MOLICO 170G TRIPLO ZERO : IOGURTE NESTLE MOLICO 170G";"7891000332269";"1782"
"IOGURTE NESTLE MOLICO 170G MORANGO : IOGURTE NESTLE MOLICO 170G";"7891000305829";"1782"
"IOGURTE NESTLE GREGO LIGHT 90G (UN) TRI SABOR : IOGURTE NESTLE GREGO LIGHT 90G (UN)";"7891000096871";"33079"
"IOGURTE NESTLE GREGO LIGHT 90G (UN) MORANGO : IOGURTE NESTLE GREGO LIGHT 90G (UN)";"7891000241615";"33079"
"IOGURTE NESTLE GREGO 90G CALDA MORANGO : IOGURTE NESTLE GREGO 90G";"7891000382349";"39480"
"IOGURTE NESTLE GREGO 90G CALDA DAM/PESSE : IOGURTE NESTLE GREGO 90G";"7891000390214";"39480"
"IOGURTE NESTLE GREGO 90G CALDA COCO : IOGURTE NESTLE GREGO 90G";"7891000382387";"39480"
"IOGURTE NESTLE GREGO 90G CALD.RASP LIMAO : IOGURTE NESTLE GREGO 90G";"7891000409305";"39480"
"IOGURTE NESTLE GREGO 90G CALD FR.VERME : IOGURTE NESTLE GREGO 90G";"7891000409282";"39480"
"IOGURTE NESTLE GREGO 540G TRAD.+ MORANGO : IOGURTE NESTLE GREGO 540G";"7891000360361";"33077"
"IOGURTE NESTLE DESNATADO 160G : IOGURTE NESTLE DESNATADO 160G";"7891000073018";"34219"
"IOGURTE NESTLE CHAMYTO 100G MORANGO : IOGURTE NESTLE CHAMYTO 100G";"7891000252819";"46729"
"IOGURTE NESTLE BI CAMADA 150G MORANGO : IOGURTE NESTLE BI CAMADA 150G";"7891000340004";"1774"
"IOGURTE NESTLE 900G VITAMINA FRUTAS : IOGURTE NESTLE 900G";"7891000241417";"44731"
"IOGURTE NESTLE 900G MORANGO : IOGURTE NESTLE 900G";"7891000244425";"44731"
"IOGURTE NESTLE 170G VITAMINA FRUTAS : IOGURTE NESTLE 170G";"7891000241448";"44729"
"IOGURTE NESTLE 170G MORANGO : IOGURTE NESTLE 170G";"7891000244265";"44729"
"IOGURTE NESTLE 115G+15G CHAMYTO 1+1 COLORIDO : IOGURTE NESTLE 115G+15G CHAMYTO 1+1";"7891000261460";"1783"
"IOGURTE NESTLE 115G+15G CHAMYTO 1+1 CHOCOLATE : IOGURTE NESTLE 115G+15G CHAMYTO 1+1";"7891000260166";"1783"
"IOGURTE NESTLE 1,25L VITAMINA FRUTAS : IOGURTE NESTLE 1,25L";"7891000244548";"50990"
"IOGURTE NESTLE 1,25L MORANGO : IOGURTE NESTLE 1,25L";"7891000244449";"50990"
"IOGURTE MATILAT PETIT SUISSE 320G : IOGURTE MATILAT PETIT SUISSE 320G";"7896238100321";"8359"
"IOGURTE MATILAT PEDACOS 450G MORANGO : IOGURTE MATILAT PEDACOS 450G";"7896238105586";"62283"
"IOGURTE MATILAT COPO 150G INTEGRAL : IOGURTE MATILAT COPO 150G";"7896238100369";"8357"
"IOGURTE MATILAT COPO 150G DESNAT. ZERO L. : IOGURTE MATILAT COPO 150G";"7896238100383";"8357"
"IOGURTE MATILAT COPO 150G CENOURA/LARANJA : IOGURTE MATILAT COPO 150G";"7896238100390";"8357"
"IOGURTE MATILAT BANDEJA 480G MORANGO : IOGURTE MATILAT BANDEJA 480G";"7896238101380";"9998"
"IOGURTE MATILAT 850G SALADA FRUTAS : IOGURTE MATILAT 850G";"7896238100024";"5054"
"IOGURTE MATILAT 850G MORANGO : IOGURTE MATILAT 850G";"7896238101526";"5054"
"IOGURTE MATILAT 850G FR. VERMELHAS : IOGURTE MATILAT 850G";"7896238101625";"5054"
"IOGURTE MATILAT 160G SALADA FRUTAS : IOGURTE MATILAT 160G";"7896238101489";"8356"
"IOGURTE MATILAT 160G MORANGO : IOGURTE MATILAT 160G";"7896238101458";"8356"
"IOGURTE MATILAT 160G FR. VERMELHAS : IOGURTE MATILAT 160G";"7896238101632";"8356"
"IOGURTE ITAMBE PETIT SUISSE 320G MORANGO : IOGURTE ITAMBE PETIT SUISSE 320G";"7896051165880";"37146"
"IOGURTE ITAMBE PEDACOS 450G. PESSEGO : IOGURTE ITAMBE PEDACOS 450G.";"7896051166054";"51118"
"IOGURTE ITAMBE PEDACOS 450G. MORANGO : IOGURTE ITAMBE PEDACOS 450G.";"7896051164647";"51118"
"IOGURTE ITAMBE PEDACOS 450G. COCO : IOGURTE ITAMBE PEDACOS 450G.";"7896051164630";"51118"
"IOGURTE ITAMBE PEDACOS 450G FLOCOS : IOGURTE ITAMBE PEDACOS 450G";"7896051166122";"59866"
"IOGURTE ITAMBE NATURAL MILK 500G : IOGURTE ITAMBE NATURAL MILK 500G";"7896051164609";"59060"
"IOGURTE ITAMBE NATURAL MILK 170G INTEGRAL : IOGURTE ITAMBE NATURAL MILK 170G";"7896051164708";"58691"
"IOGURTE ITAMBE NATURAL 170G INTEGRAL : IOGURTE ITAMBE NATURAL 170G";"7896051121251";"37135"
"IOGURTE ITAMBE NATURAL 170G DESNATADO : IOGURTE ITAMBE NATURAL 170G";"7896051121282";"37135"
"IOGURTE ITAMBE GREGO 500G TRADICIONAL : IOGURTE ITAMBE GREGO 500G";"7896051165712";"59059"
"IOGURTE ITAMBE GREGO 500G MORANGO : IOGURTE ITAMBE GREGO 500G";"7896051165637";"59059"
"IOGURTE ITAMBE GARRAFA 170G MORANGO : IOGURTE ITAMBE GARRAFA 170G";"7896051123811";"37147"
"IOGURTE ITAMBE GARRAFA 1,250L VITAMINA : IOGURTE ITAMBE GARRAFA 1,250L";"7896051124030";"53206"
"IOGURTE ITAMBE GARRAFA 1,250L MORANGO : IOGURTE ITAMBE GARRAFA 1,250L";"7896051124047";"53206"
"IOGURTE FRUTAP POLPA BANDEJA 480G MORANGO : IOGURTE FRUTAP POLPA BANDEJA 480G";"7896862001292";"44200"
"IOGURTE FRIMINHO GARRAFA 170G MORANGO : IOGURTE FRIMINHO GARRAFA 170G";"7896275981242";"48309"
"IOGURTE FRIMESA ZERO GARRAFA 1250G MORANGO : IOGURTE FRIMESA ZERO GARRAFA 1250G";"7896275983635";"60163"
"IOGURTE FRIMESA ZERO GARRAFA 1250G FR. VERMELHAS : IOGURTE FRIMESA ZERO GARRAFA 1250G";"7896275901066";"60163"
"IOGURTE FRIMESA ZERO COPO 165G AMEIXA : IOGURTE FRIMESA ZERO COPO 165G";"7896275970123";"38047"
"IOGURTE FRIMESA ZERO BANDEJA 540G MORANGO/AMEIXA : IOGURTE FRIMESA ZERO BANDEJA 540G";"7896275970802";"36127"
"IOGURTE FRIMESA ZERO 170G MORANGO : IOGURTE FRIMESA ZERO 170G";"7896275980108";"36139"
"IOGURTE FRIMESA ZERO 170G AMEIXA : IOGURTE FRIMESA ZERO 170G";"7896275980092";"36139"
"IOGURTE FRIMESA ZERO % GORD. 850G MORANGO : IOGURTE FRIMESA ZERO % GORD. 850G";"7896275980078";"36136"
"IOGURTE FRIMESA NATURAL 850G INTEGRAL : IOGURTE FRIMESA NATURAL 850G";"7896275984076";"68782"
"IOGURTE FRIMESA CREMOSO COPO 165G NATURAL INTEGR. : IOGURTE FRIMESA CREMOSO COPO 165G";"7896275960544";"29626"
"IOGURTE FRIMESA CREMOSO COPO 165G NATURAL DESNATA : IOGURTE FRIMESA CREMOSO COPO 165G";"7896275983079";"29626"
"IOGURTE FRIMESA CREMOSO COPO 165G MEL : IOGURTE FRIMESA CREMOSO COPO 165G";"7896275960988";"29626"
"IOGURTE FRIMESA BANDEJA 540G SALADA/MORANGO : IOGURTE FRIMESA BANDEJA 540G";"7896275980436";"29272"
"IOGURTE FRIMESA BANDEJA 540G MORANGO/COCO : IOGURTE FRIMESA BANDEJA 540G";"7896275980290";"29272"
"IOGURTE FRIMESA BANDEJA 540G MORANGO : IOGURTE FRIMESA BANDEJA 540G";"7896275970796";"29272"
"IOGURTE FRIMESA BANDEJA 540G MIX DE FRUTAS : IOGURTE FRIMESA BANDEJA 540G";"7896275970789";"29272"
"IOGURTE FRIMESA BANDEJA 540G FR. VERM/AMA/VE : IOGURTE FRIMESA BANDEJA 540G";"7896275983192";"29272"
"IOGURTE FRIMESA 170G MORANGO : IOGURTE FRIMESA 170G";"7896275970529";"29627"
"IOGURTE FRIMESA 170G FRUT. VERMELHAS : IOGURTE FRIMESA 170G";"7896275970772";"29627"
"IOGURTE FRIMESA 1250G MORANGO : IOGURTE FRIMESA 1250G";"7896275982720";"60164"
"IOGURTE DANONINHO PARA LEVAR 70G MORANGO/BANANA : IOGURTE DANONINHO PARA LEVAR 70G";"7891025112983";"5086"
"IOGURTE DANONINHO PARA LEVAR 70G MORANGO : IOGURTE DANONINHO PARA LEVAR 70G";"7891025110668";"5086"
"IOGURTE DANONINHO MORANGO 80G PRECIF. : IOGURTE DANONINHO MORANGO 80G";"78934092";"34749"
"IOGURTE DANONINHO MORANGO 320G : IOGURTE DANONINHO MORANGO 320G";"7891025301516";"1795"
"IOGURTE DANONINHO BRINQUEDINO 100G MORANGO : IOGURTE DANONINHO BRINQUEDINO 100G";"7891025106067";"37326"
"IOGURTE DANONINHO BRINQUEDINO 100G BANANA/MACA : IOGURTE DANONINHO BRINQUEDINO 100G";"7891025107255";"37326"
"IOGURTE DANONINHO BOM DIA 90G MORANGO/AVEIA : IOGURTE DANONINHO BOM DIA 90G";"7891025124641";"69262"
"IOGURTE DANONINHO BOM DIA 90G BANANA/AVEIA : IOGURTE DANONINHO BOM DIA 90G";"7891025124634";"69262"
"IOGURTE DANONINHO BOM DIA 70G MORANGO/AVEIA : IOGURTE DANONINHO BOM DIA 70G";"7891025124542";"69261"
"IOGURTE DANONINHO BOM DIA 70G BANANA/AVEIA : IOGURTE DANONINHO BOM DIA 70G";"7891025124535";"69261"
"IOGURTE DANONINHO 320G MULTI SABORES : IOGURTE DANONINHO 320G";"7891025301585";"11968"
"IOGURTE DANONE YOPRO GF 250G MORANGO : IOGURTE DANONE YOPRO GF 250G";"7891025115595";"53465"
"IOGURTE DANONE PROTEIN 220ML MORANGO : IOGURTE DANONE PROTEIN 220ML";"7891025124566";"69260"
"IOGURTE DANONE POLPA KIDS 510G MORANGO : IOGURTE DANONE POLPA KIDS 510G";"7891025121640";"67995"
"IOGURTE DANONE COPO 160G NATURAL : IOGURTE DANONE COPO 160G";"7891025120230";"5079"
"IOGURTE DANONE COPO 160G MEL : IOGURTE DANONE COPO 160G";"7891025121244";"5079"
"IOGURTE DANONE COPO 160G LARANJA/CEN/MEL : IOGURTE DANONE COPO 160G";"7891025121251";"5079"
"IOGURTE DANONE COPO 160G DESNATADO : IOGURTE DANONE COPO 160G";"7891025120223";"5079"
"IOGURTE DANONE 850G VITAMINAS : IOGURTE DANONE 850G";"7891025119852";"31717"
"IOGURTE DANONE 850G MORANGO : IOGURTE DANONE 850G";"7891025119869";"31717"
"IOGURTE DANONE 170G VITAMINA : IOGURTE DANONE 170G";"7891025101161";"37201"
"IOGURTE DANONE 170G MORANGO : IOGURTE DANONE 170G";"7891025101376";"37201"
"IOGURTE CORPUS S/ LACT. DANONE 170G MORANGO : IOGURTE CORPUS S/ LACT. DANONE 170G";"7891025114406";"49095"
"IOGURTE CHAMBINHO 165G MORANGO : IOGURTE CHAMBINHO 165G";"7898755200041";"70987"
"IOGURTE BICAMADAS MATILAT 120G MORANGO : IOGURTE BICAMADAS MATILAT 120G";"7896238100987";"35233"
"IOGURTE ACTIVIA 800G MORANGO : IOGURTE ACTIVIA 800G";"7891025123477";"34729"
"IOGURTE ACTIVIA 800G AVEIA : IOGURTE ACTIVIA 800G";"7891025123460";"34729"
"IOGURTE ACTIVIA 800G AMEIXA : IOGURTE ACTIVIA 800G";"7891025123453";"34729"
"IOGURTE ACTIVIA 150G MORANGO : IOGURTE ACTIVIA 150G";"7891025102656";"10510"
"IOGURTE ACTIVIA 150G AMEIXA : IOGURTE ACTIVIA 150G";"7891025102663";"10510"
"INSETICIDA MAT INSET AEROSOL 270ML ACAO TOTAL : INSETICIDA MAT INSET AEROSOL 270ML";"7908324406511";"73571"
"INSETICIDA MAT INSET 300ML+33% GTS MULTI INSETIC. : INSETICIDA MAT INSET 300ML+33% GTS";"7897664170735";"44869"
"INSETICIDA DETEFON ACAO TOTAL 500ML : INSETICIDA DETEFON ACAO TOTAL 500ML";"7891035651700";"7674"
"INHAME KG : INHAME KG";"947";"2936"
"INGREDIENTES FEIJOADA FRIMESA 800G : INGREDIENTES FEIJOADA FRIMESA 800G";"7896275941475";"33119"
"INCRIVEL ALMONDEGA SEARA 256G : INCRIVEL ALMONDEGA SEARA 256G";"7894904277995";"65464"
"ICE REMIX ASKOV 275ML LIMAO : ICE REMIX ASKOV 275ML";"7896092502378";"17318"
"ICE REMIX ASKOV 275ML FRUT. VERMELHAS : ICE REMIX ASKOV 275ML";"7896092503313";"17318"
"ICE LEEV LIMAO 275ML : ICE LEEV LIMAO 275ML";"7898915949001";"66945"
"ICE GIN ASKOV 275ML MORANGO : ICE GIN ASKOV 275ML";"7896092505546";"68796"
"ICE GIN ASKOV 275ML MELANCIA : ICE GIN ASKOV 275ML";"7896092505553";"68796"
"ICE GIN ASKOV 275ML MACA VERDE : ICE GIN ASKOV 275ML";"7896092505584";"68796"
"ICE GIN ASKOV 275ML FR. TROPICAIS : ICE GIN ASKOV 275ML";"7896092505560";"68796"
"HOT POCKET SANDUICHE SADIA 145G X-PICANHA : HOT POCKET SANDUICHE SADIA 145G";"7893000043213";"1998"
"HOT POCKET SANDUICHE SADIA 145G X-BURGUER : HOT POCKET SANDUICHE SADIA 145G";"7893000027701";"1998"
"HOT POCKET SANDUICHE SADIA 145G X-BARBECUE : HOT POCKET SANDUICHE SADIA 145G";"7891515556341";"1998"
"HOT POCKET SANDUICHE SADIA 145G X-BACON : HOT POCKET SANDUICHE SADIA 145G";"7893000043220";"1998"
"HOT POCKET COJIBA KG : HOT POCKET COJIBA KG";"2349";"13108"
"HOT HIT SEARA 145G X-PICANHA : HOT HIT SEARA 145G";"7894904678280";"8378"
"HOT HIT SEARA 145G X-BARBECUE : HOT HIT SEARA 145G";"7894904678297";"8378"
"HOT HIT SEARA 145G X-BACON : HOT HIT SEARA 145G";"7894904678341";"8378"
"HOT HIT SEARA 145G CHEDDAR E BACON : HOT HIT SEARA 145G";"7894904215942";"8378"
"HOT HIT SEARA 145G CHEDDAR : HOT HIT SEARA 145G";"7894904678303";"8378"
"HOT DOG ASSADO UNID. : HOT DOG ASSADO UNID.";"4957";"51261"
"HOSSOMAK SALMAO BDJ : HOSSOMAK SALMAO BDJ";"7473";"60754"
"HORTELA UNIDADE : HORTELA UNIDADE";"2692";"16462"
"HOME SPRAY CASAFLOR 240ML PAIXAO JASMIM : HOME SPRAY CASAFLOR 240ML";"7898575690749";"71029"
"HOME SPRAY CASAFLOR 240ML LEVEZA FLORES : HOME SPRAY CASAFLOR 240ML";"7898575690756";"71029"
"HOME SPRAY CASAFLOR 240ML HARM. LAVANDA : HOME SPRAY CASAFLOR 240ML";"7898575690732";"71029"
"HOME SPRAY CASAFLOR 240ML ENERGIA LIMAO : HOME SPRAY CASAFLOR 240ML";"7898575690718";"71029"
"HOME SPRAY CASAFLOR 240ML BAMBOO : HOME SPRAY CASAFLOR 240ML";"7898575690725";"71029"
"HIPOGLOS TRANSPARENTE 30G : HIPOGLOS TRANSPARENTE 30G";"7891010249939";"59696"
"HIPOGLOS AMENDOAS 40G : HIPOGLOS AMENDOAS 40G";"7891010249953";"527"
"HILINE YAKULT 100ML : HILINE YAKULT 100ML";"7891156076185";"32923"
"HIDRATANTE VULT HIDRALURONIC 200ML GLICERINA : HIDRATANTE VULT HIDRALURONIC 200ML";"7899852023984";"68722"
"HIDRATANTE VULT HIDRALURONIC 200ML COLAGENO : HIDRATANTE VULT HIDRALURONIC 200ML";"7899852023922";"68722"
"HIDRATANTE VULT HIDRALURONIC 150ML COLAGENO : HIDRATANTE VULT HIDRALURONIC 150ML";"7899852023915";"68723"
"HIDRATANTE PARA BANHO NIVEA 250ML MILK : HIDRATANTE PARA BANHO NIVEA 250ML";"4005808840625";"37476"
"HIDRATANTE PAIXAO 400ML TENTADORA : HIDRATANTE PAIXAO 400ML";"7898919412273";"38291"
"HIDRATANTE PAIXAO 400ML IRRESISTIVEL : HIDRATANTE PAIXAO 400ML";"7898919412266";"38291"
"HIDRATANTE PAIXAO 400ML INSPIRADORA : HIDRATANTE PAIXAO 400ML";"7898919412259";"38291"
"HIDRATANTE PAIXAO 200ML TENTADORA : HIDRATANTE PAIXAO 200ML";"78922686";"610"
"HIDRATANTE PAIXAO 200ML IRRESISTIVEL : HIDRATANTE PAIXAO 200ML";"78914957";"610"
"HIDRATANTE PAIXAO 200ML INSPIRADORA : HIDRATANTE PAIXAO 200ML";"78907850";"610"
"HIDRATANTE PAIXAO 200ML FRAMBOESA NEGRA : HIDRATANTE PAIXAO 200ML";"7896235354055";"610"
"HIDRATANTE PAIXAO 200ML FLOR BAUNILHA : HIDRATANTE PAIXAO 200ML";"7896235354079";"610"
"HIDRATANTE NIVEA 200ML SOFT MILK : HIDRATANTE NIVEA 200ML";"4005808335435";"584"
"HIDRATANTE NIVEA 200ML MILK : HIDRATANTE NIVEA 200ML";"7891177802411";"584"
"HIDRATANTE NIVEA 200ML LOTION EXPRESS : HIDRATANTE NIVEA 200ML";"4005808310999";"584"
"HIDRATANTE NIVEA 200ML BELEZA RADIANTE : HIDRATANTE NIVEA 200ML";"4005900919632";"584"
"HIDRATANTE MONANGE Q10 200ML EXTRA SECA : HIDRATANTE MONANGE Q10 200ML";"7896235354178";"65366"
"HIDRATANTE MONANGE AREAS ESP. 50G OLEO DE ABACATE : HIDRATANTE MONANGE AREAS ESP. 50G";"7896235354307";"66959"
"HIDRATANTE MONANGE AREAS ESP. 50G MACADAMIA : HIDRATANTE MONANGE AREAS ESP. 50G";"7896235354291";"66959"
"HIDRATANTE MONANGE 200ML PELE SECA : HIDRATANTE MONANGE 200ML";"7898919412389";"609"
"HIDRATANTE MONANGE 200ML PELE EXTRA SECA : HIDRATANTE MONANGE 200ML";"7898919412372";"609"
"HIDRATANTE MONANGE 200ML IOGURTE/AVEIA : HIDRATANTE MONANGE 200ML";"7898919412341";"609"
"HIDRATANTE MONANGE 200ML FLOR DE LAVANDA : HIDRATANTE MONANGE 200ML";"7898919412327";"609"
"HIDRATANTE LABIAL NIVEA 4,8G ORIGINAL : HIDRATANTE LABIAL NIVEA 4,8G";"4005808850617";"70420"
"HIDRATANTE LABIAL NIVEA 4,8G MORANGO : HIDRATANTE LABIAL NIVEA 4,8G";"4005808850839";"70420"
"HIDRATANTE LABIAL NIVEA 4,8G MELANCIA : HIDRATANTE LABIAL NIVEA 4,8G";"4005808934980";"70420"
"HIDRATANTE LABIAL CARMED 10G ROSA GLITTER : HIDRATANTE LABIAL CARMED 10G";"7897947617506";"70083"
"HIDRATANTE LABIAL CARMED 10G GLITTER 3 EM 1 : HIDRATANTE LABIAL CARMED 10G";"7897947620605";"70083"
"HIDRATANTE LABIAL CARMED 10G FINI DENTADURAS : HIDRATANTE LABIAL CARMED 10G";"7897947601864";"70083"
"HIDRATANTE LABIAL CARMED 10G FINI BEIJOS : HIDRATANTE LABIAL CARMED 10G";"7897947601857";"70083"
"HIDRATANTE LABIAL CARMED 10G FINI BANANAS : HIDRATANTE LABIAL CARMED 10G";"7897947601840";"70083"
"HIDRATANTE LABIAL CARMED 10G ACAI : HIDRATANTE LABIAL CARMED 10G";"7897947620445";"70083"
"HIDRATANTE GIOVANA BABY AERO 150ML SEM PERFUME : HIDRATANTE GIOVANA BABY AERO 150ML";"7898663110807";"71181"
"HIDRATANTE GIOVANA BABY AERO 150ML CLASSIC : HIDRATANTE GIOVANA BABY AERO 150ML";"7898663110777";"71181"
"HIDRATANTE FLOR DE YPE 200ML AMEIXA/FLOR LOT : HIDRATANTE FLOR DE YPE 200ML";"7896098908228";"72161"
"HIDRATANTE FLOR DE YPE 200ML AGUA COCO/ALOE : HIDRATANTE FLOR DE YPE 200ML";"7896098908242";"72161"
"HASTE FLEXIVEL MILI 75UN : HASTE FLEXIVEL MILI 75UN";"7896104998762";"44464"
"HASTE FLEXIVEL BELLA COTTON 75UN  : HASTE FLEXIVEL BELLA COTTON 75UN";"7898924640012";"29959"
"HASHI MADEIRA 147G C/40UN.TARESSU : HASHI MADEIRA 147G C/40UN.TARESSU";"7896256075137";"42427"
"HARPIC POWER PLUS 500ML : HARPIC POWER PLUS 500ML";"7891035129018";"19588"
"HARPIC LIQUIDO GEL 200ML POWER : HARPIC LIQUIDO GEL 200ML";"7891035001727";"59610"
"HARPIC LIQUIDO GEL 200ML CLORO FORTE : HARPIC LIQUIDO GEL 200ML";"7891035001710";"59610"
"HARPIC DESINFETANTE 500ML CLOROFORTE : HARPIC DESINFETANTE 500ML";"7891035124006";"9354"
"HARPIC BLOCO SANIT. AROMA PLUS 25G MARINE : HARPIC BLOCO SANIT. AROMA PLUS 25G";"7891035560798";"4817"
"HARPIC BLOCO SANIT. AROMA PLUS 25G FLORES CAMP. : HARPIC BLOCO SANIT. AROMA PLUS 25G";"7891035524240";"4817"
"HARPIC BLOCO SANIT. AROMA PLUS 25G CITRUS : HARPIC BLOCO SANIT. AROMA PLUS 25G";"7891035524233";"4817"
"HARPIC BLOCO SANIT. 26G LAVANDA : HARPIC BLOCO SANIT. 26G";"7891035524455";"7415"
"HARPIC BLOCO SANIT. 25G - 40% DESC LAVANDA : HARPIC BLOCO SANIT. 25G - 40% DESC";"7891035524189";"41654"
"HAMBURGUER SEARA TEXAS BURGER 90G : HAMBURGUER SEARA TEXAS BURGER 90G";"7894904687992";"25680"
"HAMBURGUER SEARA TEXAS BURGER 672G CARNE,AVES,BOV. : HAMBURGUER SEARA TEXAS BURGER 672G";"7894904002450";"2016"
"HAMBURGUER SEARA TEXAS BURGER 56G. FRANGO : HAMBURGUER SEARA TEXAS BURGER 56G.";"7894904578207";"34032"
"HAMBURGUER SEARA TEXAS BURGER 56G BOVINO : HAMBURGUER SEARA TEXAS BURGER 56G";"7894904500383";"10293"
"HAMBURGUER SEARA TEXAS BURGER 112G TRADICIONAL : HAMBURGUER SEARA TEXAS BURGER 112G";"7894904535972";"73309"
"HAMBURGUER SEARA TEXAS BURGER 112G CHEDDAR : HAMBURGUER SEARA TEXAS BURGER 112G";"7894904535989";"73309"
"HAMBURGUER SADIA 672G CHURRASCO : HAMBURGUER SADIA 672G";"7893000486317";"2017"
"HAMBURGUER SADIA 672G BOVINO : HAMBURGUER SADIA 672G";"7893000387096";"2017"
"HAMBURGUER SADIA #BURGUER 113G : HAMBURGUER SADIA #BURGUER 113G";"7891515628215";"73709"
"HAMBURGUER PERDIGAO 56G BOVINO MISTO : HAMBURGUER PERDIGAO 56G";"7891515989408";"21409"
"HAMBURGUER FRIMESA BOVINO 56G GRANEL : HAMBURGUER FRIMESA BOVINO 56G";"7896275900571";"29257"
"HAMBURGUER FOLHADO SABORES UNID. FRANGO : HAMBURGUER FOLHADO SABORES UNID.";"4959";"6772"
"HAMBURGUER FOLHADO SABORES UNID. CARNE : HAMBURGUER FOLHADO SABORES UNID.";"256";"6772"
"HAMBURGUER DE MANDIOCA KG : HAMBURGUER DE MANDIOCA KG";"7930";"64534"
"HAMBURGUER DA CASA UNID. : HAMBURGUER DA CASA UNID.";"2982";"32730"
"HAMBURGUER CASEIRO KG : HAMBURGUER CASEIRO KG";"6163";"48814"
"HAMBURGUER AURORA BOVINO 56G : HAMBURGUER AURORA BOVINO 56G";"7891164020323";"47309"
"HALLS UNIDADE 28G UVA VERDE : HALLS UNIDADE 28G";"78938861";"50835"
"HALLS UNIDADE 28G MORANGO : HALLS UNIDADE 28G";"78938847";"50835"
"HALLS UNIDADE 28G MENTA PRATA : HALLS UNIDADE 28G";"78938878";"50835"
"HALLS UNIDADE 28G MENTA : HALLS UNIDADE 28G";"78938830";"50835"
"HALLS UNIDADE 28G MELANCIA : HALLS UNIDADE 28G";"78938854";"50835"
"HALLS UNIDADE 28G EXTRA FORTE : HALLS UNIDADE 28G";"78938816";"50835"
"HALLS UNIDADE 28G CEREJA : HALLS UNIDADE 28G";"78938793";"50835"
"HALLS PACOTE 84G MORANGO : HALLS PACOTE 84G";"7622210956118";"51605"
"HALLS PACOTE 84G MENTA : HALLS PACOTE 84G";"7622210956798";"51605"
"HALLS PACOTE 84G CEREJA : HALLS PACOTE 84G";"7622210956002";"51605"
"HALLS PACOTE 82,5G EXTRA FORTE : HALLS PACOTE 82,5G";"7895800125083";"978"
"HAIR SPRAY KARINA 400ML NORMAL : HAIR SPRAY KARINA 400ML";"7893300522135";"16634"
"HAIR SPRAY KARINA 400ML EXTRA FORTE : HAIR SPRAY KARINA 400ML";"7893300522128";"16634"
"HAIR SPRAY KARINA 250ML NORMAL : HAIR SPRAY KARINA 250ML";"7893300521022";"649"
"HAIR SPRAY KARINA 250ML EXTRA FORTE : HAIR SPRAY KARINA 250ML";"7893300521145";"649"
"HAIR LIFE LISO & NATURAL : HAIR LIFE LISO & NATURAL";"7896013501824";"73007"
"GUARDANAPO PAPEL SNOB 33X30CM 50FL. : GUARDANAPO PAPEL SNOB 33X30CM";"7896110081359";"26282"
"GUARDANAPO PAPEL SNOB 24X22CM : GUARDANAPO PAPEL SNOB 24X22CM";"7896110081250";"26280"
"GUARDANAPO PAPEL MILI BISTRO 30X29,5CM : GUARDANAPO PAPEL MILI BISTRO";"7896104994139";"49578"
"GUARDANAPO PAPEL MILI BISTRO 23X22 50FL. F/D : GUARDANAPO PAPEL MILI BISTRO 23X22";"7896104993637";"49577"
"GUARDANAPO PAPEL MILI 30X29,5CM 50FL. : GUARDANAPO PAPEL MILI 30X29,5CM";"7896104994092";"41502"
"GUARDANAPO PAPEL MILI 21X22CM 50FL. : GUARDANAPO PAPEL MILI 21X22CM";"7896104999905";"368"
"GUARDANAPO PAPEL MAXIM 31X30CM 50FL. : GUARDANAPO PAPEL MAXIM 31X30CM";"7896026850087";"40816"
"GUARDANAPO MAXIM PEQUENO 23X22CM 50 FOLHAS : GUARDANAPO MAXIM PEQUENO 23X22CM";"7896026850070";"40815"
"GUARDA-CHUVA MASC. CLASSIC YANGZI AUT. PRETO : GUARDA-CHUVA MASC. CLASSIC YANGZI";"7898452496747";"31309"
"GUARDA-CHUVA CHOCOLATE KIDOCURA 56G : GUARDA-CHUVA CHOCOLATE KIDOCURA 56G";"7896255500401";"14332"
"GUARANA CRUZEIRO LATA 350ML : GUARANA CRUZEIRO LATA 350ML";"7896437900197";"70556"
"GRELHA TRAMONTINA CHURRASCO 56CM INOX : GRELHA TRAMONTINA CHURRASCO 56CM";"7891112318595";"69356"
"GRELHA CABO MADEIRA NIQUELART 82X36 : GRELHA CABO MADEIRA NIQUELART 82X36";"7896594805700";"38813"
"GRAXA MUNDIAL PRIME SPRAY 250ML : GRAXA MUNDIAL PRIME SPRAY 250ML";"7898915994735";"74163"
"GRAOS LINHACA DOURADA VITALIN 120G SEM GLUTEN : GRAOS LINHACA DOURADA VITALIN 120G";"7898568900978";"68872"
"GRAO DE BICO ZILIO 500G : GRAO DE BICO ZILIO 500G";"7896280400486";"1521"
"GRAO DE BICO ZILIO 2KG : GRAO DE BICO ZILIO 2KG";"7896280401797";"25260"
"GRAO DE BICO YOKI 400G : GRAO DE BICO YOKI 400G";"7891095911295";"67788"
"GRAO DE BICO SIAMAR 500G : GRAO DE BICO SIAMAR 500G";"7896069530588";"1670"
"GRAO DE BICO EM CONSERVA CAMIL 380G : GRAO DE BICO EM CONSERVA CAMIL 380G";"7896006715207";"36508"
"GRAO DE BICO CONSERVA FUGINI 170G SACHE : GRAO DE BICO CONSERVA FUGINI 170G";"7897517209667";"29732"
"GRANULADO KIDOCURA 300G : GRANULADO KIDOCURA 300G";"7896255530248";"785"
"GRANULADO KIDOCURA 150G : GRANULADO KIDOCURA 150G";"7896255542708";"24356"
"GRANULADO DR.OETKER MESCLADO 130G : GRANULADO DR.OETKER MESCLADO 130G";"7891048014035";"4254"
"GRANULADO DR.OETKER CROCANTE 130G : GRANULADO DR.OETKER CROCANTE 130G";"7891048014462";"59006"
"GRANULADO DR. OETKER PEPITA 80G : GRANULADO DR. OETKER PEPITA 80G";"7891048014349";"59005"
"GRANULADO DR. OETKER MACIO 70G : GRANULADO DR. OETKER MACIO 70G";"7891048014448";"59004"
"GRANULADO DR. OETKER 130G : GRANULADO DR. OETKER 130G";"7891048014004";"9812"
"GRANULADO COLORIDO FA 50G  : GRANULADO COLORIDO FA 50G";"7896523100890";"49615"
"GRANOLA ZILIO ZERO ACUCAR 200G : GRANOLA ZILIO ZERO ACUCAR 200G";"7896280402657";"68544"
"GRANOLA ZILIO 200G TRADICIONAL : GRANOLA ZILIO 200G";"7896280402626";"68543"
"GRANOLA ZILIO 200G CASTANHAS : GRANOLA ZILIO 200G";"7896280402640";"68543"
"GRANOLA ZILIO 200G BANANA E MEL : GRANOLA ZILIO 200G";"7896280402633";"68543"
"GRANOLA TRADICIONAL KODILAR 1KG : GRANOLA TRADICIONAL KODILAR 1KG";"7896256041873";"54046"
"GRANOLA NATURAL LIFE 300G TRADICIONAL : GRANOLA NATURAL LIFE 300G";"7896256040326";"1037"
"GRANOLA NATURAL LIFE 300G MACA E MEL : GRANOLA NATURAL LIFE 300G";"7896256040470";"1037"
"GRANOLA NATURAL LIFE 300G LIGHT : GRANOLA NATURAL LIFE 300G";"7896256040807";"1037"
"GRANOLA NATURAL LIFE 300G BANANA E CANELA : GRANOLA NATURAL LIFE 300G";"7896256040487";"1037"
"GRANOLA HARTS AUSTRALIA 300G KETO : GRANOLA HARTS AUSTRALIA 300G";"7898952041614";"72083"
"GRANOLA HARTS AUSTRALIA 300G CLASSIC NUTS : GRANOLA HARTS AUSTRALIA 300G";"7898952041331";"72083"
"GRANOLA HAPPY LIFE 250G TRADICIONAL : GRANOLA HAPPY LIFE 250G";"7899489200277";"51239"
"GRANOLA GRANOLATTI 350G : GRANOLA GRANOLATTI 350G";"7897206800519";"1042"
"GRANOLA CASEIRA KODILAR 300G : GRANOLA CASEIRA KODILAR 300G";"7896256041149";"52008"
"GRAMPOS PARA CABELO NEDO REF. 525 100 UNID. : GRAMPOS PARA CABELO NEDO REF. 525";"7896619805258";"4941"
"GRAFITE MUNDIAL PRIME SPRAY 200ML : GRAFITE MUNDIAL PRIME SPRAY 200ML";"7898907527880";"65945"
"GOMETS DORI 500G GOMAS SORTIDAS : GOMETS DORI 500G";"7896058505054";"4210"
"GOMA MASCAR TRIDENT GARRAFA 54G MORANGO LIME : GOMA MASCAR TRIDENT GARRAFA 54G";"7622210570406";"52259"
"GOMA MASCAR MENTOS UP 2U 56G : GOMA MASCAR MENTOS UP 2U 56G";"7895144293080";"38775"
"GOMA MASCAR MENTOS PURE FRESH 92G WINTERGREEN : GOMA MASCAR MENTOS PURE FRESH 92G";"80853671";"9997"
"GOMA MASCAR MENTOS PURE FRESH 92G FRESH MINT : GOMA MASCAR MENTOS PURE FRESH 92G";"80948094";"9997"
"GOMA MASCAR MENTOS PURE FRESH 56G WINTERGREEN : GOMA MASCAR MENTOS PURE FRESH 56G";"7895144080123";"7845"
"GOMA MASCAR MENTOS PURE FRESH 56G MORANGO : GOMA MASCAR MENTOS PURE FRESH 56G";"7895144295664";"7845"
"GOMA MASCAR MENTOS PURE FRESH 56G MINT : GOMA MASCAR MENTOS PURE FRESH 56G";"7895144080116";"7845"
"GOMA MASCAR MENTOS PURE FRESH 16G WINTERGREEN : GOMA MASCAR MENTOS PURE FRESH 16G";"80935513";"53411"
"GOMA MASCAR MENTOS PURE FRESH 16G MINT : GOMA MASCAR MENTOS PURE FRESH 16G";"80878018";"53411"
"GOMA KI DOCURA 140G  : GOMA KI DOCURA 140G";"7896255500500";"4214"
"GOMA FINI AMORA 90G : GOMA FINI AMORA 90G";"7898279790431";"976"
"GOMA DE MASCAR TRIDENT PACOTE 32G TUTTI FRUTTI : GOMA DE MASCAR TRIDENT PACOTE 32G";"7895800481004";"979"
"GOMA DE MASCAR TRIDENT PACOTE 32G MORANGO : GOMA DE MASCAR TRIDENT PACOTE 32G";"7895800480502";"979"
"GOMA DE MASCAR TRIDENT PACOTE 32G MENTA : GOMA DE MASCAR TRIDENT PACOTE 32G";"7895800112786";"979"
"GOMA DE MASCAR TRIDENT PACOTE 32G HORTELA : GOMA DE MASCAR TRIDENT PACOTE 32G";"7895800112632";"979"
"GOMA DE MASCAR TRIDENT MAX 16,5G MENTA BLUEBERRY : GOMA DE MASCAR TRIDENT MAX 16,5G";"7622210563477";"61021"
"GOMA DE MASCAR TRIDENT 8G TUTTI FRUTTI : GOMA DE MASCAR TRIDENT 8G";"7895800430002";"1846"
"GOMA DE MASCAR TRIDENT 8G MORANGO : GOMA DE MASCAR TRIDENT 8G";"7895800400180";"1846"
"GOMA DE MASCAR TRIDENT 8G MENTA : GOMA DE MASCAR TRIDENT 8G";"7895800400142";"1846"
"GOMA DE MASCAR TRIDENT 8G MELANCIA : GOMA DE MASCAR TRIDENT 8G";"7895800400227";"1846"
"GOMA DE MASCAR TRIDENT 8G HORTELA : GOMA DE MASCAR TRIDENT 8G";"7895800400159";"1846"
"GOMA DE MASCAR TRIDENT 8G FRESH HERBAL : GOMA DE MASCAR TRIDENT 8G";"7895800308738";"1846"
"GOMA DE MASCAR TRIDENT 8G CANELA : GOMA DE MASCAR TRIDENT 8G";"7895800304235";"1846"
"GOMA DE MASCAR MENTOS VITAMINS 48G B6, C E B12 : GOMA DE MASCAR MENTOS VITAMINS 48G";"7895144297590";"62255"
"GOMA DE MASCAR MENTOS 8,5G STRONG MINT : GOMA DE MASCAR MENTOS 8,5G";"7895144893730";"34975"
"GOMA DE MASCAR MENTOS 8,5G PURE SPEARMINT : GOMA DE MASCAR MENTOS 8,5G";"7895144892931";"34975"
"GOMA DE MASCAR MENTOS 8,5G PURE FRUIT : GOMA DE MASCAR MENTOS 8,5G";"7895144899930";"34975"
"GOMA DE MASCAR MENTOS 8,5G PURE FRESH : GOMA DE MASCAR MENTOS 8,5G";"8935001728283";"34975"
"GOMA DE MASCAR MENTOS 8,5G FRESH MINT : GOMA DE MASCAR MENTOS 8,5G";"7895144892825";"34975"
"GOMA DE MASCAR MENTOS 8,5G BLUE RASBERRY : GOMA DE MASCAR MENTOS 8,5G";"7895144892832";"34975"
"GOMA DE MASCAR MENTOS 37,5G NOVO RAINBOW : GOMA DE MASCAR MENTOS 37,5G";"7895144693149";"13153"
"GOMA DE MASCAR MENTOS 37,5G MINT : GOMA DE MASCAR MENTOS 37,5G";"7896262304450";"13153"
"GOMA DE MASCAR MENTOS 37,5G FRUIT : GOMA DE MASCAR MENTOS 37,5G";"7896262304467";"13153"
"GOMA DE MASCAR MENTOS 37,5G FR. VERMELHAS : GOMA DE MASCAR MENTOS 37,5G";"7895144693064";"13153"
"GOMA DE MASCAR BUBBALOO PACOTE 50G MORANGO : GOMA DE MASCAR BUBBALOO PACOTE 50G";"7895800116500";"981"
"GOIABADA TATITANIA CASCAO 200G : GOIABADA TATITANIA CASCAO 200G";"7898022771632";"70488"
"GOIABADA RALSTON 800G : GOIABADA RALSTON 800G";"7898904189029";"52230"
"GOIABADA RALSTON 400G : GOIABADA RALSTON 400G";"7898904189012";"52227"
"GOIABADA QUERO MAIS BARRA 500G EM PASTA : GOIABADA QUERO MAIS BARRA 500G";"7897785300264";"691"
"GOIABADA PREDILECTA 300G : GOIABADA PREDILECTA 300G";"7896292330061";"690"
"GOIABADA PREDILECTA 1,01KG : GOIABADA PREDILECTA 1,01KG";"7896292300064";"46703"
"GOIABADA FUGINI 300G : GOIABADA FUGINI 300G";"7897517200015";"737"
"GOIABADA CREMOSA ZERO RALSTON 300G : GOIABADA CREMOSA ZERO RALSTON 300G";"7898904189739";"52241"
"GOIABADA CREMOSA RALSTON 700G : GOIABADA CREMOSA RALSTON 700G";"7898904189074";"52236"
"GOIABADA CREMOSA RALSTON 500G : GOIABADA CREMOSA RALSTON 500G";"7898904189302";"52238"
"GOIABADA CREMOSA RALSTON 4,6KG : GOIABADA CREMOSA RALSTON 4,6KG";"7898662050203";"8020"
"GOIABADA CREMOSA RALSTON 300G : GOIABADA CREMOSA RALSTON 300G";"7898904189142";"58254"
"GOIABADA CASCAO RALSTON 800G : GOIABADA CASCAO RALSTON 800G";"7898904189043";"52232"
"GOIABADA CASCAO RALSTON 400G : GOIABADA CASCAO RALSTON 400G";"7898904189036";"52231"
"GOIABADA CASCAO DELICIAS ROCA 770G DE COLHER : GOIABADA CASCAO DELICIAS ROCA 770G";"7898254930081";"44368"
"GOIABA VERMELHA EMBALADA KG : GOIABA VERMELHA EMBALADA KG";"773";"2500"
"GOIABA TATITANIA CASCAO 680G : GOIABA TATITANIA CASCAO 680G";"7898022771809";"51558"
"GOIABA KG : GOIABA KG";"507";"2623"
"GLICOSE YOKI BISNAGA 350G : GLICOSE YOKI BISNAGA 350G";"7891095002498";"1040"
"GLADE TOQUE FRESCOR REFIL 2UN - 50% LAVANDA : GLADE TOQUE FRESCOR REFIL 2UN - 50%";"7894650003770";"23993"
"GLADE TOQUE DE FRESCOR RF. LV3 PG2 AGUAS FLORAIS : GLADE TOQUE DE FRESCOR RF. LV3 PG2";"7894650938935";"58696"
"GLADE TOQUE DE FRESCOR APARELHO INFANCIA : GLADE TOQUE DE FRESCOR APARELHO";"7894650001097";"393"
"GLADE TOQUE DE FRESCOR 12ML LV3 PG2 LEMBR. INFANCI : GLADE TOQUE DE FRESCOR 12ML LV3 PG2";"7894650013984";"40051"
"GLADE TOQUE DE FRESCOR 12ML - REFIL LEMBR. INFANCI : GLADE TOQUE DE FRESCOR 12ML - REFIL";"7894650001110";"4822"
"GLADE TOQUE DE FRESCOR 12ML - REFIL LAVANDA : GLADE TOQUE DE FRESCOR 12ML - REFIL";"7894650001011";"4822"
"GLADE TOQUE DE FRESCOR 12ML - AP+RF LAVANDA : GLADE TOQUE DE FRESCOR 12ML - AP+RF";"7894650013847";"389"
"GLADE PEDRA SANITARIA 25G - 25%DESC BOUQUET LAVAND : GLADE PEDRA SANITARIA 25G - 25%DESC";"7894650004241";"43134"
"GLADE ODORIZADOR 360ML -OFERTA ESP. TOQUE MACIEZ : GLADE ODORIZADOR 360ML -OFERTA ESP.";"7894650009260";"46750"
"GLADE ODORIZADOR 360ML -OFERTA ESP. LEMBR. INFANCI : GLADE ODORIZADOR 360ML -OFERTA ESP.";"7894650014448";"46750"
"GLADE ODORIZADOR 360ML -OFERTA ESP. LAVANDA : GLADE ODORIZADOR 360ML -OFERTA ESP.";"7894650013861";"46750"
"GLADE ODORIZADOR 360ML -OFERTA ESP. FRUTAS E FLORE : GLADE ODORIZADOR 360ML -OFERTA ESP.";"7894650938430";"46750"
"GLADE ODORIZADOR 360ML -OFERTA ESP. FRESC. AGUAS : GLADE ODORIZADOR 360ML -OFERTA ESP.";"7894650938928";"46750"
"GLADE ODORIZADOR 360ML -OFERTA ESP. BRISA CITRICA : GLADE ODORIZADOR 360ML -OFERTA ESP.";"7894650940174";"46750"
"GLADE GEL 70G TOQUE DE MACIEZ : GLADE GEL 70G";"7894650004609";"31776"
"GLADE DIFUSOR 100ML TOQUE MACIEZ : GLADE DIFUSOR 100ML";"7894650940150";"60685"
"GLADE DIFUSOR 100ML FRUTAS/FLORES : GLADE DIFUSOR 100ML";"7894650007723";"60685"
"GLADE DIFUSOR 100ML AGUAS FLORAIS : GLADE DIFUSOR 100ML";"7894650940136";"60685"
"GLADE AUTOMATIC REFIL 269ML BRISA CITRICA : GLADE AUTOMATIC REFIL 269ML";"7894650000052";"29981"
"GLADE AUTOMATIC REFIL 269ML 20% GTS TOQUE MACIEZ : GLADE AUTOMATIC REFIL 269ML 20% GTS";"7894650937563";"51132"
"GLADE AUTOMATIC REFIL 269ML 20% GTS LAV. & VANILLA : GLADE AUTOMATIC REFIL 269ML 20% GTS";"7894650013205";"51132"
"GLADE AUTOMATIC REFIL 269ML 20% GTS FRUTAS E FLORE : GLADE AUTOMATIC REFIL 269ML 20% GTS";"7894650938614";"51132"
"GLADE AUTO SPORT 7ML - APAR. GRATIS ACQUA : GLADE AUTO SPORT 7ML - APAR. GRATIS";"7894650013236";"48497"
"GIRASSOL ZILIO 500G SEMENTES PEQ. : GIRASSOL ZILIO 500G";"7896280400943";"342"
"GIN TANQUERAY 750ML : GIN TANQUERAY 750ML";"5000291020706";"47121"
"GIN SEAGERS 980ML : GIN SEAGERS 980ML";"7891121154009";"13064"
"GIN DOCE 38% ASKOV 900ML MORANGO : GIN DOCE 38% ASKOV 900ML";"7896092505829";"73783"
"GIN DOCE 38% ASKOV 900ML MELANCIA : GIN DOCE 38% ASKOV 900ML";"7896092505805";"73783"
"GIN DOCE 38% ASKOV 900ML MACA VERDE : GIN DOCE 38% ASKOV 900ML";"7896092505812";"73783"
"GIN DOCE 38% ASKOV 900ML FR. TROPICAIS : GIN DOCE 38% ASKOV 900ML";"7896092505836";"73783"
"GIN ASKOV 900ML MORANGO : GIN ASKOV 900ML";"7896092505355";"65346"
"GIN ASKOV 900ML MELANCIA : GIN ASKOV 900ML";"7896092505362";"65346"
"GIN ASKOV 900ML MACA VERDE : GIN ASKOV 900ML";"7896092505423";"65346"
"GIN ASKOV 900ML FR. TROPICAIS : GIN ASKOV 900ML";"7896092505379";"65346"
"GERGELIM NATURAL LIFE 200G : GERGELIM NATURAL LIFE 200G";"7896256040265";"1247"
"GERGELIM MISTO KARUI 100G : GERGELIM MISTO KARUI 100G";"7898270966644";"70036"
"GERGELIM BRANCO ZILIO 150G : GERGELIM BRANCO ZILIO 150G";"7896280402565";"62368"
"GERGELIM BRANCO KARUI 100G : GERGELIM BRANCO KARUI 100G";"7898270966927";"70035"
"GENGIBRE KG : GENGIBRE KG";"503";"2933"
"GENGIBRE CRISTALIZADO NATUREZA 40G TRADICIONAL : GENGIBRE CRISTALIZADO NATUREZA 40G";"7713042147635";"40385"
"GENGIBRE CRISTALIZADO NATUREZA 40G COM CANELA : GENGIBRE CRISTALIZADO NATUREZA 40G";"7713042147581";"40385"
"GENGIBRE CRISTALIZADO NATUREZA 40G COM ABACAXI : GENGIBRE CRISTALIZADO NATUREZA 40G";"7713042147628";"40385"
"GELO PARA CERVEJA COCO LEVE 190G SAL E LIMAO : GELO PARA CERVEJA COCO LEVE 190G";"7898970731184";"66533"
"GELO PACOTE 5KG : GELO PACOTE 5KG";"6346";"50562"
"GELO PACOTE 10KG : GELO PACOTE 10KG";"6347";"50563"
"GELO COCO LEVE 190G MORANGO : GELO COCO LEVE 190G";"7898996082222";"57874"
"GELO COCO LEVE 190G MELANCIA : GELO COCO LEVE 190G";"7898996082253";"57874"
"GELO COCO LEVE 190G MARACUJA : GELO COCO LEVE 190G";"7898996082215";"57874"
"GELO COCO LEVE 190G MACA VERDE : GELO COCO LEVE 190G";"7898996082239";"57874"
"GELO COCO LEVE 190G LIMAO : GELO COCO LEVE 190G";"7898996082246";"57874"
"GELO COCO LEVE 190G BEATS RED : GELO COCO LEVE 190G";"7898970731320";"57874"
"GELO COCO LEVE 190G BEATS : GELO COCO LEVE 190G";"7898970731313";"57874"
"GELO COCO LEVE 190G AGUA DE COCO : GELO COCO LEVE 190G";"7898996082208";"57874"
"GELELE SLIME COLOR 152G : GELELE SLIME COLOR 152G";"7898915802115";"48965"
"GELEIA TATITANIA ZERO ACUCAR 260G MORANGO : GELEIA TATITANIA ZERO ACUCAR 260G";"7898022772127";"70885"
"GELEIA TATITANIA GOIABA 300G : GELEIA TATITANIA GOIABA 300G";"7898022771717";"51545"
"GELEIA TATITANIA 300G PIMENTA DEF. : GELEIA TATITANIA 300G";"7898022771731";"51543"
"GELEIA TATITANIA 300G MORANGO : GELEIA TATITANIA 300G";"7898022772110";"51543"
"GELEIA TATITANIA 300G AMORA : GELEIA TATITANIA 300G";"7898022774503";"51543"
"GELEIA TATITANIA 300G ABACAXI/PIMENTA : GELEIA TATITANIA 300G";"7898022774985";"51543"
"GELEIA SCHWARTAU 340G GROSELHA VERM. : GELEIA SCHWARTAU 340G";"4011800841317";"72590"
"GELEIA QUEENSBERRY GOURMET 320G. PIMENTA VERM. : GELEIA QUEENSBERRY GOURMET 320G.";"7896214532924";"55440"
"GELEIA QUEENSBERRY GOURMET 310G CEBOLA CARAM. : GELEIA QUEENSBERRY GOURMET 310G";"7896214532962";"45105"
"GELEIA QUEENSBERRY DO ANO 310G FR. VERMELHAS : GELEIA QUEENSBERRY DO ANO 310G";"7896214506192";"65452"
"GELEIA QUEENSBERRY DIET 280G MORANGO : GELEIA QUEENSBERRY DIET 280G";"7896214533006";"954"
"GELEIA QUEENSBERRY DIET 280G FRAMBOESA : GELEIA QUEENSBERRY DIET 280G";"7896214533013";"954"
"GELEIA QUEENSBERRY DIET 280G FR. VERMELHAS : GELEIA QUEENSBERRY DIET 280G";"7896214533075";"954"
"GELEIA QUEENSBERRY DIET 280G AMORA : GELEIA QUEENSBERRY DIET 280G";"7896214533037";"954"
"GELEIA QUEENSBERRY CLASSIC 320G MORANGO : GELEIA QUEENSBERRY CLASSIC 320G";"7896214532504";"739"
"GELEIA QUEENSBERRY CLASSIC 320G FR. VERMELHAS : GELEIA QUEENSBERRY CLASSIC 320G";"7896214532702";"739"
"GELEIA QUEENSBERRY CLASSIC 320G DAMASCO : GELEIA QUEENSBERRY CLASSIC 320G";"7896214532207";"739"
"GELEIA QUEENSBERRY 100% FRUTA 300G DAMASCO : GELEIA QUEENSBERRY 100% FRUTA 300G";"7896214507724";"65453"
"GELEIA QUEENSBERRY 100% FRUTA 300G AMORA : GELEIA QUEENSBERRY 100% FRUTA 300G";"7896214507748";"65453"
"GELEIA PREDILECTA UVA 230G  : GELEIA PREDILECTA UVA 230G";"7896292360143";"20188"
"GELEIA PREDILECTA PESSEGO 230G  : GELEIA PREDILECTA PESSEGO 230G";"7896292360709";"49767"
"GELEIA PREDILECTA MORANGO 230G  : GELEIA PREDILECTA MORANGO 230G";"7896292360112";"20187"
"GELEIA PREDILECTA GOIABADA 230G  : GELEIA PREDILECTA GOIABADA 230G";"7896292360105";"49766"
"GELEIA PREDILECTA FRAMBOESA 230G  : GELEIA PREDILECTA FRAMBOESA 230G";"7896292360976";"9081"
"GELEIA PREDILECTA AMORA 230G  : GELEIA PREDILECTA AMORA 230G";"7896292360136";"49757"
"GELEIA PREDILECTA AMEIXA 230G  : GELEIA PREDILECTA AMEIXA 230G";"7896292360181";"4365"
"GELEIA HOMEMADE ZERO 250G MORANGO : GELEIA HOMEMADE ZERO 250G";"7898002470937";"47374"
"GELEIA HOMEMADE ZERO 250G FR. VERMELHAS : GELEIA HOMEMADE ZERO 250G";"7898002471668";"47374"
"GELEIA HOMEMADE ZERO 250G DAMASCO : GELEIA HOMEMADE ZERO 250G";"7898002470944";"47374"
"GELEIA HOMEMADE TURMA MONICA 230G AMORA : GELEIA HOMEMADE TURMA MONICA 230G";"7898002470616";"69166"
"GELEIA HOMEMADE PREMIUM 320G UVA/CHIA : GELEIA HOMEMADE PREMIUM 320G";"7898002471262";"51281"
"GELEIA HOMEMADE PREMIUM 320G AMORA : GELEIA HOMEMADE PREMIUM 320G";"7898002470074";"51281"
"GELEIA HOMEMADE GOURMET 320G TOMATE/PIM/LIM. : GELEIA HOMEMADE GOURMET 320G";"7898002471323";"51153"
"GELEIA HERO 345G MORANGO : GELEIA HERO 345G";"7896214504440";"69872"
"GELEIA HERO 345G FR. VERMELHAS : GELEIA HERO 345G";"7896214504464";"69872"
"GELATINAS FINI TUBES GIGANTE 27G MORANGO : GELATINAS FINI TUBES GIGANTE 27G";"7908228801634";"54397"
"GELATINAS FINI TUBES GIGANTE 27G IOGURTE : GELATINAS FINI TUBES GIGANTE 27G";"7908228801658";"54397"
"GELATINAS FINI TUBES 80G UVA CITRICO : GELATINAS FINI TUBES 80G";"7898591455025";"31922"
"GELATINAS FINI TUBES 80G UVA : GELATINAS FINI TUBES 80G";"7898591455001";"31922"
"GELATINAS FINI TUBES 80G TWISTER : GELATINAS FINI TUBES 80G";"7898591457807";"31922"
"GELATINAS FINI TUBES 80G TROLLS : GELATINAS FINI TUBES 80G";"7898591453595";"31922"
"GELATINAS FINI TUBES 80G MORANGO CITRICO : GELATINAS FINI TUBES 80G";"8410525146435";"31922"
"GELATINAS FINI TUBES 80G DOCE MORANGO : GELATINAS FINI TUBES 80G";"8410525159619";"31922"
"GELATINAS FINI TUBES 15G MORANGO CITRICO : GELATINAS FINI TUBES 15G";"7898279799823";"36301"
"GELATINAS FINI TUBES 15G MORANGO : GELATINAS FINI TUBES 15G";"7898591459511";"36301"
"GELATINAS FINI HARRY POTTER 70G RAIO : GELATINAS FINI HARRY POTTER 70G";"7908228805861";"70090"
"GELATINAS FINI HARRY POTTER 70G OCULOS DO HARRY : GELATINAS FINI HARRY POTTER 70G";"7908228805946";"70090"
"GELATINAS FINI HARRY POTTER 70G EDWIGES : GELATINAS FINI HARRY POTTER 70G";"7908228805908";"70090"
"GELATINAS FINI HARRY POTTER 70G CHAPEU SELETOR : GELATINAS FINI HARRY POTTER 70G";"7908228805885";"70090"
"GELATINAS FINI 90G OVOS FRITOS : GELATINAS FINI 90G";"7898591451591";"4380"
"GELATINAS FINI 90G MINHOCAS CITR. : GELATINAS FINI 100G";"7898279792039";"31923"
"GELATINAS FINI 90G MINHOCAS BRILHO : GELATINAS FINI 90G";"7898279790776";"4380"
"GELATINAS FINI 90G FINIBURGUERS : GELATINAS FINI 100G";"7898279792077";"31923"
"GELATINAS FINI 90G DENTADURAS : GELATINAS FINI 100G";"7898279790417";"31923"
"GELATINAS FINI 90G BEIJOS MORANGO : GELATINAS FINI 100G";"7898279790400";"31923"
"GELATINAS FINI 90G BANANAS : GELATINAS FINI 100G";"7898279790394";"31923"
"GELATINAS FINI 80G SAPO : GELATINAS FINI 80G";"7908228805151";"67768"
"GELATINAS FINI 80G POLVO : GELATINAS FINI 80G";"7908228805120";"67768"
"GELATINAS FINI 100G URSINHOS BRILHO : GELATINAS FINI 100G";"7898279790639";"31923"
"GELATINA SOL 20G UVA : GELATINA SOL 20G";"7896005210789";"16451"
"GELATINA SOL 20G MORANGO : GELATINA SOL 20G";"7896005210741";"16451"
"GELATINA SOL 20G MARACUJA : GELATINA SOL 20G";"7896005210727";"16451"
"GELATINA SOL 20G LIMAO : GELATINA SOL 20G";"7896005210697";"16451"
"GELATINA SOL 20G FRAMBOESA : GELATINA SOL 20G";"7896005210659";"16451"
"GELATINA SOL 20G CEREJA : GELATINA SOL 20G";"7896005210628";"16451"
"GELATINA SOL 20G ABACAXI : GELATINA SOL 20G";"7896005210581";"16451"
"GELATINA SIAMAR 20G UVA : GELATINA SIAMAR 20G";"7896069573868";"33347"
"GELATINA SIAMAR 20G TUTTI-FRUTTI : GELATINA SIAMAR 20G";"7896069576210";"33347"
"GELATINA SIAMAR 20G MORANGO : GELATINA SIAMAR 20G";"7896069573851";"33347"
"GELATINA SIAMAR 20G MARACUJA : GELATINA SIAMAR 20G";"7896069574124";"33347"
"GELATINA SIAMAR 20G LIMAO : GELATINA SIAMAR 20G";"7896069573844";"33347"
"GELATINA SIAMAR 20G FRAMBOESA : GELATINA SIAMAR 20G";"7896069573837";"33347"
"GELATINA SIAMAR 20G CEREJA : GELATINA SIAMAR 20G";"7896069573820";"33347"
"GELATINA SIAMAR 20G ABACAXI : GELATINA SIAMAR 20G";"7896069573813";"33347"
"GELATINA SEM SABOR SIAMAR 12G : GELATINA SEM SABOR SIAMAR 12G";"7896069575565";"44787"
"GELATINA SEM SABOR INCOLOR LUAL 24G : GELATINA SEM SABOR INCOLOR LUAL 24G";"7896683409901";"43564"
"GELATINA SEM SABOR DR OETKER 24G INCOLOR : GELATINA SEM SABOR DR OETKER 24G";"7891048050057";"4252"
"GELATINA SEM SABOR BRETZKE 24G BRANCA : GELATINA SEM SABOR BRETZKE 24G";"7896072050035";"28896"
"GELATINA ROYAL ZERO 12G MORANGO : GELATINA ROYAL ZERO 12G";"7622300172787";"2"
"GELATINA ROYAL ZERO 12G CEREJA : GELATINA ROYAL ZERO 12G";"7622300172879";"2"
"GELATINA ROYAL SEM SABOR 24G INCOLOR : GELATINA ROYAL SEM SABOR 24G";"7893333229001";"4796"
"GELATINA ROYAL 25G UVA : GELATINA ROYAL 25G";"7622300859770";"1248"
"GELATINA ROYAL 25G MORANGO : GELATINA ROYAL 25G";"7622300859817";"1248"
"GELATINA ROYAL 25G LIMAO : GELATINA ROYAL 25G";"7622300859893";"1248"
"GELATINA ROYAL 25G FRAMBOESA : GELATINA ROYAL 25G";"7622300859930";"1248"
"GELATINA ROYAL 25G CEREJA : GELATINA ROYAL 25G";"7622300859978";"1248"
"GELATINA ROYAL 25G ABACAXI : GELATINA ROYAL 25G";"7622300860059";"1248"
"GELATINA NATURAL LIFE KODILAR 12G UVA : GELATINA NATURAL LIFE KODILAR 12G";"7896256070149";"30329"
"GELATINA DR.OETKER FINI 20G DENTADURA : GELATINA DR.OETKER FINI 20G";"7891048084533";"72400"
"GELATINA DR.OETKER FINI 20G BEIJOS : GELATINA DR.OETKER FINI 20G";"7891048084526";"72400"
"GELATINA DR.OETKER FINI 20G BANANA : GELATINA DR.OETKER FINI 20G";"7891048084540";"72400"
"GELATINA DR.OETKER DIET 12G UVA : GELATINA DR.OETKER DIET 12G";"7891048046661";"913"
"GELATINA DR.OETKER DIET 12G MORANGO : GELATINA DR.OETKER DIET 12G";"7891048046654";"913"
"GELATINA DR.OETKER DIET 12G LIMAO : GELATINA DR.OETKER DIET 12G";"7891048046647";"913"
"GELATINA DR.OETKER DIET 12G FRAMBOESA : GELATINA DR.OETKER DIET 12G";"7891048046630";"913"
"GELATINA DR.OETKER DIET 12G CEREJA : GELATINA DR.OETKER DIET 12G";"7891048046623";"913"
"GELATINA DR.OETKER DIET 12G ABACAXI : GELATINA DR.OETKER DIET 12G";"7891048046616";"913"
"GELATINA DR.OETKER 20G UVA : GELATINA DR.OETKER 20G";"7891048050682";"46286"
"GELATINA DR.OETKER 20G TUTTI FRUTTI : GELATINA DR.OETKER 20G";"7891048050675";"46286"
"GELATINA DR.OETKER 20G MORANGO : GELATINA DR.OETKER 20G";"7891048050668";"46286"
"GELATINA DR.OETKER 20G MARACUJA : GELATINA DR.OETKER 20G";"7891048050651";"46286"
"GELATINA DR.OETKER 20G LIMAO : GELATINA DR.OETKER 20G";"7891048050644";"46286"
"GELATINA DR.OETKER 20G FRAMBOESA : GELATINA DR.OETKER 20G";"7891048050637";"46286"
"GELATINA DR.OETKER 20G CEREJA : GELATINA DR.OETKER 20G";"7891048050620";"46286"
"GELATINA DR.OETKER 20G AMORA : GELATINA DR.OETKER 20G";"7891048050613";"46286"
"GELATINA DR.OETKER 20G ABACAXI : GELATINA DR.OETKER 20G";"7891048050606";"46286"
"GELATINA DR. OETKER VEGANO 20G UVA : GELATINA DR. OETKER VEGANO 20G";"7891048092453";"49387"
"GELATINA DR. OETKER VEGANO 20G MORANGO : GELATINA DR. OETKER VEGANO 20G";"7891048092446";"49387"
"GELATINA DR. OETKER VEGANO 20G ABACAXI : GELATINA DR. OETKER VEGANO 20G";"7891048092439";"49387"
"GELATINA DR OETKER ZERO 12G UVA : GELATINA DR OETKER ZERO 12G";"7891048048993";"43359"
"GELATINA DR OETKER ZERO 12G MORANGO : GELATINA DR OETKER ZERO 12G";"7891048049006";"43359"
"GELATINA DR OETKER ZERO 12G LIMAO : GELATINA DR OETKER ZERO 12G";"7891048049792";"43359"
"GELATINA DR OETKER ZERO 12G FRAMBOESA : GELATINA DR OETKER ZERO 12G";"7891048049013";"43359"
"GELATINA DR OETKER ZERO 12G CEREJA : GELATINA DR OETKER ZERO 12G";"7891048048986";"43359"
"GELATINA DR OETKER ZERO 12G ABACAXI : GELATINA DR OETKER ZERO 12G";"7891048048979";"43359"
"GELATINA CAPILAR NOVEX 1KG SUPER BABOSAO : GELATINA CAPILAR NOVEX 1KG";"7896013508427";"73061"
"GELATINA CAPILAR NOVEX 1KG SANTO BLACK : GELATINA CAPILAR NOVEX 1KG";"7896013508434";"73061"
"GELATINA CAPILAR NOVEX 1KG CACHOS MAGICOS : GELATINA CAPILAR NOVEX 1KG";"7896013508465";"73061"
"GELADO DE MORANGO KG : GELADO DE MORANGO KG          ";"1783";"10252"
"GELADO DE ABACAXI KG : GELADO DE ABACAXI KG          ";"5579";"41518"
"GEL SANITARIO TRIEX 7G MARINE : GEL SANITARIO TRIEX 7G";"7896527702205";"63515"
"GEL SANITARIO TRIEX 7G LAVANDA : GEL SANITARIO TRIEX 7G";"7896527702182";"63515"
"GEL SANITARIO TRIEX 7G FLORAL : GEL SANITARIO TRIEX 7G";"7896527702168";"63515"
"GEL LIMPEZA FACIAL MONANGE 120G LIMPEZA GENTIL : GEL LIMPEZA FACIAL MONANGE 120G";"7896235354383";"72717"
"GEL LIMPEZA FACIAL MONANGE 120G ANTIOLEO : GEL LIMPEZA FACIAL MONANGE 120G";"7896235354369";"72717"
"GEL LIMPEZA ANTIOLEO VULT 85G : GEL LIMPEZA ANTIOLEO VULT 85G";"7899852022932";"68590"
"GEL HIGIENIZANTE GIOVANNA BABY 500M CLASSIC : GEL HIGIENIZANTE GIOVANNA BABY 500M";"7896044956419";"50961"
"GEL HIGIENIZANTE GIOVANNA BABY 500M BLUE : GEL HIGIENIZANTE GIOVANNA BABY 500M";"7896044956525";"50961"
"GEL FIXADOR NY LOOKS VERDE 240G S/ ALCOOL : GEL FIXADOR NY LOOKS VERDE 240G";"7896235319658";"34922"
"GEL FIXADOR NY LOOKS S/ ALCOOL 240G INCOLOR : GEL FIXADOR NY LOOKS S/ ALCOOL 240G";"7896235319665";"4133"
"GEL FIXADOR NY LOOKS AZUL 240G S/ ALCOOL : GEL FIXADOR NY LOOKS AZUL 240G";"7896235319634";"34921"
"GEL FIXADOR BOZZANO 300G AZUL : GEL FIXADOR BOZZANO 300G";"7891350034868";"4732"
"GEL DENTAL SORRISO FRESH 90G XTRA MINT : GEL DENTAL SORRISO FRESH 90G";"7891528038308";"7898"
"GEL DENTAL SORRISO FRESH 90G MENTHOL IMPACT : GEL DENTAL SORRISO FRESH 90G";"7891528038568";"7898"
"GEL DENTAL SORRISO FRESH 90G HORTELA EXPLOSI : GEL DENTAL SORRISO FRESH 90G";"7891528038612";"7898"
"GEL DENTAL SORRISO BRANQ+CARVAO : GEL DENTAL SORRISO BRANQ+CARVAO 60G";"7509546675121";"60900"
"GEL DENTAL INFANTIL JADEFROG 50G TUTTI FRUTTI : GEL DENTAL INFANTIL JADEFROG 50G";"7897217403990";"51772"
"GEL DENTAL COLGATE INFANTIL 50G PRIMEIR. DENTES : GEL DENTAL COLGATE INFANTIL 50G";"7509546060781";"37732"
"GEL DENTAL CLOSE UP LIQUIFRESH 100G ICE : GEL DENTAL CLOSE UP LIQUIFRESH 100G";"7891037744509";"7872"
"GEL DENTAL CARMED FINI 70G DENTADURA : GEL DENTAL CARMED FINI 70G";"7897947620490";"73764"
"GEL DENTAL CARMED FINI 70G BEIJOS : GEL DENTAL CARMED FINI 70G";"7897947620506";"73764"
"GEL CREME FACIAL MONANGE 80G ANTISSINAIS : GEL CREME FACIAL MONANGE 80G";"7896235354376";"72718"
"GEL CREME FACIAL MONANGE 80G ANTI-OLEOSIDADE : GEL CREME FACIAL MONANGE 80G";"7896235354352";"72718"
"GEL CORPO CABELO GLITER FIXED 200G ROXO : GEL CORPO CABELO GLITER FIXED 200G";"7898211383752";"65784"
"GATORADE ZERO CALORIAS 350ML LARANJA : GATORADE ZERO CALORIAS 350ML";"7892840820671";"70781"
"GATORADE ZERO CALORIAS 350ML FRUTAS SILVESTR : GATORADE ZERO CALORIAS 350ML";"7892840820701";"70781"
"GATORADE SABORES 500ML UVA : GATORADE SABORES 500ML";"7892840808051";"2171"
"GATORADE SABORES 500ML TANGERINA : GATORADE SABORES 500ML";"7892840808044";"2171"
"GATORADE SABORES 500ML MORANGO/MARAC. : GATORADE SABORES 500ML";"7892840808174";"2171"
"GATORADE SABORES 500ML MARACUJA : GATORADE SABORES 500ML";"7892840808068";"2171"
"GATORADE SABORES 500ML LIMAO : GATORADE SABORES 500ML";"7892840808037";"2171"
"GATORADE SABORES 500ML LARANJA : GATORADE SABORES 500ML";"7892840808020";"2171"
"GATORADE SABORES 500ML FRUTAS CITRICAS : GATORADE SABORES 500ML";"7892840808013";"2171"
"GATORADE SABORES 500ML BERRY BLUE : GATORADE SABORES 500ML";"7892840822019";"2171"
"GARRAFAO TERMOLAR SUPERTERMO 5L AZUL : GARRAFAO TERMOLAR SUPERTERMO 5L";"7891023509273";"402"
"GARRAFA TRAMONTINA TERMICA BOMBA 1L PRETA : GARRAFA TRAMONTINA TERMICA BOMBA 1L";"7891116179536";"69352"
"GARRAFA TERMICA MOR USE 1L. PRETA : GARRAFA TERMICA MOR USE 1L.";"7896020696247";"66363"
"GARRAFA TERMICA MOR MINI 250ML PRETA : GARRAFA TERMICA MOR MINI 250ML";"7896020694403";"66391"
"GARRAFA TERMICA INVICTA ARABICA 1L VERMELHO : GARRAFA TERMICA INVICTA ARABICA 1L";"7891691396786";"62438"
"GARRAFA TERMICA INVICTA ARABICA 1L PRETA : GARRAFA TERMICA INVICTA ARABICA 1L";"7891691396762";"62438"
"GARRAFA TERMICA CLASS VERDE 1L : GARRAFA TERMICA CLASS VERDE 1L";"7899887418397";"68882"
"GARRAFA SANREMO ESPORTIVA 500ML SR96/2 : GARRAFA SANREMO ESPORTIVA 500ML";"7896359021512";"59903"
"GARRAFA PLASUTIL RETRO INF. 500ML MICKEY VINTAGE : GARRAFA PLASUTIL RETRO INF. 500ML";"7896042089454";"47760"
"GARRAFA PLASUTIL RETRO INF. 500ML HOMEM ARANHA : GARRAFA PLASUTIL RETRO INF. 500ML";"7896042089539";"47760"
"GARRAFA PLASUTIL PARIS DEC. 1,9L 8425 : GARRAFA PLASUTIL PARIS DEC. 1,9L";"7896042084251";"52710"
"GARRAFA PLASUTIL NEW YORK 1,8L REF. 3635 : GARRAFA PLASUTIL NEW YORK 1,8L";"7896042036359";"50782"
"GARRAFA PLASUTIL CILINDRICA 970ML 16047 - FITNESS : GARRAFA PLASUTIL CILINDRICA 970ML";"7899808850329";"67094"
"GARRAFA PLASUTIL ABRE FACIL COLORS 530ML - 13539 : GARRAFA PLASUTIL ABRE FACIL COLORS";"7899808880555";"58415"
"GARRAFA PLASUTIL ABRE FACIL 600ML STITCH : GARRAFA PLASUTIL ABRE FACIL 600ML";"7899808843383";"69142"
"GARRAFA PLASUTIL ABRE FACIL 600ML HOMEM ARANHA : GARRAFA PLASUTIL ABRE FACIL 600ML";"7899808843406";"69142"
"GARRAFA PLASUTIL ABRE FACIL 530ML STITCH : GARRAFA PLASUTIL ABRE FACIL 530ML";"7899808852903";"56745"
"GARRAFA PLASUTIL ABRE FACIL 530ML REI LEAO : GARRAFA PLASUTIL ABRE FACIL 530ML";"7899808838105";"56745"
"GARRAFA PLASUTIL ABRE FACIL 530ML PATRULHA CANINA : GARRAFA PLASUTIL ABRE FACIL 530ML";"7899808855591";"56745"
"GARRAFA PLASUTIL ABRE FACIL 530ML HOMEM ARANHA : GARRAFA PLASUTIL ABRE FACIL 530ML";"7899808867860";"56745"
"GARRAFA PLASDURAN TUBO GELO 1L  : GARRAFA PLASDURAN TUBO GELO 1L";"7897659644784";"62583"
"GARRAFA PLASDURAN SORTIDAS 700ML  : GARRAFA PLASDURAN SORTIDAS 700ML";"7897659687330";"65252"
"GARRAFA JAGUAR AGUA 2L : GARRAFA JAGUAR AGUA 2L";"7896952507369";"30411"
"GARRAFA INVICTA VOGUE 750ML PRETA : GARRAFA INVICTA VOGUE 750ML";"7891691188039";"279"
"GARRAFA INVICTA VG 750ML : GARRAFA INVICTA VG 750ML";"7891691005398";"73698"
"GARRAFA INVICTA SINGULARE 500ML INOX : GARRAFA INVICTA SINGULARE 500ML";"7891691397684";"70314"
"GARRAFA INVICTA LIDER 320ML VERMELHO VELVET : GARRAFA INVICTA LIDER 320ML";"7891691080142";"289"
"GARRAFA INVICTA GLT PRESSAO 1L PRETA : GARRAFA INVICTA GLT PRESSAO 1L";"7891691173110";"274"
"GARRAFA INVICTA GLT PRESSAO 1L COLORIDA : GARRAFA INVICTA GLT PRESSAO 1L";"7891691073113";"274"
"GARRAFA INVICTA GLT PRESSAO 1L BRANCA : GARRAFA INVICTA GLT PRESSAO 1L";"7891691273117";"274"
"GARRAFA INVICTA GLT LISA 500ML MARROM : GARRAFA INVICTA GLT LISA 500ML";"7891691083129";"277"
"GARRAFA INVICTA GLT DECORADA 1L : GARRAFA INVICTA GLT DECORADA 1L";"7891691183218";"3417"
"GARRAFA INVICTA FIRENZE 250ML PRETA : GARRAFA INVICTA FIRENZE 250ML";"7891691002069";"43270"
"GARRAFA INVICTA EUREKA 750ML PRETA : GARRAFA INVICTA EUREKA 750ML";"7891691005466";"48332"
"GARRAFA INVICTA EUREKA 750ML CAPPUCCINO : GARRAFA INVICTA EUREKA 750ML";"7891691005473";"48332"
"GARRAFA CONTIGO AUTOSEAL LUXE 473ML PRETA : GARRAFA CONTIGO AUTOSEAL LUXE 473ML";"7891691010880";"67504"
"GARFO TRAMONTINA MESA IPANEMA 3PC VERMELHO : GARFO TRAMONTINA MESA IPANEMA 3PC";"7891112079595";"57129"
"GARFO TRAMONTINA MESA IPANEMA 3PC PRETO : GARFO TRAMONTINA MESA IPANEMA 3PC";"7891112044296";"57129"
"GARFO SOBREMESA JUNCO 50UN CRISTAL : GARFO SOBREMESA JUNCO 50UN";"7896523111568";"49614"
"GARFO SOBREMESA JUNCO 10UN CRISTAL : GARFO SOBREMESA JUNCO 10UN";"7896523100630";"51370"
"GARFO REFEICAO JUNCO 50UN : GARFO REFEICAO JUNCO 50UN";"7896523102733";"49745"
"GARFO REFEICAO JUNCO 10UN CRISTAL : GARFO REFEICAO JUNCO 10UN";"7896523101798";"51369"
"GARFO PARA ASSADO MONIZ SIMONAGGIO : GARFO PARA ASSADO MONIZ SIMONAGGIO";"7896211817369";"35132"
"GARFO MESA TRAMONTINA LEME VERMELHA : GARFO MESA TRAMONTINA LEME";"7891112181793";"43523"
"GARFO MESA TRAMONTINA LEME PRETO : GARFO MESA TRAMONTINA LEME";"7891112173118";"43523"
"GARFO APERITIVO JUNCO 180UN CRISTAL : GARFO APERITIVO JUNCO 180UN";"7896523129969";"49961"
"GANCHOS MULTIUSO LIG BRIN 2UN : GANCHOS MULTIUSO LIG BRIN 2UN";"7898282400174";"64061"
"GANCHO SCOTCH PEQUENO 4UN : GANCHO SCOTCH PEQUENO 4UN";"7891040179008";"66553"
"GANCHO SCOTCH MEDIO 3UN : GANCHO SCOTCH MEDIO 3UN";"7891040178995";"35678"
"GANCHO SCOTCH GRANDE 1UN : GANCHO SCOTCH GRANDE 1UN";"7891040178988";"66554"
"GALINHADA KG : GALINHADA KG";"6277";"50148"
"GALHETEIRO WESTERN SIERRA 400ML  : GALHETEIRO WESTERN SIERRA 400ML";"7896980451702";"71668"
"GALHETEIRO MIMO DOSADOR VITREO INOX  : GALHETEIRO MIMO DOSADOR VITREO INOX";"7908216123489";"67066"
"FUNIL PLASUTIL PEQUENO REF. 277 : FUNIL PLASUTIL PEQUENO REF. 277";"7896042002774";"5745"
"FUNDO RENDADO (TAPETINHO) N°7 JUNCO TRANSPARENTE : FUNDO RENDADO (TAPETINHO) N°7 JUNCO";"7896523121116";"63924"
"FUNDO RENDADO (TAPETINHO) N°7 JUNCO BRANCO : FUNDO RENDADO (TAPETINHO) N°7 JUNCO";"7896523111872";"63924"
"FUBA YOKI 500G : FUBA YOKI 500G";"7891095200450";"1574"
"FUBA PRE COZIDO YOKI 500G : FUBA PRE COZIDO YOKI 500G";"7891095200184";"7660"
"FUBA MIMOSO ZILIO 5KG : FUBA MIMOSO ZILIO 5KG";"7896280401728";"48525"
"FUBA MIMOSO ZILIO 500G : FUBA MIMOSO ZILIO 500G";"7896280400110";"1515"
"FUBA MIMOSO SIAMAR 500G : FUBA MIMOSO SIAMAR 500G";"7896069511327";"1653"
"FUBA MIMOSO SIAMAR 1KG : FUBA MIMOSO SIAMAR 1KG";"7896069511297";"1693"
"FUBA DE MILHO MANO VELHO 500G : FUBA DE MILHO MANO VELHO 500G";"7898934907389";"68963"
"FRUTEIRA MESA ARTHI 26X19,5CM : FRUTEIRA MESA ARTHI 26X19,5CM";"7897807404567";"71671"
"FRUTAS CRISTALIZADAS EMB. KG                : FRUTAS CRISTALIZADAS EMB.     ";"776";"2838"
"FRUTA-NOZES C/ CASCA 30/32 KG : FRUTA-NOZES C/ CASCA 30/32 KG";"545";"2705"
"FRIOS-QUEIJO PRATO LANCHE KG : FRIOS-QUEIJO PRATO LANCHE KG";"7897318573318";"2522"
"FRIOS TREMOCO KG : FRIOS TREMOCO KG";"7898586150393";"2592"
"FRIOS SALAMINHO SEARA KG : FRIOS SALAMINHO SEARA KG";"7894904707218";"37187"
"FRIOS RICOTA FRESCA COQUEIROS KG : FRIOS RICOTA FRESCA COQUEIROS KG";"7898962961018";"33806"
"FRIOS QUEIJO SABOROSO QUERO QUERO KG : FRIOS QUEIJO SABOROSO QUERO QUERO";"2101";"11691"
"FRIOS QUEIJO PROVOLONE KG : FRIOS QUEIJO PROVOLONE KG";"1066";"2526"
"FRIOS PICLES KG : FRIOS PICLES KG";"7898586150225";"2478"
"FRIOS MUSSARELA ESPETO COQUEIRO KG : FRIOS MUSSARELA ESPETO COQUEIRO KG";"4370";"33803"
"FRIOS MUSSARELA DEF. ESP. COQUEIRO KG : FRIOS MUSSARELA DEF. ESP. COQUEIRO";"7898962961063";"33804"
"FRIOS MUSSARELA COND. ESP. COQUEIRO KG : FRIOS MUSSARELA COND. ESP. COQUEIRO";"4372";"33805"
"FRIOS MUSSARELA CENTRO OESTE PECA : FRIOS MUSSARELA CENTRO OESTE PECA";"4";"2468"
"FRIOS LOMBO TIPO CANADENSE SEARA KG : FRIOS LOMBO TIPO CANADENSE SEARA KG";"7894904006229";"2457"
"FRIOS AZEITONA VERDE S/ CAROCO KG : FRIOS AZEITONA VERDE S/ CAROCO";"7898586152106";"6117"
"FRIOS AZEITONA VERDE GORDAL KG : FRIOS AZEITONA VERDE GORDAL KG";"1904";"11594"
"FRIOS AZEITONA VERDE FATIADA KG : FRIOS AZEITONA VERDE FATIADA KG";"7898586152298";"2414"
"FRIOS AZEITONA VERDE ARAUCO 16/20 KG : FRIOS AZEITONA VERDE ARAUCO 16/20";"226";"2412"
"FRIOS AZEITONA PRETA SEM CAROCO KG : FRIOS AZEITONA PRETA SEM CAROCO KG";"7898586152984";"2411"
"FRIOS AZEITONA PRETA FATIADA KG : FRIOS AZEITONA PRETA FATIADA KG";"224";"2409"
"FRIOS AZEITONA PRETA CHILENA MIUDA KG : FRIOS AZEITONA PRETA CHILENA MIUDA";"1199";"2408"
"FRIOS AZEITONA PRETA AZAPA 90/110 KG : FRIOS AZEITONA PRETA AZAPA 90/110";"7898586152304";"2406"
"FRIGIDEIRA TRAMONTINA TURIM 24CM VERMELHA : FRIGIDEIRA TRAMONTINA TURIM 24CM";"7891112326415";"47769"
"FRIGIDEIRA TRAMONTINA TURIM 24CM CHUMBO : FRIGIDEIRA TRAMONTINA TURIM 24CM";"7891112201781";"47769"
"FRIGIDEIRA TRAMONTINA TURIM 20CM VERMELHA : FRIGIDEIRA TRAMONTINA TURIM 20CM";"7891112326392";"47768"
"FRIGIDEIRA TRAMONTINA TURIM 16CM VERMELHA : FRIGIDEIRA TRAMONTINA TURIM 16CM";"7891112326378";"47767"
"FRIGIDEIRA TRAMONTINA PARIS 2PC CHUMBO : FRIGIDEIRA TRAMONTINA PARIS 2PC";"7891112281516";"60883"
"FRIGIDEIRA TRAMONTINA LORETO 24CM. VERMELHA : FRIGIDEIRA TRAMONTINA LORETO 24CM.";"7891112277823";"54965"
"FRIGIDEIRA TRAMONTINA LORETO 24CM. GRAFITE : FRIGIDEIRA TRAMONTINA LORETO 24CM.";"7891112277830";"54965"
"FRIGIDEIRA TRAMONTINA AVULSAS PRETA : FRIGIDEIRA TRAMONTINA AVULSAS";"7891112326248";"65487"
"FRIGIDEIRA TRAMONTINA ALLEGRA 20CM : FRIGIDEIRA TRAMONTINA ALLEGRA 20CM";"7891116073773";"43558"
"FRIGIDEIRA FRANCESA FORT-FLON 0,6L NEW - 16 : FRIGIDEIRA FRANCESA FORT-FLON 0,6L";"7897174452260";"75045"
"FRIGIDEIRA FORT-FLON FORT-LAR 20 REF. 5011 : FRIGIDEIRA FORT-FLON FORT-LAR 20";"7897174450112";"5663"
"FRICASSE DE FRANGO SEARA 300G : FRICASSE DE FRANGO SEARA 300G";"7894904296293";"70085"
"FRICASSE DE FRANGO KG : FRICASSE DE FRANGO KG";"5993";"46504"
"FRESCATINO POLENGHI 250G TRADICIONAL : FRESCATINO POLENGHI 250G";"7896207640049";"1887"
"FRASCOS VIAGEM SPRAY RICCA 100ML : FRASCOS VIAGEM SPRAY RICCA 100ML";"7897517932947";"71907"
"FRASCOS VIAGEM RICCA 4UN : FRASCOS VIAGEM RICCA 4UN";"7897517932886";"71905"
"FRANGO-PESCOCO DE FRANGO GONZALEZ KG : FRANGO-PESCOCO DE FRANGO GONZALEZ";"2368";"13396"
"FRANGO-PEITO DE FRANGO GONZALEZ KG : FRANGO-PEITO DE FRANGO GONZALEZ KG";"639";"3209"
"FRANGO-FRANGO RECHEADO : FRANGO-FRANGO RECHEADO";"73";"3218"
"FRANGO-ASA DE FRANGO PERDIGAO GRANE : FRANGO-ASA DE FRANGO PERDIGAO GRANE";"6";"3119"
"FRANGO XADREZ KG : FRANGO XADREZ KG";"2136";"5487"
"FRANGO PEITO SEM OSSO GONZALEZ KG  : FRANGO PEITO SEM OSSO GONZALEZ KG";"7898947146102";"3130"
"FRANGO PASSARINHO TEMP NUTRIBEM 1KG : FRANGO PASSARINHO TEMP NUTRIBEM 1KG";"7898905837646";"52253"
"FRANGO PASSARINHO SADIA PACOTE 1KG : FRANGO PASSARINHO SADIA PACOTE 1KG";"7893000488526";"10313"
"FRANGO PASSARINHO COPACOL 800G : FRANGO PASSARINHO COPACOL 800G";"7891527962376";"31483"
"FRANGO MOELA DE FRANGO GONZALEZ KG : FRANGO MOELA DE FRANGO GONZALEZ KG";"889";"3208"
"FRANGO GONZALEZ KG : FRANGO GONZALEZ KG";"621";"3131"
"FRANGO ENSOPADO KG : FRANGO ENSOPADO KG";"2325";"12556"
"FRANGO COXAS SOBRECOXAS GONZALEZ KG : FRANGO COXAS SOBRECOXAS GONZALEZ KG";"7898947146041";"3124"
"FRANGO ASSADO COM FAROFA UN  : FRANGO ASSADO COM FAROFA UN";"1561";"11187"
"FRANGO ASA DE FRANGO GONZALES KG : FRANGO ASA DE FRANGO GONZALES KG";"446";"5506"
"FRAMBOESA CONGELADA COLUCI 1,02KG : FRAMBOESA CONGELADA COLUCI 1,02KG";"0070341046142";"69864"
"FRALDA SULBEEF PC KG : FRALDA SULBEEF PC KG";"156";"6495"
"FRALDA PERSONAL PROTECT & SEC MEGA XXG - 28UN : FRALDA PERSONAL PROTECT & SEC MEGA";"7896110011653";"68534"
"FRALDA PERSONAL PROTECT & SEC MEGA XG - 28UN : FRALDA PERSONAL PROTECT & SEC MEGA";"7896110011646";"68534"
"FRALDA PERSONAL PROTECT & SEC MEGA P - 44UN : FRALDA PERSONAL PROTECT & SEC MEGA";"7896110011615";"68534"
"FRALDA PERSONAL PROTECT & SEC MEGA M - 40UN : FRALDA PERSONAL PROTECT & SEC MEGA";"7896110011622";"68534"
"FRALDA PERSONAL PROTECT & SEC MEGA G - 34UN : FRALDA PERSONAL PROTECT & SEC MEGA";"7896110011639";"68534"
"FRALDA PERSONAL BABY PREMIUM MEGA XXG - 24UN : FRALDA PERSONAL BABY PREMIUM MEGA";"7896110012223";"67553"
"FRALDA PERSONAL BABY PREMIUM MEGA P - 40UN : FRALDA PERSONAL BABY PREMIUM MEGA";"7896110012032";"67553"
"FRALDA PERSONAL BABY PREMIUM MEGA M - 34UN : FRALDA PERSONAL BABY PREMIUM MEGA";"7896110012063";"67553"
"FRALDA PERSONAL BABY PREMIUM MEGA G - 30UN : FRALDA PERSONAL BABY PREMIUM MEGA";"7896110010885";"67553"
"FRALDA PAMPERS SUPERSEQUINHA SUPER M - 68UN : FRALDA PAMPERS SUPERSEQUINHA SUPER";"7500435250214";"74347"
"FRALDA PAMPERS SUPERSEQUINHA SUPER G - 60UN : FRALDA PAMPERS SUPERSEQUINHA SUPER";"7500435250207";"74347"
"FRALDA PAMPERS SUPERSEC PACOTAO TAM. XXG - 20UN : FRALDA PAMPERS SUPERSEC PACOTAO";"7501006725735";"420"
"FRALDA PAMPERS SUPERSEC PACOTAO TAM. XG - 22UN : FRALDA PAMPERS SUPERSEC PACOTAO";"7506339391336";"420"
"FRALDA PAMPERS SUPERSEC PACOTAO TAM. P - 34UN : FRALDA PAMPERS SUPERSEC PACOTAO";"7506339391305";"420"
"FRALDA PAMPERS SUPERSEC PACOTAO TAM. M- 30UN : FRALDA PAMPERS SUPERSEC PACOTAO";"7506339391312";"420"
"FRALDA PAMPERS SUPERSEC PACOTAO TAM. G - 26UN : FRALDA PAMPERS SUPERSEC PACOTAO";"7506339391329";"420"
"FRALDA PAMPERS PREMIUN CARE RN 20UN : FRALDA PAMPERS PREMIUN CARE RN";"7500435132527";"30285"
"FRALDA PAMPERS PANTS CONFORT SEC. XXG 28UN : FRALDA PAMPERS PANTS CONFORT SEC.";"7500435146258";"49582"
"FRALDA PAMPERS CONFORTSEC PANTS XG - 32UN : FRALDA PAMPERS CONFORTSEC PANTS";"7500435146241";"55279"
"FRALDA PAMPERS CONFORTSEC PANTS M - 42UN : FRALDA PAMPERS CONFORTSEC PANTS";"7500435146227";"55279"
"FRALDA PAMPERS CONFORTSEC PANTS G - 36UN : FRALDA PAMPERS CONFORTSEC PANTS";"7500435146234";"55279"
"FRALDA PAMPERS CONFORT SEC PCTAO XXG - 16UN : FRALDA PAMPERS CONFORT SEC PCTAO";"7500435132589";"43067"
"FRALDA PAMPERS CONFORT SEC PCTAO XG- 18UN : FRALDA PAMPERS CONFORT SEC PCTAO";"7500435106597";"43067"
"FRALDA PAMPERS CONFORT SEC PCTAO P - 28UN : FRALDA PAMPERS CONFORT SEC PCTAO";"7500435106566";"43067"
"FRALDA PAMPERS CONFORT SEC PCTAO M - 24UN : FRALDA PAMPERS CONFORT SEC PCTAO";"7500435181747";"43067"
"FRALDA PAMPERS CONFORT SEC MEGA XG -34UN : FRALDA PAMPERS CONFORT SEC MEGA";"7500435106641";"43444"
"FRALDA PAMPERS CONFORT SEC FORTBAG XXG - 52UN : FRALDA PAMPERS CONFORT SEC FORTBAG";"7500435205238";"59074"
"FRALDA PAMPERS CONFORT SEC FORTBAG XG - 54UN : FRALDA PAMPERS CONFORT SEC FORTBAG";"7500435205269";"59074"
"FRALDA PAMPERS CONFORT SEC FORTBAG P - 72UN : FRALDA PAMPERS CONFORT SEC FORTBAG";"7500435181297";"59074"
"FRALDA PAMPERS CONFORT SEC FORTBAG M - 70UN : FRALDA PAMPERS CONFORT SEC FORTBAG";"7500435106665";"59074"
"FRALDA PAMPERS CONFORT SEC FORTBAG G - 60UN : FRALDA PAMPERS CONFORT SEC FORTBAG";"7500435106672";"59074"
"FRALDA MAMYPOKO SUPER PROTECAO XXG - 22UN : FRALDA MAMYPOKO SUPER PROTECAO";"7898656391572";"70261"
"FRALDA MAMYPOKO SUPER PROTECAO XG - 24UN : FRALDA MAMYPOKO SUPER PROTECAO";"7898656391565";"70261"
"FRALDA MAMYPOKO SUPER PROTECAO G - 28UN : FRALDA MAMYPOKO SUPER PROTECAO";"7898656391558";"70261"
"FRALDA MAMYPOKO DIA & NOITE AMARELA XXG - 22UN : FRALDA MAMYPOKO DIA & NOITE AMARELA";"7898656390230";"70260"
"FRALDA MAMYPOKO DIA & NOITE AMARELA XG - 26UN : FRALDA MAMYPOKO DIA & NOITE AMARELA";"7898656390223";"70260"
"FRALDA MAMYPOKO DIA & NOITE AMARELA G - 30UN : FRALDA MAMYPOKO DIA & NOITE AMARELA";"7898656390216";"70260"
"FRALDA HUGGIES TRIPLA PROT MEGA XXG - 32UN : FRALDA HUGGIES TRIPLA PROT MEGA";"7896007551347";"33597"
"FRALDA HUGGIES TRIPLA PROT MEGA P - 46UN : FRALDA HUGGIES TRIPLA PROT MEGA";"7896007551309";"33597"
"FRALDA HUGGIES TRIPLA PROT MEGA M - 42UN : FRALDA HUGGIES TRIPLA PROT MEGA";"7896007551316";"33597"
"FRALDA HUGGIES TRIPLA PROT MEGA G - 36UN : FRALDA HUGGIES TRIPLA PROT MEGA";"7896007551323";"33597"
"FRALDA HUGGIES SUPREME CARE MEGA XXG - 26UN : FRALDA HUGGIES SUPREME CARE MEGA";"7896007548439";"48054"
"FRALDA HUGGIES SUPREME CARE MEGA XG - 26UN : FRALDA HUGGIES SUPREME CARE MEGA";"7896007548422";"48054"
"FRALDA HUGGIES SUPREME CARE MEGA P - 48UN : FRALDA HUGGIES SUPREME CARE MEGA";"7896007548514";"48054"
"FRALDA HUGGIES SUPREME CARE MEGA G - 32UN : FRALDA HUGGIES SUPREME CARE MEGA";"7896007548415";"48054"
"FRALDA HUGGIES SUPR. ROUPINHA MEGA XXG - 24UN : FRALDA HUGGIES SUPR. ROUPINHA MEGA";"7896007549702";"37613"
"FRALDA HUGGIES SUPR. ROUPINHA MEGA XG - 24UN : FRALDA HUGGIES SUPR. ROUPINHA MEGA";"7896007549696";"37613"
"FRALDA HUGGIES SUPR. ROUPINHA MEGA M - 36UN : FRALDA HUGGIES SUPR. ROUPINHA MEGA";"7896007549672";"37613"
"FRALDA HUGGIES SUPR. ROUPINHA MEGA G - 30UN : FRALDA HUGGIES SUPR. ROUPINHA MEGA";"7896007549689";"37613"
"FRALDA HUGGIES NATURAL CARE ROUP. G - 24UN : FRALDA HUGGIES NATURAL CARE ROUP.";"7896007552689";"68927"
"FRALDA HUGGIES NATURAL CARE MEGA RN 34UN : FRALDA HUGGIES NATURAL CARE MEGA RN";"7896007552016";"68923"
"FRALDA HUGGIES LITTLE SWIMMERS G- 10UN : FRALDA HUGGIES LITTLE SWIMMERS";"7896007551088";"57215"
"FRALDA CALCA LIFREE SUPER CONFORTO P/M - 16UN : FRALDA CALCA LIFREE SUPER CONFORTO";"7898656391404";"70265"
"FRALDA CALCA LIFREE SUPER CONFORTO G/XG - 16UN : FRALDA CALCA LIFREE SUPER CONFORTO";"7898656391398";"70265"
"FRALDA BIGFRAL DERMA PLUS REGULAR M - 9UN : FRALDA BIGFRAL DERMA PLUS REGULAR";"7896012880173";"438"
"FRALDA BIGFRAL DERMA PLUS REGULAR G - 8UN : FRALDA BIGFRAL DERMA PLUS REGULAR";"7896012880180";"438"
"FRALDA BABYSEC ULTRA MEGA XXG C/28UN : FRALDA BABYSEC ULTRA MEGA";"7896061995477";"63402"
"FRALDA BABYSEC ULTRA MEGA XG C/30UN : FRALDA BABYSEC ULTRA MEGA";"7896061995927";"63402"
"FRALDA BABYSEC ULTRA MEGA P C/42UN : FRALDA BABYSEC ULTRA MEGA";"7896061995460";"63402"
"FRALDA BABYSEC ULTRA MEGA M C/38UN : FRALDA BABYSEC ULTRA MEGA";"7896061995903";"63402"
"FRALDA BABYSEC ULTRA MEGA G C/32UN : FRALDA BABYSEC ULTRA MEGA";"7896061995910";"63402"
"FR. VERMELHAS CONG. COLUCI 1,02KG : FR. VERMELHAS CONG. COLUCI 1,02KG";"0618231610839";"69866"
"FOSFORO PARANA MADEIRA C/ 10 UNID. : FOSFORO PARANA MADEIRA C/ 10 UNID.";"7896080900148";"30246"
"FOSFORO PARANA GIGANTE C/ 50 UNID. : FOSFORO PARANA GIGANTE C/ 50 UNID.";"7896080900285";"31779"
"FOSFORO GUARANY COM 10 CAIXINHAS TRADICIONAL : FOSFORO GUARANY COM 10 CAIXINHAS";"7898909769028";"255"
"FORRO TERMICO C/ ESPUMA PLAST LEO : FORRO TERMICO C/ ESPUMA PLAST LEO";"7896396105206";"45767"
"FORRO PAPEL ANTIADER. WYDA 20X4,5CM AIR FRYER : FORRO PAPEL ANTIADER. WYDA 20X4,5CM";"7908381100308";"67837"
"FORRO PAPEL ANTIADER. WYDA 16X4,5CM AIR FRYER : FORRO PAPEL ANTIADER. WYDA 16X4,5CM";"7908381100292";"67352"
"FORMICIDA TIAU SERINGA GEL 10G : FORMICIDA TIAU SERINGA GEL 10G";"7897480306585";"65933"
"FORMA PIZZA REFORCADA ARARA Nº35 1,32L : FORMA PIZZA REFORCADA ARARA Nº35";"7896414333093";"71677"
"FORMA PIZZA EM CASA TEM 36X2CM : FORMA PIZZA EM CASA TEM 36X2CM";"7899767427358";"71676"
"FORMA PARA GELO PLASUTIL. REF. 156 B2 : FORMA PARA GELO PLASUTIL.";"7896042001562";"9975"
"FORMA PARA GELO PLASUTIL. REF. 14876 : FORMA PARA GELO PLASUTIL.";"7899808863589";"9975"
"FORMA PARA GELO PLASUTIL BORRACHA 15945 : FORMA PARA GELO PLASUTIL BORRACHA";"7899808850589";"67610"
"FORMA PARA GELO FLEXIVEL JAGUAR : FORMA PARA GELO FLEXIVEL JAGUAR";"7896952506157";"8070"
"FORMA P/ DOCE 4 PETALAS JUNCO 40UN BRANCO : FORMA P/ DOCE 4 PETALAS JUNCO 40UN";"7896523164311";"63914"
"FORMA P/ DOCE 4 PETALAS JUNCO 40UN AZUL CLARO : FORMA P/ DOCE 4 PETALAS JUNCO 40UN";"7896523164298";"63914"
"FORMA P/ DOCE 4 PETALAS JUNCO 40UN AZUL CANDY : FORMA P/ DOCE 4 PETALAS JUNCO 40UN";"7896523120195";"63914"
"FORMA DE PAPEL Nº 5 JUNCO 100UN VERMELHA : FORMA DE PAPEL Nº 5 JUNCO 100UN";"7896523113241";"49613"
"FORMA DE PAPEL Nº 5 JUNCO 100UN VERDE BANDEIRA : FORMA DE PAPEL Nº 5 JUNCO 100UN";"7896523113234";"49613"
"FORMA DE PAPEL Nº 5 JUNCO 100UN ROSA : FORMA DE PAPEL Nº 5 JUNCO 100UN";"7896523116495";"49613"
"FORMA DE PAPEL Nº 5 JUNCO 100UN PINK : FORMA DE PAPEL Nº 5 JUNCO 100UN";"7896523118581";"49613"
"FORMA DE PAPEL Nº 5 JUNCO 100UN MARROM : FORMA DE PAPEL Nº 5 JUNCO 100UN";"7896523147529";"49613"
"FORMA DE PAPEL Nº 5 JUNCO 100UN AZUL ROYAL : FORMA DE PAPEL Nº 5 JUNCO 100UN";"7896523113210";"49613"
"FORMA DE PAPEL Nº 5 JUNCO 100UN AZUL CLARO : FORMA DE PAPEL Nº 5 JUNCO 100UN";"7896523113197";"49613"
"FORMA DE PAPEL Nº 5 JUNCO 100UN AMARELA : FORMA DE PAPEL Nº 5 JUNCO 100UN";"7896523113180";"49613"
"FORMA DE PAPEL Nº 1 JUNCO 100UN BRANCA : FORMA DE PAPEL Nº 1 JUNCO 100UN";"7896523173054";"63913"
"FORMA DE PAPEL Nº 0 JUNCO 100UN BRANCA : FORMA DE PAPEL Nº 0 JUNCO 100UN";"7896523100357";"63912"
"FONDUE DE QUEIJO TIROLEZ 400G : FONDUE DE QUEIJO TIROLEZ 400G";"7896030518249";"33007"
"FOLHA PRONTA DEPIL. NEORLY 16UN FACIAL : FOLHA PRONTA DEPIL. NEORLY 16UN";"7898302722316";"69964"
"FOLHA ALUMINIO MOLDADA WYDA 7LT Y70 REDONDA : FOLHA ALUMINIO MOLDADA WYDA 7LT Y70";"7898930672298";"47084"
"FOLHA ALUMINIO MOLDADA WYDA 4LT D40 RETANGULAR : FOLHA ALUMINIO MOLDADA WYDA 4LT D40";"7898930672267";"47082"
"FOCACCIA UNID. : FOCACCIA UNID.";"1435";"5752"
"FOCACCIA DE MORTADELA KG : FOCACCIA DE MORTADELA KG";"4780";"36048"
"FLUIDO RECONSTRUCAO OX 60ML PEPTIDEOS : FLUIDO RECONSTRUCAO OX 60ML";"7908324408881";"73320"
"FLOTADOR TUDO GATILHO 500ML : FLOTADOR TUDO GATILHO 500ML";"7898575692071";"71031"
"FLOTADOR RAJJA 5L : FLOTADOR RAJJA 5L";"7898285310845";"71108"
"FLOTADOR MULTIUSO RAJJA 1L : FLOTADOR MULTIUSO RAJJA 1L";"7898285310838";"53842"
"FLOSSER G.U.M 20 UNID. TROLLS : FLOSSER G.U.M 20 UNID.";"70942003513";"17309"
"FLOR PRIMAVERA P11 : FLOR PRIMAVERA P11";"5368";"39803"
"FLOCOS MILHO MANO VELHO 500G PARA CUSCUZ : FLOCOS MILHO MANO VELHO 500G";"7898934907402";"68962"
"FLOCOS CROCANTES CHOCOLATE JUNCO 60G : FLOCOS CROCANTES CHOCOLATE JUNCO";"7896523178622";"63911"
"FLOCAO MILHO ZILIO 500G : FLOCAO MILHO ZILIO 500G";"7896280402343";"44034"
"FLOCAO MILHO SIAMAR 500G : FLOCAO MILHO SIAMAR 500G";"7896069573806";"34769"
"FLANELA MULTBOM MEDIA 28X48CM : FLANELA MULTBOM MEDIA 28X48CM";"7898468000158";"8657"
"FLANELA MULTBOM GRANDE 38X58CM : FLANELA MULTBOM GRANDE 38X58CM";"7894868001025";"41849"
"FLANELA LIMPLAR TAMANHO G 38X58CM  : FLANELA LIMPLAR TAMANHO G 38X58CM";"7898571160178";"5522"
"FITA VEDA ROSCA 18MMX10 NEDO REF. 241 : FITA VEDA ROSCA 18MMX10 NEDO";"7896619802417";"9719"
"FITA SCOTCH FIXA FORTE 12MMX2M : FITA SCOTCH FIXA FORTE 12MMX2M";"7891040075126";"67647"
"FITA ISOLANTE EXTRA 5M NEDO REF.398 : FITA ISOLANTE EXTRA 5M NEDO REF.398";"7896619803988";"6540"
"FITA DENTAL JOHNSON EXPANSION 50M : FITA DENTAL JOHNSON EXPANSION 50M";"7891010038953";"29495"
"FITA DENTAL FIOCLEAN L100M P75M  : FITA DENTAL FIOCLEAN L100M P75M";"7898950045089";"38094"
"FITA DENTAL DENTICS L100M P50M : FITA DENTAL DENTICS L100M P50M";"7896269694851";"73761"
"FITA CREPE 10M NEDO REF. 288 : FITA CREPE 10M NEDO REF. 288";"7896619802882";"7335"
"FITA ADESIVA NEDO 33 METROS REF.514 : FITA ADESIVA NEDO 33 METROS REF.514";"7896619805142";"4930"
"FIO DENTAL ORAL-B PRO SAUDE FLOSS 25M : FIO DENTAL ORAL-B PRO SAUDE FLOSS";"7800005081027";"9212"
"FIO DENTAL JOHNSONS ESSENCIAL 100M MENTA : FIO DENTAL JOHNSONS ESSENCIAL 100M";"7891010501105";"9670"
"FIO DENTAL JOHNSON EXTRA FINO 50M : FIO DENTAL JOHNSON EXTRA FINO 50M";"7891010038915";"7891"
"FIO DENTAL FIOCLEAN L100 P75M EXTRA FINO : FIO DENTAL FIOCLEAN L100 P75M";"7898950045072";"38093"
"FIO DENTAL FIOCLEAN L100 P75M CLASSIC : FIO DENTAL FIOCLEAN L100 P75M";"7898950045065";"38093"
"FIO DENTAL DENTICS MENTA L100 P50 : FIO DENTAL DENTICS MENTA L100 P50";"7896269652103";"9985"
"FIO DENTAL DENTICS L100 P50M : FIO DENTAL DENTICS L100 P50M";"7896269652097";"9984"
"FIO DENTAL DENTICS EXTRA FIO : FIO DENTAL DENTICS EXTRA FIO";"7896269696381";"12995"
"FIO DENTAL CONDOR 50M MENTA : FIO DENTAL CONDOR 50M";"7891055539217";"53308"
"FIO DENTAL COLGATE 50M MENTA : FIO DENTAL COLGATE 50M";"7891024183021";"11097"
"FIO DENTAL COLGATE 50M  : FIO DENTAL COLGATE 50M";"7891024183137";"11097"
"FILTROS DE CAFE UTAM 103 - 30 UNID. : FILTROS DE CAFE UTAM 103 - 30 UNID.";"7896656800865";"31142"
"FILTROS DE CAFE UTAM 102 - 30 UNID. : FILTROS DE CAFE UTAM 102 - 30 UNID.";"7896656800858";"36520"
"FILTRO PAPEL MELITTA Nº4 30UN CAFETEIRA ELET. : FILTRO PAPEL MELITTA Nº4 30UN";"7891021002202";"48277"
"FILTRO PAPEL MELITTA Nº2 30UN CAFETEIRA ELET. : FILTRO PAPEL MELITTA Nº2 30UN";"7891021002196";"55359"
"FILTRO PAPEL MELITTA 103 - 30UN : FILTRO PAPEL MELITTA 103 - 30UN";"7891021001960";"1164"
"FILTRO PAPEL MELITTA 102 - 30UN : FILTRO PAPEL MELITTA 102 - 30UN";"7891021001885";"1158"
"FILTRO PAPEL 3 CORACOES 103 30UN : FILTRO PAPEL 3 CORACOES 103 30UN";"7896005803721";"19832"
"FILTRO PAPEL 3 CORACOES 102 30UN : FILTRO PAPEL 3 CORACOES 102 30UN";"7896005803714";"19831"
"FILTRO DE PAPEL CAFE MATAO 103 30UN : FILTRO DE PAPEL CAFE MATAO 103 30UN";"7897021649997";"28351"
"FILTRADO ESPUMA DE PRATA 660ML DOCE ROSE : FILTRADO ESPUMA DE PRATA 660ML";"7896097722047";"9921"
"FILTRADO ESPUMA DE PRATA 660ML DOCE BRANCO : FILTRADO ESPUMA DE PRATA 660ML";"7896097722016";"9921"
"FILME PVC WYDA 30 METROS  : FILME PVC WYDA 30 METROS";"7898933283248";"9642"
"FILME PVC WYDA 15 METROS  : FILME PVC WYDA 15 METROS";"7898933283224";"9644"
"FILME PVC BRICOFLEX 28CMX30M : FILME PVC BRICOFLEX 28CMX30M";"7898608572929";"65498"
"FILME PVC BRICOFLEX 28CM X15M : FILME PVC BRICOFLEX 28CM X15M";"7898608572912";"65499"
"FILME FACIL WYDA 70M : FILME FACIL WYDA 70M";"7908381100315";"67751"
"FILEZINHO SASSAMI TEMP KG : FILEZINHO SASSAMI TEMP KG";"3083";"24960"
"FILEZINHO SASSAMI COPACOL IQF 800G : FILEZINHO SASSAMI COPACOL IQF 800G";"7891527962338";"31480"
"FILEZINHO EMPANADO SEARA 400G : FILEZINHO EMPANADO SEARA 400G";"7894904285570";"66191"
"FILEZINHO DE FRANGO COPACOL 700G EMPANADO : FILEZINHO DE FRANGO COPACOL 700G";"7891527063783";"38967"
"FILE SARDINHA GOMES C.TOMATE 125G : FILE SARDINHA GOMES C.TOMATE 125G";"7891167022034";"4586"
"FILE SARDINHA GOMES C. EM OLEO 125G EM OLEO : FILE SARDINHA GOMES C. EM OLEO 125G";"7891167022010";"49769"
"FILE PEITO TEMPERADO NUTRIBEM 1KG  : FILE PEITO TEMPERADO NUTRIBEM 1KG";"7898905837523";"52252"
"FILE PEITO SADIA PACOTE 1KG  : FILE PEITO SADIA PACOTE 1KG";"7893000005945";"13015"
"FILE PEITO SADIA BANDEJA 1KG : FILE PEITO SADIA BANDEJA 1KG";"7893000482401";"5422"
"FILE PEITO MOIDO COPACOL 400G : FILE PEITO MOIDO COPACOL 400G";"7891527072303";"71780"
"FILE MIGNON SUINO KG : FILE MIGNON SUINO KG";"781";"10602"
"FILE FRANGO GRELHADO KG : FILE FRANGO GRELHADO KG";"607";"5951"
"FILE FRANGO A PARMEGIANA SEARA 500G : FILE FRANGO A PARMEGIANA SEARA 500G";"7894904005789";"33820"
"FILE FRANGO A MILANESA SEARA 400G : FILE FRANGO A MILANESA SEARA 400G";"7894904285587";"66190"
"FILE DE TILAPIA SADIA PESCADOS 400G : FILE DE TILAPIA SADIA PESCADOS 400G";"7891515587772";"73714"
"FILE DE TILAPIA IGLU PREMIUM 800G : FILE DE TILAPIA IGLU PREMIUM 800G";"7898937200661";"60832"
"FILE DE TILAPIA COPACOL IQF 800G : FILE DE TILAPIA COPACOL IQF 800G";"7891527062991";"31498"
"FILE DE TILAPIA COPACOL IQF 400G : FILE DE TILAPIA COPACOL IQF 400G";"7891527039351";"39291"
"FILE DE POLACA IGLU 800G : FILE DE POLACA IGLU 800G";"7898937200258";"47221"
"FILE DE PEIXE EMPANADO KG : FILE DE PEIXE EMPANADO KG";"632";"5010"
"FILE DE PANGASIUS IGLU 800G : FILE DE PANGASIUS IGLU 800G";"8936058490178";"30670"
"FILE DE MERLUZA IGLU 800G : FILE DE MERLUZA IGLU 800G";"7898937200203";"30311"
"FILE DE MAPARA IGLU 800G : FILE DE MAPARA IGLU 800G";"7898937200180";"35282"
"FILE DE FRANGO TEMPERADO KG : FILE DE FRANGO TEMPERADO KG";"2244";"12011"
"FILE DE FRANGO EMPANADO KG : FILE DE FRANGO EMPANADO KG";"673";"5012"
"FILE DE FRANGO A PARMEGIANA KG : FILE DE FRANGO A PARMEGIANA KG";"1524";"5927"
"FILE DE COXA SOBRE TEMP COPACOL 1KG : FILE DE COXA SOBRE TEMP COPACOL 1KG";"7891527064339";"51105"
"FILE DE ATUM GOMES DA COSTA 125G EM AZEITE OLIVA : FILE DE ATUM GOMES DA COSTA 125G";"7891167022058";"9897"
"FILE DE ATUM GOMES DA COSTA 125G AZEITE C/ ALHO : FILE DE ATUM GOMES DA COSTA 125G";"7891167022065";"9897"
"FILE COXA/SOBREC. SEM PELE COPACOL 800G : FILE COXA/SOBREC. SEM PELE COPACOL";"7891527069334";"59033"
"FIGO EM CALDA PREDILECTA LATA 400G INTEIRO : FIGO EM CALDA PREDILECTA LATA 400G";"7896292310704";"10703"
"FIGO CRISTALIZADO KG : FIGO CRISTALIZADO KG";"8040";"65468"
"FIGO BANDEJA UNIDADE : FIGO BANDEJA UNIDADE";"7898961043814";"2582"
"FERMENTO FLEISCHMANN SACHE 10G INST. BIO SECO : FERMENTO FLEISCHMANN SACHE 10G";"7898409957970";"39916"
"FERMENTO FLEISCHMANN L3P2 SACHE 10G INST. BIO SECO : FERMENTO FLEISCHMANN L3P2 SACHE 10G";"7898409950827";"65591"
"FERMENTO FERMIX DONA BENTA 10G SECO INSTANT. : FERMENTO FERMIX DONA BENTA 10G";"7896005271964";"869"
"FERMENTO EM PO QUIMICO SIAMAR 100G : FERMENTO EM PO QUIMICO SIAMAR 100G";"7896069574001";"39461"
"FERMENTO EM PO QUIMICO ROYAL 250G : FERMENTO EM PO QUIMICO ROYAL 250G";"7622300119652";"779"
"FERMENTO EM PO QUIMICO ROYAL 100G : FERMENTO EM PO QUIMICO ROYAL 100G";"7622300119621";"778"
"FERMENTO EM PO NITA 100G : FERMENTO EM PO NITA 100G";"7898234850989";"4797"
"FERMENTO EM PO GLOBO 100G : FERMENTO EM PO GLOBO 100G";"7896534404710";"67119"
"FERMENTO EM PO DR.OETKER 200G : FERMENTO EM PO DR.OETKER 200G";"7891048040089";"776"
"FERMENTO EM PO DR.OETKER 100G : FERMENTO EM PO DR.OETKER 100G";"7891048040003";"777"
"FERMENTO EM PO DONA BENTA 100G TRADICIONAL : FERMENTO EM PO DONA BENTA 100G";"7896005279489";"780"
"FERMENTO BIOLOGICO VENTURELLI 10G : FERMENTO BIOLOGICO VENTURELLI 10G";"7896534404734";"67142"
"FERMENTO BIOLOGICO SIAMAR 10G : FERMENTO BIOLOGICO SIAMAR 10G";"7896069576562";"56610"
"FERMENTO BIOLOGICO KG : FERMENTO BIOLOGICO KG";"263";"2786"
"FERMENTO BIOLOGICO DR.OETKER 10G SECO INSTANT. : FERMENTO BIOLOGICO DR.OETKER 10G";"7891048040065";"870"
"FEIRA ALUMINIO TRAMONTINA PARIS CHUMBO : FEIRA ALUMINIO TRAMONTINA PARIS";"7891112231412";"48848"
"FEIJOADA KG : FEIJOADA KG";"66";"5929"
"FEIJOADA COM CALABRESA SEARA 300G : FEIJOADA COM CALABRESA SEARA 300G";"7894904296323";"70088"
"FEIJOADA BORDON 830G : FEIJOADA BORDON 830G";"7896031224088";"3028"
"FEIJAO TROPEIRO  KG : FEIJAO TROPEIRO  KG";"8620";"71075"
"FEIJAO PRETO VASCONCELOS 1KG : FEIJAO PRETO VASCONCELOS 1KG";"7898949924258";"66100"
"FEIJAO PRETO SERRAZUL 1KG : FEIJAO PRETO SERRAZUL 1KG";"7896200116398";"45166"
"FEIJAO PRETO PRONTO CAMIL 380G : FEIJAO PRETO PRONTO CAMIL 380G";"7896006797944";"31323"
"FEIJAO PRETO IRANO 1KG : FEIJAO PRETO IRANO 1KG";"7897500200046";"1991"
"FEIJAO PRETO EMPORIO SAO JOAO 1KG : FEIJAO PRETO EMPORIO SAO JOAO 1KG";"7896086422217";"46624"
"FEIJAO PRETO CONSERVA FUGINI 250G SACHE : FEIJAO PRETO CONSERVA FUGINI 250G";"7897517209247";"29734"
"FEIJAO PRETO BROTO LEGAL 1KG : FEIJAO PRETO BROTO LEGAL 1KG";"7896200115360";"1993"
"FEIJAO GORDO KG : FEIJAO GORDO KG";"7666";"62630"
"FEIJAO FRADINHO PATEKO 1KG : FEIJAO FRADINHO PATEKO 1KG";"7896086422569";"51022"
"FEIJAO FRADINHO IRANO 1KG : FEIJAO FRADINHO IRANO 1KG";"7897500200381";"54363"
"FEIJAO COZIDO KG : FEIJAO COZIDO KG";"3621";"31160"
"FEIJAO CARIOCA VASCONCELOS 1KG NOBRE : FEIJAO CARIOCA VASCONCELOS 1KG";"7898949924197";"38560"
"FEIJAO CARIOCA PATEKO 1KG : FEIJAO CARIOCA PATEKO 1KG";"7896086422026";"23722"
"FEIJAO CARIOCA IRANO 1KG : FEIJAO CARIOCA IRANO 1KG";"7897500200015";"1990"
"FEIJAO CARIOCA EMPORIO SAO JOAO 1KG : FEIJAO CARIOCA EMPORIO SAO JOAO 1KG";"7896086421982";"25881"
"FEIJAO CARIOCA BROTO LEGAL 1KG : FEIJAO CARIOCA BROTO LEGAL 1KG";"7896200116367";"1979"
"FEIJAO CARIOCA BOTELHO 1KG : FEIJAO CARIOCA BOTELHO 1KG";"7897779100023";"39899"
"FEIJAO CAMIL PRONTO P/TEMPERAR 490G PRETO : FEIJAO CAMIL PRONTO P/TEMPERAR 490G";"7896006712398";"31013"
"FEIJAO CAMIL PRONTO P/TEMPERAR 490G CARIOCA : FEIJAO CAMIL PRONTO P/TEMPERAR 490G";"7896006716402";"31013"
"FEIJAO BRANCO ZILIO 500G : FEIJAO BRANCO ZILIO 500G";"7896280400080";"9030"
"FEIJAO BRANCO SIAMAR 500G : FEIJAO BRANCO SIAMAR 500G";"7896069530458";"3554"
"FEIJAO BRANCO PRONTO CAMIL 247G : FEIJAO BRANCO PRONTO CAMIL 247G";"7896006715160";"36506"
"FEIJAO BRANCO PATEKO 1KG : FEIJAO BRANCO PATEKO 1KG";"7896086422514";"49505"
"FEIJAO BRANCO IRANO 500G : FEIJAO BRANCO IRANO 500G";"7897500200251";"44352"
"FEIJAO BRANCO CAMIL TIPO 1 500G : FEIJAO BRANCO CAMIL TIPO 1 500G";"7896006748885";"31010"
"FEIJAO BRANCO BROTO LEGAL 500G : FEIJAO BRANCO BROTO LEGAL 500G";"7896200115049";"58925"
"FEIJAO BOLINHA PATEKO 1KG : FEIJAO BOLINHA PATEKO 1KG";"7896086422309";"23725"
"FEIJAO BOLINHA EMPORIO SAO JOAO 1KG : FEIJAO BOLINHA EMPORIO SAO JOAO 1KG";"7896086422347";"45176"
"FEIJAO AZUKI KARUI 500G : FEIJAO AZUKI KARUI 500G";"7898270967085";"70034"
"FATIAS HUNGARAS COCO GRESPAN KG : FATIAS HUNGARAS COCO GRESPAN KG";"8416";"68739"
"FATIAS HUNGARAS CHOC. GRESPAN KG : FATIAS HUNGARAS CHOC. GRESPAN KG";"8429";"67656"
"FAROFA ZILIO TEMPERADA 400G TRADICIONAL : FAROFA ZILIO TEMPERADA 400G";"7896280402015";"1509"
"FAROFA ZILIO TEMPERADA 300G PICANTE : FAROFA ZILIO TEMPERADA 300G";"7896280401896";"1510"
"FAROFA ZILIO TEMPERADA 300G BACON : FAROFA ZILIO TEMPERADA 300G";"7896280401933";"1510"
"FAROFA ZILIO CASEIRA 300G TRADICIONAL : FAROFA ZILIO CASEIRA 300G";"7896280402350";"45412"
"FAROFA ZILIO CASEIRA 300G MILHO : FAROFA ZILIO CASEIRA 300G";"7896280402442";"45412"
"FAROFA ZILIO CASEIRA 300G APIMENTADA : FAROFA ZILIO CASEIRA 300G";"7896280402367";"45412"
"FAROFA ZILIO 5KG TRADICIONAL : FAROFA ZILIO 5KG";"7896280402749";"6200"
"FAROFA ZILIO 5KG BACON : FAROFA ZILIO 5KG";"7896280402756";"6200"
"FAROFA SIAMAR PRONTA 400G TRADICIONAL : FAROFA SIAMAR PRONTA 400G";"7896069518418";"1655"
"FAROFA SIAMAR PRONTA 400G PICANTE : FAROFA SIAMAR PRONTA 400G";"7896069517633";"1655"
"FAROFA SIAMAR PRONTA 300G BACON : FAROFA SIAMAR PRONTA 300G";"7896069518180";"1699"
"FAROFA SIAMAR PRONTA 250G TRADICIONAL : FAROFA SIAMAR PRONTA 250G";"7896069574438";"51585"
"FAROFA SIAMAR CROCANTE 250G COSTELA : FAROFA SIAMAR CROCANTE 250G";"7896069576791";"70436"
"FAROFA QUENTE KG : FAROFA QUENTE KG";"2841";"17808"
"FAROFA MILHO YOKI 400G  : FAROFA MILHO YOKI 400G";"7891095911448";"65901"
"FAROFA MILHO SIAMAR 400G  : FAROFA MILHO SIAMAR 400G";"7896069517473";"3600"
"FAROFA MILHO DEUSA 350G BACON : FAROFA MILHO DEUSA 350G";"7896117600102";"1552"
"FAROFA MANDIOCA YOKI 400G TRADICIONAL : FAROFA MANDIOCA YOKI 400G";"7891095911486";"58730"
"FAROFA MANDIOCA MONJOLINHO 400G TRADICIONAL : FAROFA MANDIOCA MONJOLINHO 400G";"7896117600164";"1540"
"FAROFA MANDIOCA MONJOLINHO 250G  : FAROFA MANDIOCA MONJOLINHO 250G";"7896117600195";"3606"
"FAROFA MANDIOCA KODILAR 400G  : FAROFA MANDIOCA KODILAR 400G";"7896256050974";"20128"
"FAROFA FRIA KG : FAROFA FRIA KG";"65";"4641"
"FAROFA FA PRONTA 250G TORRESMO : FAROFA FA PRONTA 250G";"7896523146133";"72810"
"FAROFA FA PRONTA 250G COSTELINHA : FAROFA FA PRONTA 250G";"7896523129761";"72810"
"FAROFA FA PRONTA 250G CARNE SECA : FAROFA FA PRONTA 250G";"7896523146225";"72810"
"FAROFA FA PRONTA 250G BACON : FAROFA FA PRONTA 250G";"7896523130101";"72810"
"FAROFA DEUSA PRONTA BACON 400G : FAROFA DEUSA PRONTA BACON 400G";"7896117600065";"1554"
"FAROFA DEUSA PRONTA 400G TRADICIONAL : FAROFA DEUSA PRONTA 400G";"7896117600072";"73531"
"FARINHEIRO E ACUCAREIRO PLASUTIL 700ML REF. 4925 : FARINHEIRO E ACUCAREIRO PLASUTIL";"7896042049250";"15396"
"FARINHA VITALIN INTEGRAL 500G SEM GLUTEN : FARINHA VITALIN INTEGRAL 500G";"7898568901401";"68871"
"FARINHA TRIGO VENTURELLI 1KG : FARINHA TRIGO VENTURELLI 1KG";"7896534400200";"28501"
"FARINHA TRIGO SOL 1KG : FARINHA TRIGO SOL 1KG";"7896005213698";"30253"
"FARINHA TRIGO RENATA 1KG  : FARINHA TRIGO RENATA 1KG";"7896022200961";"1685"
"FARINHA TRIGO NITA PURISSIMA 1KG  : FARINHA TRIGO NITA PURISSIMA 1KG";"7898234851450";"38147"
"FARINHA TRIGO NITA 1KG : FARINHA TRIGO NITA 1KG";"7898234850576";"1687"
"FARINHA TRIGO INTEGRAL RENATA 1KG : FARINHA TRIGO INTEGRAL RENATA 1KG";"7896022206147";"37018"
"FARINHA TRIGO INTEGRAL NITA 1KG  : FARINHA TRIGO INTEGRAL NITA 1KG";"7898234852136";"59432"
"FARINHA TRIGO GLOBO 1KG  : FARINHA TRIGO GLOBO 1KG";"7896534400323";"28500"
"FARINHA TRIGO DONA BENTA 1KG COM FERMENTO : FARINHA TRIGO DONA BENTA 1KG";"7896005232705";"47791"
"FARINHA ROSCA ZILIO 500G  : FARINHA ROSCA ZILIO 500G";"7896280400059";"1518"
"FARINHA ROSCA SIAMAR 500G  : FARINHA ROSCA SIAMAR 500G";"7896069510726";"1662"
"FARINHA ROSCA CASEIRA KG  : FARINHA ROSCA CASEIRA KG";"262";"2835"
"FARINHA PANKO ZILIO 200G : FARINHA PANKO ZILIO 200G";"7896280402855";"65425"
"FARINHA PANKO SIAMAR 200G : FARINHA PANKO SIAMAR 200G";"7896069576937";"68977"
"FARINHA PANKO KODILAR 200G  : FARINHA PANKO KODILAR 200G";"7896256075151";"57882"
"FARINHA PANKO KENKO 200G : FARINHA PANKO KENKO 200G";"7896007870554";"44249"
"FARINHA PANKO KARUI 200G : FARINHA PANKO KARUI 200G";"7898270967313";"70071"
"FARINHA PANKO KARUI 1KG : FARINHA PANKO KARUI 1KG";"7898270969690";"70070"
"FARINHA MILHO ZILIO 500G : FARINHA MILHO ZILIO 500G";"7896280400394";"1505"
"FARINHA MILHO YOKI KIMILHO 500G  : FARINHA MILHO YOKI KIMILHO 500G";"7891095200870";"9071"
"FARINHA MILHO SIAMAR 500G : FARINHA MILHO SIAMAR 500G";"7896069511167";"1650"
"FARINHA MILHO FLOCAO KIMILHO 500G : FARINHA MILHO FLOCAO KIMILHO 500G";"7891095006878";"9903"
"FARINHA MILHO BIJU DEUSA 500G : FARINHA MILHO BIJU DEUSA 500G";"7896117600089";"41266"
"FARINHA MANDIOCA TORRADA ZILIO 500G : FARINHA MANDIOCA TORRADA ZILIO 500G";"7896280400035";"1516"
"FARINHA MANDIOCA GROSSA ZILIO 500G : FARINHA MANDIOCA GROSSA ZILIO 500G";"7896280400042";"1507"
"FARINHA MANDIOCA GROSSA ZILIO 1KG : FARINHA MANDIOCA GROSSA ZILIO 1KG";"7896280400134";"1514"
"FARINHA MANDIOCA GROSSA SIAMAR 1KG : FARINHA MANDIOCA GROSSA SIAMAR 1KG";"7896069511747";"1691"
"FARINHA MANDIOCA FINA ZILIO 500G : FARINHA MANDIOCA FINA ZILIO 500G";"7896280400028";"1517"
"FARINHA MANDIOCA DEUSA GROSSA 1KG : FARINHA MANDIOCA DEUSA GROSSA 1KG";"7896117600140";"12017"
"FARINHA MANDIOCA BRANCA SIAMAR 500G : FARINHA MANDIOCA BRANCA SIAMAR 500G";"7896069510566";"1695"
"FARINHA MANDIOCA BIJU ZILIO 500G : FARINHA MANDIOCA BIJU ZILIO 500G";"7896280400202";"1506"
"FARINHA MANDIOCA BIJU SIAMAR 500G : FARINHA MANDIOCA BIJU SIAMAR 500G";"7896069510696";"3608"
"FARINHA MANDIOCA BIJU DEUSA 500G  : FARINHA MANDIOCA BIJU DEUSA 500G";"7896117600027";"1555"
"FARINHA MANDIOCA BIJU DEUSA 250G. PICANTE : FARINHA MANDIOCA BIJU DEUSA 250G.";"7896117600775";"1539"
"FARINHA MANDIOCA BIJU DEUSA 250G. PICANHA : FARINHA MANDIOCA BIJU DEUSA 250G.";"7896117600768";"1539"
"FARINHA MANDIOCA BIJU DEUSA 250G TRADICIONAL : FARINHA MANDIOCA BIJU DEUSA 250G";"7896117600058";"1548"
"FARINHA MANDIOCA BIJU DEUSA 250G BACON : FARINHA MANDIOCA BIJU DEUSA 250G";"7896117600034";"1548"
"FARINHA MAND. TORRADA SIAMAR 500G : FARINHA MAND. TORRADA SIAMAR 500G";"7896069510436";"1694"
"FARINHA MAND. TORRADA DEUSA 500G FINA : FARINHA MAND. TORRADA DEUSA 500G";"7896117600041";"1538"
"FARINHA LINHACA MARROM ZILIO 150G : FARINHA LINHACA MARROM ZILIO 150G";"7896280402541";"62367"
"FARINHA LINHACA DOURADA ZILIO 150G : FARINHA LINHACA DOURADA ZILIO 150G";"7896280402534";"62369"
"FARINHA LINHACA DOUR. VITALIN 150G SEM GLUTEN : FARINHA LINHACA DOUR. VITALIN 150G";"7898568900923";"68869"
"FARINHA LACTEA NESTLE SACHE 210G TRADICIONAL : FARINHA LACTEA NESTLE SACHE 210G";"7891000099049";"33682"
"FARINHA LACTEA NESTLE 360G : FARINHA LACTEA NESTLE 360G";"7891000358764";"39769"
"FARINHA LACTEA ITALAC 180G : FARINHA LACTEA ITALAC 180G";"7898080642790";"63676"
"FARINHA DE TRIGO NITA PREMIUM 5KG : FARINHA DE TRIGO NITA PREMIUM 5KG";"7898234851627";"59241"
"FARINHA DE TRIGO NITA 5KG : FARINHA DE TRIGO NITA 5KG";"7898234850101";"59240"
"FARINHA DE ARROZ URBANO 1KG : FARINHA DE ARROZ URBANO 1KG";"7896038350056";"34979"
"FARINHA CHIA ZILIO 100G  : FARINHA CHIA ZILIO 100G";"7896280402527";"62364"
"FARINHA CHIA VITALIN INTEG.S/G 150G : FARINHA CHIA VITALIN INTEG.S/G 150G";"7898568900930";"68868"
"FARINHA CHIA SIAMAR 100G  : FARINHA CHIA SIAMAR 100G";"7896069573769";"46865"
"FARINHA AVEIA VITALIN 200G SEM GLUTEN : FARINHA AVEIA VITALIN 200G";"7898568901050";"66947"
"FARINHA AVEIA NESTLE 170G : FARINHA AVEIA NESTLE 170G";"7891000382547";"66756"
"FARINHA AVEIA NATURAL LIFE 500G  : FARINHA AVEIA NATURAL LIFE 500G";"7896256040630";"1091"
"FARINHA AVEIA ITALAC 165G : FARINHA AVEIA ITALAC 165G";"7898080642806";"63880"
"FARELO AVEIA ZILIO 200G : FARELO AVEIA ZILIO 200G";"7896280402510";"62363"
"FARELO AVEIA VITALIN S/G 200G : FARELO AVEIA VITALIN S/G 200G";"7898568901463";"68867"
"FARELO AVEIA SIAMAR 350G  : FARELO AVEIA SIAMAR 350G";"7896069582242";"65160"
"FARELO AVEIA NESTLE 170G : FARELO AVEIA NESTLE 170G";"7891000382301";"66755"
"FARELO AVEIA NATURAL LIFE 500G  : FARELO AVEIA NATURAL LIFE 500G";"7896256040449";"9126"
"FAQUEIRO TRAMONTINA LAGUNA 16PC ACO INOX : FAQUEIRO TRAMONTINA LAGUNA 16PC";"7891116175682";"64085"
"FAIXA JUNCO FELIZ ANIVERSARIO CANDY ROSA : FAIXA JUNCO FELIZ ANIVERSARIO CANDY";"7896523121727";"63910"
"FAIXA JUNCO FELIZ ANIVERSARIO CANDY AZUL : FAIXA JUNCO FELIZ ANIVERSARIO CANDY";"7896523120089";"63910"
"FACA TRAMONTINA QUEIJO PLENUS 6 PRETA : FACA TRAMONTINA QUEIJO PLENUS 6";"7891112225435";"54689"
"FACA TRAMONTINA DESSOSSAR PLENUS 5 PRETA : FACA TRAMONTINA DESSOSSAR PLENUS 5";"7891112225718";"60993"
"FACA TRAMONTINA COZINHA/PEIXEIRA 7 CARBONO : FACA TRAMONTINA COZINHA/PEIXEIRA 7";"7891112003675";"4763"
"FACA TRAMONTINA COZINHA/PEIXEIRA 6 CARBONO : FACA TRAMONTINA COZINHA/PEIXEIRA 6";"7891112003668";"7185"
"FACA TRAMONTINA CHURR. IPANEMA 3PC VERMELHA : FACA TRAMONTINA CHURR. IPANEMA 3PC";"7891112079588";"57128"
"FACA TRAMONTINA CHURR. IPANEMA 3PC PRETA : FACA TRAMONTINA CHURR. IPANEMA 3PC";"7891112044265";"57128"
"FACA TRAMONTINA CHEF PLENUS 8 PRETA : FACA TRAMONTINA CHEF PLENUS 8";"7891112225237";"60994"
"FACA TOMATE TRAMONTINA PLENUS 5  : FACA TOMATE TRAMONTINA PLENUS 5";"7891112225374";"44699"
"FACA PAO 7" UNIVERSAL SIMONAGGIO : FACA PAO 7" UNIVERSAL SIMONAGGIO";"7896211814047";"8957"
"FACA LEGUMES TRAMONTINA PLENUS 3 PRETA : FACA LEGUMES TRAMONTINA PLENUS 3";"7891112224971";"54685"
"FACA COZINHA TRAMONTINA PLENUS 6 PRETA : FACA COZINHA TRAMONTINA PLENUS 6";"7891112225596";"54687"
"FACA CHURRASCO TRAMONTINA LEME 4 VERMELHA : FACA CHURRASCO TRAMONTINA LEME 4";"7891112181786";"43521"
"FACA CHURRASCO TRAMONTINA LEME 4 PRETA : FACA CHURRASCO TRAMONTINA LEME 4";"7891112173064";"43521"
"FACA CARNE TRAMONTINA DYNAMIC 8  : FACA CARNE TRAMONTINA DYNAMIC 8";"7891112253438";"49176"
"EXTRATO TOMATE PREDILECTA 140G SACHE : EXTRATO TOMATE PREDILECTA 140G";"7896292303140";"7482"
"EXTRATO TOMATE PREDILECTA 1,7KG SACHE : EXTRATO TOMATE PREDILECTA 1,7KG";"7896292334533";"70823"
"EXTRATO TOMATE FUGINI SACHE 300G : EXTRATO TOMATE FUGINI SACHE 300G";"7897517206284";"1460"
"EXTRATO TOMATE FUGINI SACHE 190G  : EXTRATO TOMATE FUGINI SACHE 190G";"7897517206338";"1463"
"EXTRATO TOMATE ELEFANTE TP 535G : EXTRATO TOMATE ELEFANTE TP 535G";"7896036098288";"45395"
"EXTRATO TOMATE ELEFANTE TP 275G : EXTRATO TOMATE ELEFANTE TP 275G";"7896036097816";"43584"
"EXTRATO TOMATE ELEFANTE TP 135G : EXTRATO TOMATE ELEFANTE TP 135G";"7896036097809";"43585"
"EXTRATO TOMATE ELEFANTE SACHE 300G : EXTRATO TOMATE ELEFANTE SACHE 300G";"7896036099803";"57858"
"EXTRATO TOMATE ELEFANTE POTE 300G SO TOMATE : EXTRATO TOMATE ELEFANTE POTE 300G";"7896036099247";"54810"
"EXTRATO TOMATE ELEFANTE POTE 300G : EXTRATO TOMATE ELEFANTE POTE 300G";"7896036099117";"54810"
"EXTRATO TOMATE ELEFANTE LATA 130G : EXTRATO TOMATE ELEFANTE LATA 130G";"7896036095041";"1647"
"EXTRATO DE SOJA NATURAL LIFE 500G : EXTRATO DE SOJA NATURAL LIFE 500G";"7896256040234";"1094"
"EXTENSAO TRIPLA FIO PARAL. NEDO 5M REF. 423 : EXTENSAO TRIPLA FIO PARAL. NEDO 5M";"7896619804237";"56325"
"EXTENSAO SIMPLES NEDO 3M REF.438 : EXTENSAO SIMPLES NEDO 3M";"7896619804381";"6536"
"EXTENSAO SIMPLES NEDO 2M REF. 418 : EXTENSAO SIMPLES NEDO 2M";"7896619804183";"6535"
"EVITA MOFO SANOL SEC 100G CARINHO : EVITA MOFO SANOL SEC 100G";"7896183303013";"8542"
"EVITA MOFO SANOL 200G NEUTRO : EVITA MOFO SANOL 200G";"7896183303044";"8541"
"EVITA MOFO SANOL 200G CARINHO : EVITA MOFO SANOL 200G";"7896183303051";"8541"
"EVITA MOFO COALA 130G SOFT : EVITA MOFO COALA 130G";"7897744502333";"66212"
"EVITA MOFO COALA 130G LAVANDA : EVITA MOFO COALA 130G";"7897744501978";"66212"
"EVITA MOFO COALA 130G FLORAL : EVITA MOFO COALA 130G";"7897744501992";"66212"
"ESTOPA PARA POLIMENTO PROAUTO 200G : ESTOPA PARA POLIMENTO PROAUTO 200G";"7896189200507";"8636"
"ESSENCIA JUNCO 30ML MORANGO : ESSENCIA JUNCO 30ML";"7896523109657";"49612"
"ESSENCIA JUNCO 30ML COCO : ESSENCIA JUNCO 30ML";"7896523109633";"49612"
"ESSENCIA JUNCO 30ML BAUNILHA : ESSENCIA JUNCO 30ML";"7896523109640";"49612"
"ESSENCIA DR. OETKER 30ML BAUNILHA : ESSENCIA DR. OETKER 30ML";"7891048043035";"4299"
"ESSENCIA DE BAUNILHA SIAMAR 35ML : ESSENCIA DE BAUNILHA SIAMAR 35ML";"7896069515868";"784"
"ESPUMANTE SALTON SERIES 750ML MOSCATEL : ESPUMANTE SALTON SERIES 750ML";"7896023013911";"50172"
"ESPUMANTE SALTON SERIES 750ML BRUT : ESPUMANTE SALTON SERIES 750ML";"7896023012334";"50172"
"ESPUMANTE MOSCATEL CASA PERINI 750ML : ESPUMANTE MOSCATEL CASA PERINI";"7896452112506";"7769"
"ESPUMANTE ESPUMA DE PRATA S/A 660ML ROSE : ESPUMANTE ESPUMA DE PRATA S/A 660ML";"7896097720234";"46326"
"ESPUMANTE ESPUMA DE PRATA S/A 660ML BRANCA : ESPUMANTE ESPUMA DE PRATA S/A 660ML";"7896097720227";"46326"
"ESPUMANTE COLLINA DEL SOLE 660ML. DOCE BRANCO : ESPUMANTE COLLINA DEL SOLE 660ML.";"7896100501713";"64455"
"ESPUMANTE COLLINA DEL SOLE 660ML DOCE ROSE : ESPUMANTE COLLINA DEL SOLE 660ML";"7896100501720";"1848"
"ESPUMANTE CASA PERINI 750ML MOSCATEL AQUAR. : ESPUMANTE CASA PERINI 750ML";"7896452112582";"58765"
"ESPUMANTE CASA PERINI 750ML BRUT ROSE : ESPUMANTE CASA PERINI 750ML";"7896452112117";"58765"
"ESPUMADEIRA TRAMONTINA UTILITA PRETA : ESPUMADEIRA TRAMONTINA UTILITA";"7891112086685";"12591"
"ESPUMA MAGICA PROAUTO LATA 400ML  : ESPUMA MAGICA PROAUTO LATA 400ML";"7897520100401";"36834"
"ESPUMA DE BANHO GIOVANNA BABY 150ML SECRETS : ESPUMA DE BANHO GIOVANNA BABY 150ML";"7898663111170";"71202"
"ESPUMA BARBEAR KINGS 150ML : ESPUMA BARBEAR KINGS 150ML";"7898567703440";"65997"
"ESPUMA BARBEAR GIOVANNA BABY 150ML : ESPUMA BARBEAR GIOVANNA BABY 150ML";"7896044997160";"59449"
"ESPUMA BARBEAR GILLETTE FOAMY 175G SENSITIVE : ESPUMA BARBEAR GILLETTE FOAMY 175G";"7702018013326";"4066"
"ESPUMA BARBEAR GILLETTE 150G SENSITIVE : ESPUMA BARBEAR GILLETTE 150G";"7702018951185";"482"
"ESPUMA BARBEAR BOZZANO 190G REFRESCANCIA : ESPUMA BARBEAR BOZZANO 190G";"7891350000115";"12430"
"ESPUMA BARBEAR BOZZANO 190G PELE SENSIVEL : ESPUMA BARBEAR BOZZANO 190G";"7891350025187";"12430"
"ESPUMA BARBEAR BOZZANO 190G HIDRATACAO : ESPUMA BARBEAR BOZZANO 190G";"7891350000092";"12430"
"ESPULMANTE SALTON MOSCATEL 750ML : ESPULMANTE SALTON MOSCATEL 750ML";"7896023082634";"29360"
"ESPREMEDOR DE BATATAS BOA : ESPREMEDOR DE BATATAS BOA";"7897606030196";"11550"
"ESPREMEDOR DE ALHO REFORCADO BOA : ESPREMEDOR DE ALHO REFORCADO BOA";"7897606030417";"49778"
"ESPREMEDOR DE ALHO MIMO ASA18 : ESPREMEDOR DE ALHO MIMO ASA18";"7898420971771";"8131"
"ESPREMEDOR DE ALHO 5 UTILIDADES BOA : ESPREMEDOR DE ALHO 5 UTILIDADES BOA";"7897606030165";"11288"
"ESPONJA YPE NAO RISCA 1UN : ESPONJA YPE NAO RISCA 1UN";"7896098904800";"62188"
"ESPONJA YPE MULTIUSO 3UN : ESPONJA YPE MULTIUSO 3UN";"7896098904787";"57399"
"ESPONJA YPE MULTIUSO 1UN : ESPONJA YPE MULTIUSO 1UN";"7896098904770";"56237"
"ESPONJA VEGERAL POP SPONGE MID : ESPONJA VEGERAL POP SPONGE MID";"7898946823622";"62760"
"ESPONJA VEGERAL POP SPONGE MAX : ESPONJA VEGERAL POP SPONGE MAX";"7898946823639";"62861"
"ESPONJA VEGERAL POP SPONGE LUVA : ESPONJA VEGERAL POP SPONGE LUVA";"7898946823646";"62862"
"ESPONJA TININDO MULTIUSO LV4 PG3 : ESPONJA TININDO MULTIUSO LV4 PG3";"7891040198726";"76"
"ESPONJA SUSSEX LIMPEZA FACIAL 100G : ESPONJA SUSSEX LIMPEZA FACIAL 100G";"7896018690158";"50986"
"ESPONJA SPLUM MASSAGEADORA 1 UNID. : ESPONJA SPLUM MASSAGEADORA 1 UNID.";"7896314707727";"53326"
"ESPONJA SPLUM ESFOLIANTE 1 UND. : ESPONJA SPLUM ESFOLIANTE 1 UND.";"7896314707734";"53327"
"ESPONJA SCOTCH BRITE SALVA UNHAS : ESPONJA SCOTCH BRITE SALVA UNHAS";"7891040028931";"61"
"ESPONJA SCOTCH BRITE PRATEADA 1UN : ESPONJA SCOTCH BRITE PRATEADA 1UN";"7891040121885";"16998"
"ESPONJA SCOTCH BRITE NAO RISCA L3P2 VERDE : ESPONJA SCOTCH BRITE NAO RISCA L3P2";"7891040137992";"36644"
"ESPONJA SCOTCH BRITE NAO RISCA L3P2 LARANJA : ESPONJA SCOTCH BRITE NAO RISCA L3P2";"7891040204465";"36644"
"ESPONJA SCOTCH BRITE NAO RISCA L3P2 AZUL : ESPONJA SCOTCH BRITE NAO RISCA L3P2";"7891040133017";"36644"
"ESPONJA SCOTCH BRITE MULTIUSO L4P3 : ESPONJA SCOTCH BRITE MULTIUSO L4P3";"7891040299614";"70"
"ESPONJA SCOTCH BRITE MULTIUSO 1UN : ESPONJA SCOTCH BRITE MULTIUSO 1UN";"7891040001316";"66"
"ESPONJA SCOTCH BRITE METALICA 1UN  : ESPONJA SCOTCH BRITE METALICA 1UN";"7891040112968";"35926"
"ESPONJA SCOTCH BRITE MAGICA  : ESPONJA SCOTCH BRITE MAGICA";"7891040113491";"16616"
"ESPONJA SCOTCH BRITE GRILL FIBRA : ESPONJA SCOTCH BRITE GRILL FIBRA";"7891040115358";"6807"
"ESPONJA SCOTCH BRITE EXTREMA L4P3 : ESPONJA SCOTCH BRITE EXTREMA L4P3";"7891040281336";"54305"
"ESPONJA SCOTCH BRITE ESFERAS 3UN  : ESPONJA SCOTCH BRITE ESFERAS 3UN";"7891040331536";"66822"
"ESPONJA SABONETEIRA NATURAL BANHO : ESPONJA SABONETEIRA NATURAL BANHO";"7898946823424";"38089"
"ESPONJA PARA LIMPEZA PROAUTO 1UN : ESPONJA PARA LIMPEZA PROAUTO 1UN";"7896189200514";"52101"
"ESPONJA MAGICA ESFRELUX 1UN : ESPONJA MAGICA ESFRELUX 1UN";"7896314707246";"63320"
"ESPONJA ESFRELUX SOFT PRATA 3UN : ESPONJA ESFRELUX SOFT PRATA 3UN";"7896314707765";"53321"
"ESPONJA ESFRELUX SANTA MARIA 3UN. ANTIADERENTE : ESPONJA ESFRELUX SANTA MARIA 3UN.";"7896314707758";"63302"
"ESPONJA ESFRELUX SANTA MARIA 1UN : ESPONJA ESFRELUX SANTA MARIA 1UN";"7896314707642";"45993"
"ESPONJA ESFRELUX PROTEGE UNHAS 1UN : ESPONJA ESFRELUX PROTEGE UNHAS 1UN";"7896314707772";"63304"
"ESPONJA ESFRELUX LIMP GRILL 1UN  : ESPONJA ESFRELUX LIMP GRILL 1UN";"7896314707796";"53323"
"ESPONJA ESFRELUX L4P3 : ESPONJA ESFRELUX L4P3";"7896314707659";"53330"
"ESPONJA ESFRELUX ANTIADERENTE 1UN : ESPONJA ESFRELUX ANTIADERENTE 1UN";"7896314707666";"63311"
"ESPONJA ESFRELUX 2UN CRESPA : ESPONJA ESFRELUX 2UN";"7896314707628";"53322"
"ESPONJA ESFREBOM PRATEADA 1 UNID. : ESPONJA ESFREBOM PRATEADA 1 UNID.";"7896001004849";"54483"
"ESPONJA ESFREBOM MULTIUSO 4UN : ESPONJA ESFREBOM MULTIUSO 4UN";"7896001045446";"4613"
"ESPONJA ESFREBOM MULTIUSO 1UN : ESPONJA ESFREBOM MULTIUSO 1UN";"7896001004504";"4420"
"ESPONJA DE ACO INOX HBRILHO 10G : ESPONJA DE ACO INOX HBRILHO 10G";"7897004403905";"40759"
"ESPONJA DE ACO BOMBRIL 60G : ESPONJA DE ACO BOMBRIL 60G";"7891022161007";"60"
"ESPONJA DE ACO ASSOLAN 45G 8UN : ESPONJA DE ACO ASSOLAN 45G";"7896090100101";"62515"
"ESPONJA BOMBRIL MULTIUSO LV4 PG3 : ESPONJA BOMBRIL MULTIUSO LV4 PG3";"7891022859812";"44325"
"ESPONJA BOMBRIL ANTIADERENTE 60G : ESPONJA BOMBRIL ANTIADERENTE 60G";"7891022100976";"30184"
"ESPONJA BETTA BANHO DIARIA 3UN : ESPONJA BETTA BANHO DIARIA 3UN";"7896001046733";"3975"
"ESPONJA BANHO VEGETAL NATURAL LUXO OVAL : ESPONJA BANHO VEGETAL NATURAL LUXO";"7898946823011";"38086"
"ESPONJA BANHO VALE DO SOL DUP. FACE  : ESPONJA BANHO VALE DO SOL DUP. FACE";"7898938990110";"43487"
"ESPONJA BANHO V. NATURAL LUXO KIDS  : ESPONJA BANHO V. NATURAL LUXO KIDS";"7898946823066";"38087"
"ESPONJA BANHO V. NATURAL COSTAS LUXO : ESPONJA BANHO V. NATURAL COSTAS";"7898946823134";"38088"
"ESPONJA BANHO STA MARIA SPLUM LAQUA  : ESPONJA BANHO STA MARIA SPLUM LAQUA";"7896314707789";"53328"
"ESPONJA BANHO STA MARIA SPLUM BABY : ESPONJA BANHO STA MARIA SPLUM BABY";"7896314707826";"63307"
"ESPONJA BANHO SPLUM LAQUA LV3PG2 : ESPONJA BANHO SPLUM LAQUA LV3PG2";"7896314707468";"53325"
"ESPONJA BANHO RICCA SUAVITA ESFOL. : ESPONJA BANHO RICCA SUAVITA ESFOL.";"7897517903091";"71900"
"ESPONJA BANHO RICCA SUAVITA CORPO : ESPONJA BANHO RICCA SUAVITA CORPO";"7897517903084";"71899"
"ESPONJA BANHO RICCA PEQUENA L3P2 : ESPONJA BANHO RICCA PEQUENA L3P2";"7897517903190";"71881"
"ESPONJA BANHO RICCA PEQUENA : ESPONJA BANHO RICCA PEQUENA";"7897517903015";"71882"
"ESPONJA BANHO RICCA COLORS : ESPONJA BANHO RICCA COLORS";"7897517934187";"71901"
"ESPONJA BANHO PONJITA LV3 PG2 : ESPONJA BANHO PONJITA LV3 PG2";"7891040119158";"39564"
"ESPONJA BANHO PONJITA KIDS ANIMAIS : ESPONJA BANHO PONJITA KIDS ANIMAIS";"7891040118649";"4087"
"ESPONJA BANHO PONJITA ESPUMA ABUND. : ESPONJA BANHO PONJITA ESPUMA ABUND.";"7891040107872";"3969"
"ESPONJA BANHO PONJITA ESFOLIACAO : ESPONJA BANHO PONJITA ESFOLIANTE";"7891040104109";"39760"
"ESPONJA BANHO PONJITA BOB ESPONJA : ESPONJA BANHO PONJITA BOB ESPONJA";"53200001315";"4085"
"ESPONJA BANHO PONJITA ACQUA VERDE ANATOMICA : ESPONJA BANHO PONJITA ACQUA VERDE";"7891040023394";"14652"
"ESPONJA BANHO PONJITA  : ESPONJA BANHO PONJITA";"7891040001187";"17848"
"ESPONJA BANHO NATURAL BANHO BASIC PEDACO : ESPONJA BANHO NATURAL BANHO BASIC";"7898946823547";"38085"
"ESPONJA BANHO NATURAL BANHO BASIC OVAL : ESPONJA BANHO NATURAL BANHO BASIC";"7898946823219";"38085"
"ESPONJA BANHO CONDOR COM CORDAO : ESPONJA BANHO CONDOR COM CORDAO";"7891055521618";"43857"
"ESPONJA ASSOLAN PERTUTO 1UN 69 MM X 19 MM : ESPONJA ASSOLAN PERTUTO 1UN";"7896090105007";"44970"
"ESPONJA ABSORTEC 2 EM 1 PROAUTO : ESPONJA ABSORTEC 2 EM 1 PROAUTO";"7898645220838";"54630"
"ESPINAFRE UNIDADE : ESPINAFRE UNIDADE";"615";"6047"
"ESPETO TRAMONTINA INOX 75CM : ESPETO TRAMONTINA INOX 75CM";"7891112210356";"60891"
"ESPETO SIMPLES MOR 65 : ESPETO SIMPLES MOR 65";"7896020632023";"66383"
"ESPETO DUPLO TRAMONTINA 65CM : ESPETO DUPLO TRAMONTINA 65CM";"7891112210424";"69355"
"ESPETO DUPLO MOR 65 : ESPETO DUPLO MOR 65";"7896020632078";"66386"
"ESPETO DUPLO MOR 55 : ESPETO DUPLO MOR 55";"7896020632061";"66385"
"ESPETO BAMBU CHURRASCO JUNCO 30CM 50 UNIDADES : ESPETO BAMBU CHURRASCO JUNCO 30CM";"7896523118895";"49744"
"ESPETO BAMBU CHURRASCO JUNCO 25CM 50 UNIDADES : ESPETO BAMBU CHURRASCO JUNCO 25CM";"7896523118901";"49743"
"ESPETINHO FRANGO EMPANADO UNID. : ESPETINHO FRANGO EMPANADO UNID.";"6365";"13377"
"ESPETINHO DE TULIPA KG : ESPETINHO DE TULIPA KG";"1202";"3115"
"ESPETINHO DE PANCETA KG : ESPETINHO DE PANCETA KG";"6122";"3114"
"ESPETINHO DE LOMBO KG : ESPETINHO DE LOMBO KG";"63";"3113"
"ESPETINHO DE FRANGO KG : ESPETINHO DE FRANGO KG";"62";"3109"
"ESPETINHO DE COSTELA KG : ESPETINHO DE COSTELA KG";"6525";"51986"
"ESPETINHO DE CARNE BOVINA KG : ESPETINHO DE CARNE BOVINA KG";"61";"3103"
"ESPETINHO CORACAO DE FRANGO KG : ESPETINHO CORACAO DE FRANGO KG";"701";"3107"
"ESPELHO BUDEPLAST Nº18 - 18X25CM : ESPELHO BUDEPLAST Nº18 - 18X25CM";"7898902084425";"17193"
"ESPATULA SANREMO SR582/3 : ESPATULA SANREMO";"7896359029945";"59705"
"ESPATULA PLASUTIL NYLON REF. 502 : ESPATULA PLASUTIL NYLON";"7896042005027";"10063"
"ESPATULA PARA BOLO MONIZ SIMONAGIO INOX - 24,2CM : ESPATULA PARA BOLO MONIZ SIMONAGIO";"7896211817963";"49258"
"ESPATULA MUNDIAL SILICONE 19,5CM : ESPATULA MUNDIAL SILICONE 19,5CM";"7897186080246";"51018"
"ESPAGUETE DE ABOBRINHA EMBALADO KG : ESPAGUETE DE ABOBRINHA EMBALADO KG";"434";"3077"
"ESPADA BOLHAS SABAO PAIS & FILHOS : ESPADA BOLHAS SABAO PAIS & FILHOS";"7896647046203";"67847"
"ESMALTE RISQUE TECHNOLOGY SERUM 8ML REPARADOR : ESMALTE RISQUE TECHNOLOGY SERUM 8ML";"7891350037470";"29583"
"ESMALTE RISQUE TECHNOLOGY BASE 8ML BASE SEDA : ESMALTE RISQUE TECHNOLOGY BASE 8ML";"7891182040143";"66443"
"ESMALTE RISQUE NATURAL RENDA 8ML VIDRILHOS : ESMALTE RISQUE NATURAL RENDA 8ML";"7891182036047";"29344"
"ESMALTE RISQUE NATURAL RENDA 8ML RENDINHA : ESMALTE RISQUE NATURAL RENDA 8ML";"7891182036023";"29344"
"ESMALTE RISQUE NATURAL RENDA 8ML RENDA : ESMALTE RISQUE NATURAL RENDA 8ML";"7891182850025";"29344"
"ESMALTE RISQUE NATURAL 8ML MELISSA : ESMALTE RISQUE NATURAL 8ML";"7891182850117";"24681"
"ESMALTE RISQUE NATURAL 8ML INCOLOR : ESMALTE RISQUE NATURAL 8ML";"7891182850018";"24681"
"ESMALTE RISQUE NATURAL 8ML DUNA : ESMALTE RISQUE NATURAL 8ML";"7891182850087";"24681"
"ESMALTE RISQUE NATURAL 8ML ANGELICA : ESMALTE RISQUE NATURAL 8ML";"7891182850100";"24681"
"ESMALTE RISQUE METALICO 8ML RUBI : ESMALTE RISQUE METALICO 8ML";"7891182860123";"28274"
"ESMALTE RISQUE METALICO 8ML MACA AMOR : ESMALTE RISQUE METALICO 8ML";"7891182014700";"28274"
"ESMALTE RISQUE EFEITO GLITER 8ML MIL PURPURINAS : ESMALTE RISQUE EFEITO GLITER 8ML";"7891182020329";"46224"
"ESMALTE RISQUE CREMOSO 8ML VERMELHO FELIC. : ESMALTE RISQUE CREMOSO 8ML";"7891350038408";"5821"
"ESMALTE RISQUE CREMOSO 8ML TERRACOTA PROV. : ESMALTE RISQUE CREMOSO 8ML";"7891350034363";"5821"
"ESMALTE RISQUE CREMOSO 8ML TAMARA : ESMALTE RISQUE CREMOSO 8ML";"7891182996648";"5821"
"ESMALTE RISQUE CREMOSO 8ML ROSE BOMBOM : ESMALTE RISQUE CREMOSO 8ML";"7891182029742";"5821"
"ESMALTE RISQUE CREMOSO 8ML REBU : ESMALTE RISQUE CREMOSO 8ML";"7891182840149";"5821"
"ESMALTE RISQUE CREMOSO 8ML PRETO SEPIA : ESMALTE RISQUE CREMOSO 8ML";"7891182033640";"5821"
"ESMALTE RISQUE CREMOSO 8ML PO DE ARROZ : ESMALTE RISQUE CREMOSO 8ML";"7891182018739";"5821"
"ESMALTE RISQUE CREMOSO 8ML PARIS : ESMALTE RISQUE CREMOSO 8ML";"7891182001762";"5821"
"ESMALTE RISQUE CREMOSO 8ML NUDE : ESMALTE RISQUE CREMOSO 8ML";"7891182032988";"5821"
"ESMALTE RISQUE CREMOSO 8ML NINFA : ESMALTE RISQUE CREMOSO 8ML";"7891182015226";"5821"
"ESMALTE RISQUE CREMOSO 8ML MOLETOM E SALTO : ESMALTE RISQUE CREMOSO 8ML";"7891350038385";"5821"
"ESMALTE RISQUE CREMOSO 8ML LINDA LEVE NUDE : ESMALTE RISQUE CREMOSO 8ML";"7891350034349";"5821"
"ESMALTE RISQUE CREMOSO 8ML LAGRIMAS VENUS : ESMALTE RISQUE CREMOSO 8ML";"7891182014809";"5821"
"ESMALTE RISQUE CREMOSO 8ML GABRIELA : ESMALTE RISQUE CREMOSO 8ML";"7891182840200";"5821"
"ESMALTE RISQUE CREMOSO 8ML ESCARLATE : ESMALTE RISQUE CREMOSO 8ML";"7891182020206";"5821"
"ESMALTE RISQUE CREMOSO 8ML ENERGIA : ESMALTE RISQUE CREMOSO 8ML";"7891182031561";"5821"
"ESMALTE RISQUE CREMOSO 8ML DESEJO : ESMALTE RISQUE CREMOSO 8ML";"7891182031059";"5821"
"ESMALTE RISQUE CREMOSO 8ML CARMIM : ESMALTE RISQUE CREMOSO 8ML";"7891182017053";"5821"
"ESMALTE RISQUE CREMOSO 8ML CAPPUCCINO : ESMALTE RISQUE CREMOSO 8ML";"7891182996600";"5821"
"ESMALTE RISQUE CREMOSO 8ML BIANCO PURISS. : ESMALTE RISQUE CREMOSO 8ML";"7891182840019";"5821"
"ESMALTE RISQUE CREMOSO 8ML BELA E PODEROSA : ESMALTE RISQUE CREMOSO 8ML";"7891182015882";"5821"
"ESMALTE RISQUE CREMOSO 8ML BEIJO : ESMALTE RISQUE CREMOSO 8ML";"7891182032452";"5821"
"ESMALTE RISQUE CREMOSO 8ML BALI : ESMALTE RISQUE CREMOSO 8ML";"7891182996662";"5821"
"ESMALTE RISQUE CREMOSO 8ML AZUL LIVRE M. : ESMALTE RISQUE CREMOSO 8ML";"7891350034103";"5821"
"ESMALTE RISQUE CREMOSO 8ML ASTRAL : ESMALTE RISQUE CREMOSO 8ML";"7891182840095";"5821"
"ESMALTE RISQUE CREMOSO 8ML AMARELINHO : ESMALTE RISQUE CREMOSO 8ML";"7891350034141";"5821"
"ESMALTE RISQUE CINTILANTE 8ML PEROLA : ESMALTE RISQUE CINTILANTE 8ML";"7891182860024";"29346"
"ESMALTE RISQUE CINTILANTE 8ML MINI SAIA : ESMALTE RISQUE CINTILANTE 8ML";"7891182018814";"29346"
"ESLMATE RISQUE BASE HOMEM 8ML FOSCA : ESLMATE RISQUE BASE HOMEM 8ML";"7891182025522";"30643"
"ESGUICHO DE PLASTICO NEDO REF. 66 : ESGUICHO DE PLASTICO NEDO REF. 66";"7896619800666";"9730"
"ESGUICHO AJUSTAVEL LORENZETTI REF. 7160006 : ESGUICHO AJUSTAVEL LORENZETTI";"7896451852779";"60371"
"ESFIRRA PEQUENA PRE ASSADA KG FRANGO : ESFIRRA PEQUENA PRE ASSADA KG";"8450";"28271"
"ESFIRRA PEQUENA PRE ASSADA KG CARNE : ESFIRRA PEQUENA PRE ASSADA KG";"8449";"28271"
"ESFIRRA GRESPAN KG FRANGO/REQ. : ESFIRRA GRESPAN KG";"7968";"64886"
"ESFIRRA GRESPAN KG CARNE : ESFIRRA GRESPAN KG";"7967";"64886"
"ESFIRRA GRESPAN FRANGO/REQ. : ESFIRRA GRESPAN";"7735";"62925"
"ESFIRRA GRESPAN CARNE : ESFIRRA GRESPAN";"7714";"62925"
"ESFIRRA GRESPAN CALABRESA : ESFIRRA GRESPAN CALABRESA";"7734";"63005"
"ESFIRRA DE FRANGO KG : ESFIRRA DE FRANGO KG          ";"2939";"19027"
"ESFIRRA CALABRESA GRESPAN KG : ESFIRRA CALABRESA GRESPAN KG";"7894";"64140"
"ESCUMADEIRA MONIZ SIMONAGGIO : ESCUMADEIRA MONIZ SIMONAGGIO";"7896211817352";"8971"
"ESCUMADEIRA COOK INOX 37CM : ESCUMADEIRA COOK INOX 37CM";"7899653781328";"40857"
"ESCOVA TANQUE RETANG. SANTA MARIA : ESCOVA TANQUE RETANG. SANTA MARIA";"7896314707529";"45998"
"ESCOVA TANQUE OVAL SANTA MARIA : ESCOVA TANQUE OVAL SANTA MARIA";"7896314707512";"45997"
"ESCOVA SANITARIA SANTA MARIA COM ESTOJO : ESCOVA SANITARIA SANTA MARIA";"7896314708625";"53324"
"ESCOVA SANITARIA SANILUX BETTANIN C/ SUPORTE : ESCOVA SANITARIA SANILUX BETTANIN";"7896001005655";"4834"
"ESCOVA SANITARIA HB : ESCOVA SANITARIA HB";"7897004403165";"5693"
"ESCOVA SANITARIA CONDOR 6106 : ESCOVA SANITARIA CONDOR 6106";"7891055610602";"46944"
"ESCOVA PLASTICA LIMPA TUDO OVAL HB : ESCOVA PLASTICA LIMPA TUDO OVAL HB";"7897004403127";"24820"
"ESCOVA PARA UNHA PVC NEDO REF. 759 : ESCOVA PARA UNHA PVC NEDO REF. 759";"7896619807597";"9722"
"ESCOVA PARA LEGUMES CONDOR : ESCOVA PARA LEGUMES CONDOR";"7891055590300";"43860"
"ESCOVA PARA LAVAR TENIS CONDOR REF. 1710 : ESCOVA PARA LAVAR TENIS CONDOR";"7891055606308";"46968"
"ESCOVA OVAL DE MADEIRA P/ ROUPAS HB : ESCOVA OVAL DE MADEIRA P/ ROUPAS HB";"7897004403103";"79"
"ESCOVA ORAL-B ULTRAFINA LV2 PG1 : ESCOVA ORAL-B ULTRAFINA LV2 PG1";"7500435110662";"49575"
"ESCOVA ORAL-B KIDS MICKEY : ESCOVA ORAL-B KIDS MICKEY";"3014260019723";"43483"
"ESCOVA ORAL-B INFANTIL STAGES 8+ STARS WARS : ESCOVA ORAL-B INFANTIL STAGES 8+";"7500435017046";"49574"
"ESCOVA ORAL-B INDICATOR PLUS 2UN 35 : ESCOVA ORAL-B INDICATOR PLUS 2UN";"7500435114707";"43447"
"ESCOVA ORAL-B INDICATOR PLUS 2UN 30 : ESCOVA ORAL-B INDICATOR PLUS 2UN";"7500435107754";"43447"
"ESCOVA ORAL-B INDICATOR BLACK 2UN : ESCOVA ORAL-B INDICATOR BLACK 2UN";"7500435204415";"19254"
"ESCOVA ORAL-B IND PLUS COLORS 4UN 30 MACIA/SUAV : ESCOVA ORAL-B IND PLUS COLORS 4UN";"7500435155540";"55537"
"ESCOVA ORAL-B COMPLETE 5 ACOES L2P1 : ESCOVA ORAL-B COMPLETE 5 ACOES L2P1";"3014260014445";"15831"
"ESCOVA ORAL-B COMPLETE 40 LV2 PG1 : ESCOVA ORAL-B COMPLETE 40 LV2 PG1";"7506339358247";"22962"
"ESCOVA ORAL-B CLASSIC 40 : ESCOVA ORAL-B CLASSIC 40";"7891051037014";"707"
"ESCOVA ORAL-B 7 BENEFICIOS LV2 PG1 : ESCOVA ORAL-B 7 BENEFICIOS LV2 PG1";"7501001100285";"37474"
"ESCOVA ORAL-B 1.2.3 LIMP. BRILHANTE : ESCOVA ORAL-B 1.2.3";"3014260833176";"19255"
"ESCOVA ORAL-B 1.2.3 LEVE 3 PAGUE 2 LIMP. BRILHANTE : ESCOVA ORAL-B 1.2.3 LEVE 3 PAGUE 2";"7500435014359";"48195"
"ESCOVA NOVICA ENGRAXAT BETTANIN : ESCOVA NOVICA ENGRAXAT BETTANIN";"7896001006058";"2151"
"ESCOVA FINALIZADORA PENTEADO RICCA : ESCOVA FINALIZADORA PENTEADO RICCA";"7897517910174";"74326"
"ESCOVA DENTAL TEK DURA : ESCOVA DENTAL TEK";"7891010040017";"12994"
"ESCOVA DENTAL SORRISO TRIPLA MACIA : ESCOVA DENTAL SORRISO TRIPLA";"7891528112534";"30354"
"ESCOVA DENTAL SORRISO TRIPLA L3P2 : ESCOVA DENTAL SORRISO TRIPLA L3P2";"7891528012582";"43241"
"ESCOVA DENTAL SORRISO TRIPLA 2UN : ESCOVA DENTAL SORRISO TRIPLA 2UN";"7509546686196";"66914"
"ESCOVA DENTAL SORRISO ORIGINAL 1UN MEDIA : ESCOVA DENTAL SORRISO ORIGINAL 1UN";"7891528016504";"668"
"ESCOVA DENTAL SORRISO ORIGINAL 1UN DURA : ESCOVA DENTAL SORRISO ORIGINAL 1UN";"7891528016511";"668"
"ESCOVA DENTAL SORRISO FRESH 5UN : ESCOVA DENTAL SORRISO FRESH 5UN";"7509546656588";"56321"
"ESCOVA DENTAL SORRISO CARVAO 2UN : ESCOVA DENTAL SORRISO CARVAO 2UN";"7509546679273";"66903"
"ESCOVA DENTAL REACH ULTRA CLEAN GRANDE MACIA : ESCOVA DENTAL REACH ULTRA CLEAN";"7891010043469";"9187"
"ESCOVA DENTAL REACH ULTRA CLEAN 40 MEDIA : ESCOVA DENTAL REACH ULTRA CLEAN";"7891010043476";"9187"
"ESCOVA DENTAL ORAL-B PRO  : ESCOVA DENTAL ORAL-B PRO";"7500435134415";"708"
"ESCOVA DENTAL ORAL-B CLASSIC L3P2 40 : ESCOVA DENTAL ORAL-B CLASSIC L3P2";"7501001104191";"22959"
"ESCOVA DENTAL KESS PRO EXTRA 4UN MACIA : ESCOVA DENTAL KESS PRO EXTRA 4UN";"7897517925352";"74325"
"ESCOVA DENTAL KESS PRO EXTRA 2UN MACIA : ESCOVA DENTAL KESS PRO EXTRA 2UN";"7897517925338";"74324"
"ESCOVA DENTAL KESS PRO 3UN EXTRA MACIAS : ESCOVA DENTAL KESS PRO 3UN";"7897517921095";"71912"
"ESCOVA DENTAL KESS PRO 2UN EXTRA MACIAS : ESCOVA DENTAL KESS PRO 2UN";"7897517921057";"71913"
"ESCOVA DENTAL KESS BASIC PLUS 3UN : ESCOVA DENTAL KESS BASIC PLUS 3UN";"7897517925642";"71916"
"ESCOVA DENTAL KESS BASIC ACTION 5UN MACIA : ESCOVA DENTAL KESS BASIC ACTION 5UN";"7897517925482";"71915"
"ESCOVA DENTAL KESS BASIC ACTION 2UN MACIA : ESCOVA DENTAL KESS BASIC ACTION 2UN";"7897517925499";"71914"
"ESCOVA DENTAL JOHNSONS PROFESSIONAL MEDIA 40 : ESCOVA DENTAL JOHNSONS PROFESSIONAL";"7891010041366";"9323"
"ESCOVA DENTAL JOHNSONS PROFESSIONAL MACIA 40 : ESCOVA DENTAL JOHNSONS PROFESSIONAL";"7891010041427";"9323"
"ESCOVA DENTAL JOHNSONS COMFORT L+P- COMFORT CLEAN : ESCOVA DENTAL JOHNSONS COMFORT L+P-";"7891010697266";"29489"
"ESCOVA DENTAL JOHNSONS ACCESS MEDIA : ESCOVA DENTAL JOHNSONS ACCESS";"7891010044992";"677"
"ESCOVA DENTAL JOHNSONS ACCESS L+P- MEDIA : ESCOVA DENTAL JOHNSONS ACCESS L+P-";"7891010500115";"20667"
"ESCOVA DENTAL JOHNSONS ACCESS GRANDE MACIA : ESCOVA DENTAL JOHNSONS ACCESS";"7891010044985";"677"
"ESCOVA DENTAL JADEPRO PRO BLACK 2UN MACIA - 732 : ESCOVA DENTAL JADEPRO PRO BLACK 2UN";"7897217404010";"56489"
"ESCOVA DENTAL JADEFROG TOP MACIA REF. 305 : ESCOVA DENTAL JADEFROG TOP MACIA";"7897217400173";"5326"
"ESCOVA DENTAL JADEFROG SUPERMAN. MACIA : ESCOVA DENTAL JADEFROG SUPERMAN.";"7897217402092";"43082"
"ESCOVA DENTAL JADEFROG STYLUS MEDIA : ESCOVA DENTAL JADEFROG STYLUS";"7897217400272";"4095"
"ESCOVA DENTAL JADEFROG STYLUS DURA : ESCOVA DENTAL JADEFROG STYLUS";"7897217400296";"4095"
"ESCOVA DENTAL JADEFROG SMART 2UN ADULTO/MACIA : ESCOVA DENTAL JADEFROG SMART 2UN";"7897217400517";"9175"
"ESCOVA DENTAL JADEFROG PRO SLIM 2UN MACIA - 742 : ESCOVA DENTAL JADEFROG PRO SLIM 2UN";"7897217403921";"55029"
"ESCOVA DENTAL JADEFROG POPMAX 5UN MACIA - 035 : ESCOVA DENTAL JADEFROG POPMAX 5UN";"7897217403860";"49754"
"ESCOVA DENTAL JADEFROG POPMAX 3UN MACIA : ESCOVA DENTAL JADEFROG POPMAX 3UN";"7897217400180";"673"
"ESCOVA DENTAL JADEFROG OPTIMA L2P1 MACIA : ESCOVA DENTAL JADEFROG OPTIMA L2P1";"7897217400494";"41074"
"ESCOVA DENTAL JADEFROG ONDA L3P2 MACIA : ESCOVA DENTAL JADEFROG ONDA L3P2";"7897217400500";"16387"
"ESCOVA DENTAL JADEFROG ONDA BLACK MACIA - 832 : ESCOVA DENTAL JADEFROG ONDA BLACK";"7897217404157";"66912"
"ESCOVA DENTAL JADEFROG KIDS 2UN 312 : ESCOVA DENTAL JADEFROG KIDS 2UN 312";"7897217403907";"667"
"ESCOVA DENTAL JADEFROG HELLO KITTY MACIA : ESCOVA DENTAL JADEFROG HELLO KITTY";"7897217402108";"44554"
"ESCOVA DENTAL JADEFROG DUAL 2 EM 1 MACIA : ESCOVA DENTAL JADEFROG DUAL 2 EM 1";"7897217400326";"5324"
"ESCOVA DENTAL JADEF. CLEANUP L2P1 MACIA : ESCOVA DENTAL JADEF. CLEANUP L2P1";"7897217400456";"9176"
"ESCOVA DENTAL CONDOR JUNIOR 4+ LILICA RIPILICA : ESCOVA DENTAL CONDOR JUNIOR 4+";"7891055430903";"48385"
"ESCOVA DENTAL CONDOR JUNIOR 3+ PIXAR LED : ESCOVA DENTAL CONDOR JUNIOR 3+";"7891055324103";"63640"
"ESCOVA DENTAL CONDOR BAMBINOS 5+ HOTWEEELS : ESCOVA DENTAL CONDOR BAMBINOS 5+";"7891055430835";"67991"
"ESCOVA DENTAL CONDOR BABY 0-2 ANOS GALINHA : ESCOVA DENTAL CONDOR BABY 0-2 ANOS";"7891055430439";"46926"
"ESCOVA DENTAL COLGATE ZIG ZAG 4UN CARVAO : ESCOVA DENTAL COLGATE ZIG ZAG 4UN";"7509546080864";"63349"
"ESCOVA DENTAL COLGATE ZIG ZAG 2UN CARVAO ATIVADO : ESCOVA DENTAL COLGATE ZIG ZAG 2UN";"7509546673042";"65930"
"ESCOVA DENTAL COLGATE TWISTER L2P1 : ESCOVA DENTAL COLGATE TWISTER L2P1";"7891024186244";"11023"
"ESCOVA DENTAL COLGATE SLIM SOFT 4UN BLACK : ESCOVA DENTAL COLGATE SLIM SOFT 4UN";"7509546657240";"71169"
"ESCOVA DENTAL COLGATE SLIM L2P1 SOFT BLACK : ESCOVA DENTAL COLGATE SLIM L2P1";"7509546061689";"34184"
"ESCOVA DENTAL COLGATE L3P2 EXTRA CLEAN : ESCOVA DENTAL COLGATE L3P2";"7891024116128";"11070"
"ESCOVA DENTAL COLGATE ESSENCIAL CL. MACIA : ESCOVA DENTAL COLGATE ESSENCIAL CL.";"7891024024386";"42639"
"ESCOVA DENTAL COLGATE COLORS 5UN : ESCOVA DENTAL COLGATE COLORS 5UN";"7509546653143";"56322"
"ESCOVA DENTAL COLGATE CLASSIC L3P2. MEDIA : ESCOVA DENTAL COLGATE CLASSIC L3P2.";"7891024026434";"40644"
"ESCOVA DENTAL COLGATE CLASSIC CLEAN MACIA : ESCOVA DENTAL COLGATE CLASSIC CLEAN";"7891024184509";"11028"
"ESCOVA DENTAL COLGATE CLASSIC : ESCOVA DENTAL COLGATE CLASSIC";"7891024184608";"11031"
"ESCOVA DENTAL COLGATE 360º BLACK 2UN : ESCOVA DENTAL COLGATE 360º BLACK";"7509546065465";"47114"
"ESCOVA DENT. JADEFROG HELLO KIT 3UN 3D VENTOSA : ESCOVA DENT. JADEFROG HELLO KIT 3UN";"7897217403884";"47716"
"ESCOVA DE UNHA ENOX : ESCOVA DE UNHA ENOX";"7897517907280";"71879"
"ESCOVA CABELO RICCA REDONDA : ESCOVA CABELO RICCA REDONDA";"7897517901837";"71850"
"ESCOVA CABELO RICCA RAQUETE FLEX BLUE : ESCOVA CABELO RICCA RAQUETE FLEX";"7897517904517";"71842"
"ESCOVA CABELO RICCA OVAL PINK : ESCOVA CABELO RICCA OVAL";"7897517924270";"71847"
"ESCOVA CABELO RICCA OVAL BLUE : ESCOVA CABELO RICCA OVAL BLUE";"7897517909222";"71845"
"ESCOVA CABELO RICCA OVAL ALMOFADADA PURPLE : ESCOVA CABELO RICCA OVAL ALMOFADADA";"7897517909277";"71846"
"ESCOVA CABELO RICCA NYLON MEIA LUA MADEIRA : ESCOVA CABELO RICCA NYLON MEIA LUA";"7897517904159";"71851"
"ESCOVA CABELO RICCA FLEX WET & DRY ROSA : ESCOVA CABELO RICCA FLEX WET & DRY";"7897517908126";"71843"
"ESCOVA CABELO RICCA FLEX CANDY CORAL : ESCOVA CABELO RICCA FLEX CANDY";"7897517910853";"71841"
"ESCOVA CABELO RICCA BASIC RACKET COLORS : ESCOVA CABELO RICCA BASIC RACKET";"7897517909406";"71848"
"ESCOVA CABELO OVAL RICCA GRANDE BLACK & PINK : ESCOVA CABELO OVAL RICCA GRANDE";"7897517924119";"71849"
"ESCOVA CABELO CONDOR TOY STORY 9877 MISTA : ESCOVA CABELO CONDOR TOY STORY 9877";"7891055658604";"65516"
"ESCOVA CABELO CONDOR SHANA 6821 PEQUENA : ESCOVA CABELO CONDOR SHANA 6821";"7891055682128";"7109"
"ESCOVA CABELO CONDOR MARISA 6820 CABO DE MADEIRA : ESCOVA CABELO CONDOR MARISA 6820";"7891055682029";"7105"
"ESCOVA CABELO CONDOR KATIA 6850 : ESCOVA CABELO CONDOR KATIA 6850";"7891055685020";"43845"
"ESCOVA CABELO CONDOR ISA 6873 : ESCOVA CABELO CONDOR ISA 6873";"7891055687321";"43847"
"ESCOVA CABELO CONDOR ELIANE 6853 : ESCOVA CABELO CONDOR ELIANE 6853";"7891055685327";"43846"
"ESCOVA CABELO CONDOR DIVAS REF 9810 : ESCOVA CABELO CONDOR DIVAS REF 9810";"7891055670224";"50049"
"ESCOVA BETTA BANHO RELAX : ESCOVA BETTA BANHO RELAX";"7896001008502";"4077"
"ESCORREDOR SANREMO SR355/3  : ESCORREDOR SANREMO SR355/3";"7896359019502";"59710"
"ESCORREDOR PLASUTIL TALHERES DECORA REF. 6687 : ESCORREDOR PLASUTIL TALHERES DECORA";"7896042066875";"29010"
"ESCORREDOR PLASUTIL TALHERES -3 DIV REF. 339 : ESCORREDOR PLASUTIL TALHERES -3 DIV";"7896042003399";"52686"
"ESCORREDOR NITRON RED  : ESCORREDOR NITRON RED";"7896779600557";"59651"
"ESCORREDOR MASSAS SANTANA GRANDE  : ESCORREDOR MASSAS SANTANA GRANDE";"7896355707502";"8829"
"ESCORREDOR ARTHI FANTASTIK  : ESCORREDOR ARTHI FANTASTIK";"7897807410674";"29927"
"ESCORREDOR ARTHI CROMADO CAMA TUBO : ESCORREDOR ARTHI CROMADO CAMA TUBO";"7897807410728";"4670"
"ESCORREDOR ARTHI CROMADO BERCO + PORTA COPOS : ESCORREDOR ARTHI CROMADO BERCO";"7897807410667";"62563"
"ESCONDIDINHO SEARA 600G CARNE MOIDA : ESCONDIDINHO SEARA 600G";"7894904575848";"46495"
"ESCONDIDINHO DE CARNE SECA KG : ESCONDIDINHO DE CARNE SECA KG";"1770";"5928"
"ESCONDIDINHO DE CARNE MOIDA KG : ESCONDIDINHO DE CARNE MOIDA KG";"1346";"10999"
"ESCONDIDINHO CARNE MOIDA SEARA 300G : ESCONDIDINHO CARNE MOIDA SEARA 300G";"7894904296316";"70087"
"ESCAROLA UNIDADE : ESCAROLA UNIDADE";"108";"6331"
"ERVILHA ZILIO 500G : ERVILHA ZILIO 500G";"7896280400561";"3547"
"ERVILHA TORTA BANDEJA UNID. : ERVILHA TORTA BANDEJA UNID.";"7898960123180";"33307"
"ERVILHA SEARA NATURE 300G : ERVILHA SEARA NATURE 300G";"7894904574230";"28928"
"ERVILHA QUERO LATA 170G : ERVILHA QUERO LATA 170G";"7896102501018";"2966"
"ERVILHA PREDILECTA SACHE 1,7KG : ERVILHA PREDILECTA SACHE 1,7KG";"7896292341432";"70830"
"ERVILHA PREDILECTA LATA 170G : ERVILHA PREDILECTA LATA 170G";"7896292340541";"3727"
"ERVILHA PARTIDA SIAMAR 500G : ERVILHA PARTIDA SIAMAR 500G";"7896069530748";"3548"
"ERVILHA KNORR LATA 170G : ERVILHA KNORR LATA 170G";"7891150058897";"47920"
"ERVILHA FUGINI SACHE 170G : ERVILHA FUGINI SACHE 170G";"7897517209650";"12604"
"ERVILHA E MILHO QUERO LATA 170G : ERVILHA E MILHO QUERO LATA 170G";"7896102501308";"2905"
"ERVILHA E CENOURA QUERO LATA 170G : ERVILHA E CENOURA QUERO LATA 170G";"7896102501407";"2960"
"ERVILHA CONGELADA COPACOL 300G : ERVILHA CONGELADA COPACOL 300G";"7891527064681";"40328"
"ERVILHA CONGELADA COPACOL 1,1KG : ERVILHA CONGELADA COPACOL 1,1KG";"7891527064735";"41236"
"ERVAS FINAS ZILIO 7G : ERVAS FINAS ZILIO 7G";"7896280401964";"1428"
"ERVAS FINAS SIAMAR 10G : ERVAS FINAS SIAMAR 10G";"7896069590384";"3644"
"ERVA MATE TERERE SIAMAR 500G TRADICIONAL : ERVA MATE TERERE SIAMAR 500G";"7896069574582";"41264"
"ERVA MATE TERERE SIAMAR 500G ICE : ERVA MATE TERERE SIAMAR 500G";"7896069576050";"41264"
"ERVA DOCE ZILIO 20G : ERVA DOCE ZILIO 20G";"7896280400271";"1425"
"ERVA DOCE IMPORTADA ZILIO 15G : ERVA DOCE IMPORTADA ZILIO 15G";"7896280400332";"1421"
"ENSACA TUDO WYDA 5KG : ENSACA TUDO WYDA 5KG";"7898930673141";"29596"
"ENSACA TUDO WYDA 3KG : ENSACA TUDO WYDA 3KG";"7898930673134";"29595"
"ENSACA TUDO WYDA 2KG : ENSACA TUDO WYDA 2KG";"7898930673127";"29931"
"ENERGETICO TAFFMAN-E YAKULT 110ML : ENERGETICO TAFFMAN-E YAKULT 110ML";"7891156076178";"8493"
"ENERGETICO SKYWALK 2L : ENERGETICO SKYWALK 2L";"7896490401075";"55619"
"ENERGETICO RED BULL WINTER 250ML PERA/CANELA : ENERGETICO RED BULL WINTER 250ML";"9002490271107";"69605"
"ENERGETICO RED BULL SUGARFREE 355ML : ENERGETICO RED BULL SUGARFREE 355ML";"9002490243678";"53413"
"ENERGETICO RED BULL EDITION 250ML TROPICAL : ENERGETICO RED BULL EDITION 250ML";"9002490229160";"38461"
"ENERGETICO RED BULL EDITION 250ML SUGAR FREE : ENERGETICO RED BULL EDITION 250ML";"9002490225094";"38461"
"ENERGETICO RED BULL EDITION 250ML PITAYA : ENERGETICO RED BULL EDITION 250ML";"9002490250492";"38461"
"ENERGETICO RED BULL EDITION 250ML PESSEGO/MORANGO : ENERGETICO RED BULL EDITION 250ML";"9002490258825";"38461"
"ENERGETICO RED BULL EDITION 250ML MELANCIA : ENERGETICO RED BULL EDITION 250ML";"9002490247386";"38461"
"ENERGETICO RED BULL EDITION 250ML CEREJA/FR VERM : ENERGETICO RED BULL EDITION 250ML";"9002490264093";"38461"
"ENERGETICO RED BULL 473ML : ENERGETICO RED BULL 473ML";"9002490214166";"32177"
"ENERGETICO RED BULL 355ML : ENERGETICO RED BULL 355ML";"9002490209346";"38462"
"ENERGETICO RED BULL 250ML : ENERGETICO RED BULL 250ML";"90024900100193";"1700"
"ENERGETICO FURIA ENERGY 2L : ENERGETICO FURIA ENERGY 2L";"7897110001927";"50204"
"ENERGETICO FLYING HORSE 473ML ORIGINAL : ENERGETICO FLYING HORSE 473ML";"7898132840396";"72215"
"ENERGETICO FLYING HORSE 2L ORIGINAL : ENERGETICO FLYING HORSE 2L";"7898132844493";"45920"
"ENERGETICO FLYING HORSE 2L FR. TROPICAIS : ENERGETICO FLYING HORSE 2L";"7898132846664";"45920"
"ENERGETICO FLYING HORSE 270ML ORIGINAL : ENERGETICO FLYING HORSE 270ML";"7898132841225";"62055"
"ENERGETICO FLYING HORSE 270ML MELANCIA : ENERGETICO FLYING HORSE 270ML";"7898132846756";"62055"
"ENERGETICO 220V 473ML ZERO : ENERGETICO 220V 473ML";"7898099397780";"68623"
"ENERGETICO 220V 473ML ORIGINAL : ENERGETICO 220V 473ML";"7898099391627";"68623"
"ENERGETICO 220V 2L MEGALANCIA : ENERGETICO 220V 2L";"7898099398107";"68621"
"ENERGETICO 220V 2L MAMBO MANGA : ENERGETICO 220V 2L";"7898099398084";"68621"
"ENERGETICO 220V 2L CRAZY APPLE : ENERGETICO 220V 2L";"7898099398138";"68621"
"EMPURRADOR DE CUTICULA INOX ENOX : EMPURRADOR DE CUTICULA INOX ENOX";"7897517907433";"71869"
"EMPANADOS SEARA TEKITOS 300G TRADICIONAL : EMPANADOS SEARA TEKITOS 300G";"7894904500116";"2009"
"EMPANADOS SEARA TEKITOS 300G QUEIJO/OREGANO : EMPANADOS SEARA TEKITOS 300G";"7894904577897";"2009"
"EMPANADOS SEARA TEKITOS 1KG TRADICIONAL : EMPANADOS SEARA TEKITOS 1KG";"7894904691005";"45684"
"EMPANADO SEARA RECHEADO 110G PRESUNTO/QUEIJO : EMPANADO SEARA RECHEADO 110G";"7894904689194";"39505"
"EMPANADO SEARA RECHEADO 110G LEVISSIMO/MUSS. : EMPANADO SEARA RECHEADO 110G";"7894904276066";"39505"
"EMPANADO SEARA RECHEADO 110G CHEDDAR E BACON : EMPANADO SEARA RECHEADO 110G";"7894904295579";"39505"
"EMPANADO SEARA INCRIVEL 300G 100% VEGETAL : EMPANADO SEARA INCRIVEL 300G";"7894904219636";"55107"
"EMPADA DE PALMITO PRE ASSADA KG : EMPADA DE PALMITO PRE ASSADA KG";"8448";"69067"
"EMPADA DE FRANGO PRE ASSADA KG : EMPADA DE FRANGO PRE ASSADA KG";"8447";"69066"
"ELIMINADOR DE ODORES SANOL DOG 2L CITRONELA : ELIMINADOR DE ODORES SANOL DOG 2L";"7896183301378";"364"
"ELIMINADOR DE ODORES PROCAO 2L FLORAL : ELIMINADOR DE ODORES PROCAO 2L";"7897520100487";"51129"
"DUREPOXI 100G : DUREPOXI 100G";"7891200008971";"234"
"DUPLA COPO CORACAO MIMO 250ML : DUPLA COPO CORACAO MIMO 250ML";"7908216112278";"67341"
"DUETO VAPOR FUGINI LATA 170G : DUETO VAPOR FUGINI LATA 170G";"7897517209414";"35946"
"DUETO PREDILECTA LATA 170G : DUETO PREDILECTA LATA 170G";"7896292348073";"17491"
"DUCHA LORENZETTI SHOWER ELETRO 220V 7500W : DUCHA LORENZETTI SHOWER ELETRO";"7896451879035";"67655"
"DUCHA LORENZETTI SHOWER ELETRO 127V 5500W : DUCHA LORENZETTI SHOWER ELETRO";"7896451880512";"67655"
"DS POTE DUO 360 C/TAMPA PLASUTIL REF. 15846 : DS POTE DUO 360 C/TAMPA PLASUTIL";"7899808850787";"67611"
"DS ORG. GIRE E TRAVE - 297 PLASUTIL : DS ORG. GIRE E TRAVE - 297 PLASUTIL";"7899808890998";"65415"
"DS GARRAFA PLASUTIL ABRE FACIL 1L REF. 14269 : DS GARRAFA PLASUTIL ABRE FACIL 1L";"7899808871058";"67614"
"DS FESTIVAL POTES DUO PLASUTIL REF. 13834 : DS FESTIVAL POTES DUO PLASUTIL";"7899808877258";"68265"
"DS FESTIVAL NEW YORK PLASUTIL 1L REF. 13836 : DS FESTIVAL NEW YORK PLASUTIL 1L";"7899808877234";"67092"
"DOSADOR MIMO DUPLO INOX AC1848 : DOSADOR MIMO DUPLO INOX AC1848";"7898618045666";"66983"
"DOPAMINA ENERGY DRINK 269ML EXTREME : DOPAMINA ENERGY DRINK 269ML";"7898915949698";"45612"
"DOPAMINA ENERGY DRINK 269ML : DOPAMINA ENERGY DRINK 269ML";"7898915949247";"45612"
"DONUTS NUTELLA KG : DONUTS NUTELLA KG";"7555";"61477"
"DOLCE GUSTO SENSACAO 10CP : DOLCE GUSTO SENSACAO 10CP";"7891000533871";"69933"
"DOLCE GUSTO PINGADO 10CP : DOLCE GUSTO PINGADO 10CP";"7891000158845";"69934"
"DOLCE GUSTO NESQUIK MORANGO 10CP : DOLCE GUSTO NESQUIK MORANGO 10CP";"7891000474495";"66906"
"DOLCE GUSTO NESCAU 10CP : DOLCE GUSTO NESCAU 10CP";"7891000243688";"50735"
"DOLCE GUSTO NESCAFE GOLD 10CP : DOLCE GUSTO NESCAFE GOLD 10CP";"7891000418659";"74543"
"DOLCE GUSTO MOCHACCINO CANELA 10CP : DOLCE GUSTO MOCHACCINO CANELA 10CP";"7891000294376";"55679"
"DOLCE GUSTO MOCHACCINO AVELA 10CP : DOLCE GUSTO MOCHACCINO AVELA 10CP";"7891000803370";"66909"
"DOLCE GUSTO MOCHA 10CP : DOLCE GUSTO MOCHA 10CP";"7891000814659";"23375"
"DOLCE GUSTO LUNGO 10CP : DOLCE GUSTO LUNGO 10CP";"7891000147238";"65709"
"DOLCE GUSTO LATTE MACCHIATO 10CP : DOLCE GUSTO LATTE MACCHIATO 10CP";"7891000951378";"29522"
"DOLCE GUSTO KOPENHAGEN LINGUA 10CP : DOLCE GUSTO KOPENHAGEN LINGUA 10CP";"7891000423523";"74761"
"DOLCE GUSTO KOPENHAGEN LAJOT. 10CP : DOLCE GUSTO KOPENHAGEN LAJOT. 10CP";"7891000423707";"74760"
"DOLCE GUSTO KIT KAT 10CP : DOLCE GUSTO KIT KAT 10CP";"7891000403587";"71886"
"DOLCE GUSTO GALAK 10CP : DOLCE GUSTO GALAK 10CP";"7891000260982";"66911"
"DOLCE GUSTO ESPRESSO INTENSO 10CP : DOLCE GUSTO ESPRESSO INTENSO 10CP";"7891000243725";"3438"
"DOLCE GUSTO DOPPIO ESPRESSO 10CP 2X CAFEINA : DOLCE GUSTO DOPPIO ESPRESSO 10CP";"7891000551615";"72361"
"DOLCE GUSTO CHOCOCINO ALPINO 10CP : DOLCE GUSTO CHOCOCINO ALPINO 10CP";"7891000803820";"59044"
"DOLCE GUSTO CHOCOCINO 10CP : DOLCE GUSTO CHOCOCINO 10CP";"7891000355886";"54196"
"DOLCE GUSTO CERRADO MINEIRO 10CP ESPRESSO : DOLCE GUSTO CERRADO MINEIRO 10CP";"7891000401583";"72362"
"DOLCE GUSTO CAPPUCCINO 10CP : DOLCE GUSTO CAPPUCCINO 10CP";"7891000291863";"54731"
"DOLCE GUSTO CAPPUC. DOCE LEITE 10CP : DOLCE GUSTO CAPPUC. DOCE LEITE 10CP";"7891000877456";"64425"
"DOLCE GUSTO CAFFE MATINAL 10CP 10 CAPSULAS : DOLCE GUSTO CAFFE MATINAL 10CP";"7891000621981";"51592"
"DOLCE GUSTO CAFE ESPRESSO 10CP : DOLCE GUSTO CAFE ESPRESSO 10CP";"7891000243787";"54194"
"DOLCE GUSTO CAFE CASEIRO 10CP : DOLCE GUSTO CAFE CASEIRO 10CP";"7891000302750";"65700"
"DOLCE GUSTO CAFE AU LAIT 10CP : DOLCE GUSTO CAFE AU LAIT 10CP";"7891000243954";"23376"
"DOLCE GUSTO BRASIL ORGANICO 10CP : DOLCE GUSTO BRASIL ORGANICO 10CP";"7891000452127";"51654"
"DOLCE GUSTO AU LAIT BAUNILHA 10CP : DOLCE GUSTO AU LAIT BAUNILHA 10CP";"7891000907573";"64960"
"DOCE PARA ENROLAR DR. OETKER 350G BRIGADEIRO : DOCE PARA ENROLAR DR. OETKER 350G";"7891048001943";"50769"
"DOCE PARA ENROLAR DR. OETKER 350G BEIJINHO : DOCE PARA ENROLAR DR. OETKER 350G";"7891048001950";"50769"
"DOCE LEITE TATITANIA VIDRO 680G PURO : DOCE LEITE TATITANIA VIDRO 680G";"7898022770109";"21513"
"DOCE LEITE TATITANIA VIDRO 680G GELEIA MORANGO : DOCE LEITE TATITANIA VIDRO 680G";"7898022770260";"21513"
"DOCE LEITE TATITANIA VIDRO 680G GELEIA AMEIXA : DOCE LEITE TATITANIA VIDRO 680G";"7898022770208";"21513"
"DOCE LEITE TATITANIA VIDRO 680G COCO : DOCE LEITE TATITANIA VIDRO 680G";"7898022770307";"21513"
"DOCE LEITE TATITANIA VIDRO 400G COM CAFE : DOCE LEITE TATITANIA VIDRO 400G";"7898022770468";"70880"
"DOCE LEITE TATITANIA DIET 400G : DOCE LEITE TATITANIA DIET 400G";"7898022770956";"66991"
"DOCE LEITE TATITANIA CUBOS 200G TRADICIONAL : DOCE LEITE TATITANIA CUBOS 200G";"7898022773810";"49484"
"DOCE LEITE TATITANIA CHOCOLATE 680G : DOCE LEITE TATITANIA CHOCOLATE 680G";"7898022770802";"66990"
"DOCE LEITE TATITANIA ARGENT 430G : DOCE LEITE TATITANIA ARGENT 430G";"7898022770451";"66989"
"DOCE LEITE TATITANIA 200G : DOCE LEITE TATITANIA 200G";"7898022773612";"70486"
"DOCE LEITE SABOR DE MINAS 500G  : DOCE LEITE SABOR DE MINAS 500G";"7896747800286";"727"
"DOCE LEITE QUERO MAIS BARRA 500G COM AMENDOIM : DOCE LEITE QUERO MAIS BARRA 500G";"7897785300530";"3857"
"DOCE LEITE QUERO MAIS 500G : DOCE LEITE QUERO MAIS 500G";"7897785300073";"18827"
"DOCE LEITE JUNCO 400G  : DOCE LEITE JUNCO 400G";"7896523158433";"49747"
"DOCE LEITE ITALAC 350G : DOCE LEITE ITALAC 350G";"7898080640765";"57166"
"DOCE LEITE IGUAL QUI NEM 135G SEM ACUCAR : DOCE LEITE IGUAL QUI NEM 135G";"7898952542289";"67745"
"DOCE LEITE FRIMESA 400G  : DOCE LEITE FRIMESA 400G";"7896275970857";"37715"
"DOCE LEITE DELICIAS DA ROCA 250G PINGADO : DOCE LEITE DELICIAS DA ROCA 250G";"7898254930050";"45736"
"DOCE LEITE COM NATA TATITANIA 400G VIDRO : DOCE LEITE COM NATA TATITANIA 400G";"7898022774718";"9332"
"DOCE LEITE CHOCOLATE. JUNCO 400G  : DOCE LEITE CHOCOLATE. JUNCO 400G";"7896523159959";"53579"
"DOCE LEITE AVIACAO POTE 400G TRADICIONAL : DOCE LEITE AVIACAO POTE 400G";"7896331100372";"34055"
"DOCE FIGO CALDA TATITANIA 650G : DOCE FIGO CALDA TATITANIA 650G";"7898022772806";"39261"
"DOCE FIGO CALDA TATIANIA DIET 400G : DOCE FIGO CALDA TATIANIA DIET 400G";"7898022772844";"51548"
"DOCE DE MOCOTO QUERO MAIS 350G TRADICIONAL : DOCE DE MOCOTO QUERO MAIS 350G";"7897785300950";"693"
"DOCE DE LEITE MINEIRO SCHMIDT 350G : DOCE DE LEITE MINEIRO SCHMIDT 350G";"7898371927001";"74045"
"DOCE DE AMENDOIM DUCAIPIRA 130G : DOCE DE AMENDOIM DUCAIPIRA 130G";"7896255585736";"53467"
"DOCE DE ABOBORA KG : DOCE DE ABOBORA KG";"1018";"5019"
"DOCE CENTENARIO KIDOCURA 120G  : DOCE CENTENARIO KIDOCURA 120G";"7896255500357";"934"
"DOCE BATATA DELICIAS DA ROCA 250G : DOCE BATATA DELICIAS DA ROCA 250G";"7898932025221";"49568"
"DOCE BANANA KIDOCURA S/ AC. 104G : DOCE BANANA KIDOCURA S/ AC. 104G";"7896255549103";"6701"
"DOCE BANANA CRIST. TATITANIA 200G : DOCE BANANA CRIST. TATITANIA 200G";"7898022773186";"51557"
"DOCE BANANA BANANINHA DE OURO 30G : DOCE BANANA BANANINHA DE OURO 30G";"7898961989020";"72576"
"DOCE BANANA BANANINHA DE OURO 23G ZERO ACUCAR : DOCE BANANA BANANINHA DE OURO 23G";"7898961989037";"72721"
"DOCE ABOBORA DIET TATITANIA 400G COCO : DOCE ABOBORA DIET TATITANIA 400G";"7898022771298";"51547"
"DOCE ABOBORA COCO TATITANIA 650G : DOCE ABOBORA COCO TATITANIA 650G";"7898022771205";"21512"
"DOCE ABOBORA COCO TATITANIA 200G : DOCE ABOBORA COCO TATITANIA 200G";"7898022771250";"70487"
"DOBRADINHA KG : DOBRADINHA KG";"57";"4640"
"DISQUETI DORI CHOCOLATE BRANCO 40G : DISQUETI DORI CHOCOLATE BRANCO 40G";"7896058593402";"43570"
"DISQUETI DORI CHOC. AO LEITE 40G : DISQUETI DORI CHOC. AO LEITE 40G";"7896058593365";"43571"
"DISQUETE DORI CHOCOLATE CONFEITOS 120G : DISQUETE DORI CHOCOLATE CONFEITOS";"7896058599435";"63312"
"DIFUSOR DE AROMAS COALA 100ML VANILLA : DIFUSOR DE AROMAS COALA 100ML";"7897744502579";"55041"
"DIFUSOR DE AROMAS COALA 100ML TUTTI-FRUTTI : DIFUSOR DE AROMAS COALA 100ML";"7897744502593";"55041"
"DIFUSOR DE AROMAS COALA 100ML TROPICAL : DIFUSOR DE AROMAS COALA 100ML";"7897744502562";"55041"
"DIFUSOR DE AROMAS COALA 100ML ORQUIDEA : DIFUSOR DE AROMAS COALA 100ML";"7897744504108";"55041"
"DIFUSOR DE AROMAS COALA 100ML LAVANDA : DIFUSOR DE AROMAS COALA 100ML";"7897744502586";"55041"
"DIFUSOR DE AROMAS COALA 100ML FLOR DE FIGO : DIFUSOR DE AROMAS COALA 100ML";"7897744503989";"55041"
"DIFUSOR DE AROMAS COALA 100ML FLOR DE CACTO : DIFUSOR DE AROMAS COALA 100ML";"7897744505617";"55041"
"DIFUSOR DE AROMAS COALA 100ML CHA BRANCO : DIFUSOR DE AROMAS COALA 100ML";"7897744504764";"55041"
"DIFUSOR DE AROMAS COALA 100ML CEREJA C/ AVELA : DIFUSOR DE AROMAS COALA 100ML";"7897744503972";"55041"
"DIFUSOR DE AROMAS COALA 100ML CAPIM LIMAO : DIFUSOR DE AROMAS COALA 100ML";"7897744503002";"55041"
"DIFUSOR DE AROMAS COALA 100ML BAMBU : DIFUSOR DE AROMAS COALA 100ML";"7897744504214";"55041"
"DIFUSOR DE AROMAS COALA 100ML AMEIXA DOURADA : DIFUSOR DE AROMAS COALA 100ML";"7897744505396";"55041"
"DETERGENTE EM PO UNIK 1KG BRISA DE LIMAO : DETERGENTE EM PO UNIK 1KG";"7896188600018";"11011"
"DESODORANTE STICK SECRET GEL 45G ORANGE BLOSSOM : DESODORANTE STICK SECRET GEL 45G";"7500435143875";"71334"
"DESODORANTE STICK SECRET GEL 45G LAVENDER : DESODORANTE STICK SECRET GEL 45G";"7500435129367";"71334"
"DESODORANTE STICK SECRET GEL 45G COTTON : DESODORANTE STICK SECRET GEL 45G";"7500435129374";"71334"
"DESODORANTE STICK SECRET GEL 45G BERRY : DESODORANTE STICK SECRET GEL 45G";"7500435170024";"71334"
"DESODORANTE REXONA ROLL ON WOM 50ML SEM PERFUME : DESODORANTE REXONA ROLL ON WOM 50ML";"78924383";"457"
"DESODORANTE REXONA ROLL ON WOM 50ML POWDER : DESODORANTE REXONA ROLL ON WOM 50ML";"78924338";"457"
"DESODORANTE REXONA ROLL ON WOM 50ML BAMBOO : DESODORANTE REXONA ROLL ON WOM 50ML";"78924345";"457"
"DESODORANTE REXONA ROLL ON WOM 50ML ANTIBAC+INVISI : DESODORANTE REXONA ROLL ON WOM 50ML";"75058845";"457"
"DESODORANTE REXONA ROLL ON WOM 50ML ACTIVE EMOTION : DESODORANTE REXONA ROLL ON WOM 50ML";"78926523";"457"
"DESODORANTE REXONA ROLL ON MEN 50ML V8 : DESODORANTE REXONA ROLL ON MEN 50ML";"78923454";"456"
"DESODORANTE REXONA ROLL ON MEN 50ML SEM PERFUME : DESODORANTE REXONA ROLL ON MEN 50ML";"78938625";"456"
"DESODORANTE REXONA ROLL ON MEN 50ML INVISIBLE : DESODORANTE REXONA ROLL ON MEN 50ML";"78925472";"456"
"DESODORANTE REXONA ROLL ON MEN 50ML ANTIBAC+INVISI : DESODORANTE REXONA ROLL ON MEN 50ML";"75058852";"456"
"DESODORANTE REXONA ROLL ON MEN 50ML ACTIVE : DESODORANTE REXONA ROLL ON MEN 50ML";"78923409";"456"
"DESODORANTE REXONA AEROSOL 250ML POWDER DRY : DESODORANTE REXONA AEROSOL 250ML";"7891150081253";"30751"
"DESODORANTE REXONA AEROSOL 250ML INVISIBLE : DESODORANTE REXONA AEROSOL 250ML";"7891150081277";"30751"
"DESODORANTE REXONA AEROSOL 250ML COTTON DRY : DESODORANTE REXONA AEROSOL 250ML";"7891150081260";"30751"
"DESODORANTE REXONA AEROSOL 250ML ANTIBACTERIAL : DESODORANTE REXONA AEROSOL 250ML";"7891150081284";"30751"
"DESODORANTE REXONA AERO WOMEN 90G. SEM PERFUME : DESODORANTE REXONA AERO WOMEN 90G.";"7791293032368";"16593"
"DESODORANTE REXONA AERO WOMEN 90G POWDER : DESODORANTE REXONA AERO WOMEN 90G";"7791293032436";"4662"
"DESODORANTE REXONA AERO WOMEN 90G INVISIBLE : DESODORANTE REXONA AERO WOMEN 90G";"7791293032481";"4662"
"DESODORANTE REXONA AERO WOMEN 90G FR. VERMELHAS : DESODORANTE REXONA AERO WOMEN 90G";"7891150064737";"4662"
"DESODORANTE REXONA AERO WOMEN 90G ERVA DOCE : DESODORANTE REXONA AERO WOMEN 90G";"7891150054653";"4662"
"DESODORANTE REXONA AERO WOMEN 90G EMOTION : DESODORANTE REXONA AERO WOMEN 90G";"7791293032443";"4662"
"DESODORANTE REXONA AERO WOMEN 90G COTTON DRY : DESODORANTE REXONA AERO WOMEN 90G";"7791293032467";"4662"
"DESODORANTE REXONA AERO WOMEN 90G BAMBOO/ALOE V. : DESODORANTE REXONA AERO WOMEN 90G";"7791293032498";"4662"
"DESODORANTE REXONA AERO WOMEN 90G ANTIBAC+INVISIB : DESODORANTE REXONA AERO WOMEN 90G";"7506306244177";"4662"
"DESODORANTE REXONA AERO MEN 87G XTRA COOL : DESODORANTE REXONA AERO MEN 87G";"7791293022581";"33278"
"DESODORANTE REXONA AERO MEN 87G V8 : DESODORANTE REXONA AERO MEN 87G";"7791293022567";"33278"
"DESODORANTE REXONA AERO MEN 87G SEM PERFUME : DESODORANTE REXONA AERO MEN 87G";"7891150055872";"33278"
"DESODORANTE REXONA AERO MEN 87G INVISIBLE : DESODORANTE REXONA AERO MEN 87G";"7791293022635";"33278"
"DESODORANTE REXONA AERO MEN 87G IMPACTO : DESODORANTE REXONA AERO MEN 87G";"7891150054646";"33278"
"DESODORANTE REXONA AERO MEN 87G ANTIBACTERIAL : DESODORANTE REXONA AERO MEN 87G";"7791293025537";"33278"
"DESODORANTE REXONA AERO MEN 87G ANTIBAC+INVISIB : DESODORANTE REXONA AERO MEN 87G";"7506306244184";"33278"
"DESODORANTE REXONA AERO MEN 87G ACTIVE : DESODORANTE REXONA AERO MEN 87G";"7791293022598";"33278"
"DESODORANTE REXONA AERO MEN 250ML V8 : DESODORANTE REXONA AERO MEN 250ML";"7891150081314";"60516"
"DESODORANTE REXONA AERO MEN 250ML INVISIBLE : DESODORANTE REXONA AERO MEN 250ML";"7891150081291";"60516"
"DESODORANTE REXONA AERO MEN 250ML ANTIBACTERIAL : DESODORANTE REXONA AERO MEN 250ML";"7891150081321";"60516"
"DESODORANTE REXONA AERO MEN 250ML ACTIVE DRY : DESODORANTE REXONA AERO MEN 250ML";"7891150081307";"60516"
"DESODORANTE PES AERO MOOD 150ML : DESODORANTE PES AERO MOOD 150ML";"7898567704492";"65994"
"DESODORANTE NIVEA ROLL ON MEN 50ML ORIG. PROTECT : DESODORANTE NIVEA ROLL ON MEN 50ML";"4005900398598";"488"
"DESODORANTE NIVEA ROLL ON MEN 50ML DRY IMPACT : DESODORANTE NIVEA ROLL ON MEN 50ML";"4005808257553";"488"
"DESODORANTE NIVEA ROLL ON MEN 50ML B&W POWER : DESODORANTE NIVEA ROLL ON MEN 50ML";"4005900036759";"488"
"DESODORANTE NIVEA ROLL ON FEM 50ML PROTECT & CARE : DESODORANTE NIVEA ROLL ON FEM 50ML";"4005900130785";"17067"
"DESODORANTE NIVEA ROLL ON FEM 50ML PEARL & BEAUTY : DESODORANTE NIVEA ROLL ON FEM 50ML";"4005808257669";"17067"
"DESODORANTE NIVEA ROLL ON FEM 50ML DRY COMFORT : DESODORANTE NIVEA ROLL ON FEM 50ML";"4005808257584";"17067"
"DESODORANTE NIVEA ROLL ON FEM 50ML B&W CLEAR : DESODORANTE NIVEA ROLL ON FEM 50ML";"4005900036704";"17067"
"DESODORANTE NIVEA DEOMILK 150ML SENSITIVE : DESODORANTE NIVEA DEOMILK 150ML";"4005900715814";"58880"
"DESODORANTE NIVEA AERO MEN 200ML POWER : DESODORANTE NIVEA AERO MEN 200ML";"4005900105080";"64740"
"DESODORANTE NIVEA AERO MEN 200ML ORIGINAL PROTEC : DESODORANTE NIVEA AERO MEN 200ML";"4006000010311";"64740"
"DESODORANTE NIVEA AERO MEN 200ML DRY IMPACT : DESODORANTE NIVEA AERO MEN 200ML";"4005900633309";"64740"
"DESODORANTE NIVEA AERO MEN 150ML. SENSITIVE PROT. : DESODORANTE NIVEA AERO MEN 150ML.";"7791969029807";"22307"
"DESODORANTE NIVEA AERO MEN 150ML. ORIG. PROTECT : DESODORANTE NIVEA AERO MEN 150ML.";"4005900396938";"22307"
"DESODORANTE NIVEA AERO MEN 150ML. DRY IMPACT : DESODORANTE NIVEA AERO MEN 150ML.";"7791969016029";"22307"
"DESODORANTE NIVEA AERO MEN 150ML. B&W INVISIBLE : DESODORANTE NIVEA AERO MEN 150ML.";"4005900036728";"22307"
"DESODORANTE NIVEA AERO MEN 150ML. B&W FRESH : DESODORANTE NIVEA AERO MEN 150ML.";"4005900449559";"22307"
"DESODORANTE NIVEA AERO MEN 150ML DEEP ORIGINAL : DESODORANTE NIVEA AERO MEN 150ML";"4005900707536";"54711"
"DESODORANTE NIVEA AERO MEN 150ML DEEP AMADEIRADO : DESODORANTE NIVEA AERO MEN 150ML";"4005900707543";"54711"
"DESODORANTE NIVEA AERO FEM. 200ML PROTECT CARE : DESODORANTE NIVEA AERO FEM. 200ML";"4005900705143";"16382"
"DESODORANTE NIVEA AERO FEM. 200ML PEARL & BEAUTY : DESODORANTE NIVEA AERO FEM. 200ML";"4006000010328";"16382"
"DESODORANTE NIVEA AERO FEM. 200ML DRY COMFORT : DESODORANTE NIVEA AERO FEM. 200ML";"4005900633293";"16382"
"DESODORANTE NIVEA AERO FEM. 200ML CLEAR : DESODORANTE NIVEA AERO FEM. 200ML";"4005900105073";"16382"
"DESODORANTE NIVEA AERO FEM 150ML SENSITIVE PURE : DESODORANTE NIVEA AERO FEM 150ML";"4005808662388";"481"
"DESODORANTE NIVEA AERO FEM 150ML PROTECT & CARE : DESODORANTE NIVEA AERO FEM 150ML";"4005900122186";"481"
"DESODORANTE NIVEA AERO FEM 150ML PEARL & BEAUTY : DESODORANTE NIVEA AERO FEM 150ML";"4005808837311";"481"
"DESODORANTE NIVEA AERO FEM 150ML MILK : DESODORANTE NIVEA AERO FEM 150ML";"4005900944283";"481"
"DESODORANTE NIVEA AERO FEM 150ML FRESH SENSATION : DESODORANTE NIVEA AERO FEM 150ML";"4006000015378";"481"
"DESODORANTE NIVEA AERO FEM 150ML FRESH NATURAL : DESODORANTE NIVEA AERO FEM 150ML";"7791969016012";"481"
"DESODORANTE NIVEA AERO FEM 150ML DRY COMFORT : DESODORANTE NIVEA AERO FEM 150ML";"7791969016036";"481"
"DESODORANTE NIVEA AERO FEM 150ML CLEAR SKIN : DESODORANTE NIVEA AERO FEM 150ML";"4005808631322";"481"
"DESODORANTE NIVEA AERO FEM 150ML BLACK PEARL BEA : DESODORANTE NIVEA AERO FEM 150ML";"4005900937520";"481"
"DESODORANTE NIVEA AERO FEM 150ML B&W FRESH : DESODORANTE NIVEA AERO FEM 150ML";"4005900429643";"481"
"DESODORANTE NIVEA AERO FEM 150ML B&W CLEAR : DESODORANTE NIVEA AERO FEM 150ML";"4005900036667";"481"
"DESODORANTE MONANGE ROLL ON 50ML SENSIVEL : DESODORANTE MONANGE ROLL ON 50ML";"7896235354390";"68595"
"DESODORANTE MONANGE ROLL ON 50ML HIDR. INTENSIVA : DESODORANTE MONANGE ROLL ON 50ML";"7896235354420";"68595"
"DESODORANTE MONANGE ROLL ON 50ML FR. VERMELHAS : DESODORANTE MONANGE ROLL ON 50ML";"7896235354413";"68595"
"DESODORANTE MONANGE ROLL ON 50ML FLOR DE LAVANDA : DESODORANTE MONANGE ROLL ON 50ML";"7896235354406";"68595"
"DESODORANTE MONANGE AEROSOL 90G. PROTECAO SECA : DESODORANTE MONANGE AEROSOL 90G.";"7896235353911";"45448"
"DESODORANTE MONANGE AEROSOL 90G. FR. VERMELHAS : DESODORANTE MONANGE AEROSOL 90G.";"7896094906785";"45448"
"DESODORANTE MONANGE AEROSOL 90G SEM PERFUME : DESODORANTE MONANGE AEROSOL 90G";"7896094981010";"29569"
"DESODORANTE MONANGE AEROSOL 90G INVISIVEL : DESODORANTE MONANGE AEROSOL 90G";"7898919411900";"29569"
"DESODORANTE MONANGE AEROSOL 90G FLOR DE LAVANDA : DESODORANTE MONANGE AEROSOL 90G";"7896094906778";"29569"
"DESODORANTE MONANGE AEROSOL 90G EXTR. DE OLIVA : DESODORANTE MONANGE AEROSOL 90G";"7896094906815";"29569"
"DESODORANTE MONANGE AEROSOL 90G ESPORTE : DESODORANTE MONANGE AEROSOL 90G";"7896235354208";"29569"
"DESODORANTE MONANGE AEROSOL 90G DETOX FRESH : DESODORANTE MONANGE AEROSOL 90G";"7896235353904";"29569"
"DESODORANTE MONANGE AEROSOL 200ML INVISEL : DESODORANTE MONANGE AEROSOL 200ML";"7896235354499";"72812"
"DESODORANTE MONANGE AEROSOL 200ML HIDR. INTENSIVA : DESODORANTE MONANGE AEROSOL 200ML";"7896235354475";"72812"
"DESODORANTE MONANGE AEROSOL 200ML FR. VERMELHAS : DESODORANTE MONANGE AEROSOL 200ML";"7896235354482";"72812"
"DESODORANTE INTIMO MOOD CARE 100ML : DESODORANTE INTIMO MOOD CARE 100ML";"7898567704508";"65995"
"DESODORANTE HYDRATTA AERO MEN 150ML POWER : DESODORANTE HYDRATTA AERO MEN 150ML";"7908324403886";"67958"
"DESODORANTE HYDRATTA AERO MEN 150ML INVISIBLE : DESODORANTE HYDRATTA AERO MEN 150ML";"7908324403909";"67958"
"DESODORANTE HYDRATTA AERO 150ML FRESH : DESODORANTE HYDRATTA AERO 150ML";"7908324403879";"67957"
"DESODORANTE HYDRATTA AERO 150ML ESSENCIAL : DESODORANTE HYDRATTA AERO 150ML";"7908324403855";"67957"
"DESODORANTE HYDRATTA AERO 150ML BEAUTY : DESODORANTE HYDRATTA AERO 150ML";"7908324403862";"67957"
"DESODORANTE HERBISSIMO CREME 55G TRADICIONAL : DESODORANTE HERBISSIMO CREME 55G";"7896049528512";"495"
"DESODORANTE HERBISSIMO CREME 55G TALCO : DESODORANTE HERBISSIMO CREME 55G";"7896049528536";"495"
"DESODORANTE HERBISSIMO CREME 55G SENSITIVE : DESODORANTE HERBISSIMO CREME 55G";"7896049528567";"495"
"DESODORANTE HERBISSIMO CREME 55G NEUTRO : DESODORANTE HERBISSIMO CREME 55G";"7896049528505";"495"
"DESODORANTE HERBISSIMO CREME 55G LAVANDA : DESODORANTE HERBISSIMO CREME 55G";"7896049528529";"495"
"DESODORANTE HERBISSIMO CREME 55G FRESH : DESODORANTE HERBISSIMO CREME 55G";"7896049528604";"495"
"DESODORANTE HERBISSIMO CREME 55G ACTION : DESODORANTE HERBISSIMO CREME 55G";"7896049528598";"495"
"DESODORANTE GIOVANNA BABY STICK 50G NEUTRAL : DESODORANTE GIOVANNA BABY STICK 50G";"7898663110036";"72712"
"DESODORANTE GILLETTE 45G COOL WAVE : DESODORANTE GILLETTE 45G";"7702018983742";"6126"
"DESODORANTE FRANCIS ROLL ON 50ML ROSAS VERSAIL. : DESODORANTE FRANCIS ROLL ON 50ML";"7908324401431";"67037"
"DESODORANTE FRANCIS ROLL ON 50ML CEREJEIRA : DESODORANTE FRANCIS ROLL ON 50ML";"7908324401455";"67037"
"DESODORANTE FRANCIS ROLL ON 50ML ACTIVE SPORT : DESODORANTE FRANCIS ROLL ON 50ML";"7896090404421";"67037"
"DESODORANTE FRANCIS MEN AERO 150ML ACTIVE SPORT : DESODORANTE FRANCIS MEN AERO 150ML";"7896090404384";"67036"
"DESODORANTE FRANCIS AERO 150ML YLANG YLANG INV : DESODORANTE FRANCIS AERO 150ML";"7896090401208";"50488"
"DESODORANTE FRANCIS AERO 150ML ROSA CHA : DESODORANTE FRANCIS AERO 150ML";"7896090401215";"50488"
"DESODORANTE DOVE WOMAN ROLL ON 50ML ROMA : DESODORANTE DOVE WOMAN ROLL ON 50ML";"78935068";"7530"
"DESODORANTE DOVE WOMAN ROLL ON 50ML ORIGINAL : DESODORANTE DOVE WOMAN ROLL ON 50ML";"78924468";"7530"
"DESODORANTE DOVE WOMAN ROLL ON 50ML INVISIBLE DRY : DESODORANTE DOVE WOMAN ROLL ON 50ML";"78924529";"7530"
"DESODORANTE DOVE STICK 45G POWDER : DESODORANTE DOVE STICK 45G";"79400500205";"72847"
"DESODORANTE DOVE STICK 45G ORIGINAL : DESODORANTE DOVE STICK 45G";"75062835";"72847"
"DESODORANTE DOVE STICK 45G FRESH : DESODORANTE DOVE STICK 45G";"79400500908";"72847"
"DESODORANTE DOVE MEN ROLL ON 50ML SEM PERFUME : DESODORANTE DOVE MEN ROLL ON 50ML";"78930780";"476"
"DESODORANTE DOVE MEN ROLL ON 50ML INVISIBLE DRY : DESODORANTE DOVE MEN ROLL ON 50ML";"78933354";"476"
"DESODORANTE DOVE MEN ROLL ON 50ML CLEAR COMFORT : DESODORANTE DOVE MEN ROLL ON 50ML";"78927254";"476"
"DESODORANTE DOVE CLINICAL 91G ORIGINAL CLEAN : DESODORANTE DOVE CLINICAL 91G";"7891150073098";"56459"
"DESODORANTE DOVE CLINICAL 91G MEN+CARE : DESODORANTE DOVE CLINICAL 91G";"7891150073081";"56459"
"DESODORANTE DOVE AEROSOL WOMAN 89G. ORIGINAL : DESODORANTE DOVE AEROSOL WOMAN 89G.";"7506306241183";"44793"
"DESODORANTE DOVE AEROSOL WOMAN 89G. INVISIBLE DRY : DESODORANTE DOVE AEROSOL WOMAN 89G.";"7506306241176";"44793"
"DESODORANTE DOVE AEROSOL WOMAN 89G. AMORA : DESODORANTE DOVE AEROSOL WOMAN 89G.";"7891150063747";"44793"
"DESODORANTE DOVE AEROSOL WOMAN 89G ROMA : DESODORANTE DOVE AEROSOL WOMAN 89G";"7791293033266";"44600"
"DESODORANTE DOVE AEROSOL WOMAN 89G PEPINO : DESODORANTE DOVE AEROSOL WOMAN 89G";"7506306241169";"44600"
"DESODORANTE DOVE AEROSOL WOMAN 89G BEAUTY FINISH : DESODORANTE DOVE AEROSOL WOMAN 89G";"7791293033235";"44600"
"DESODORANTE DOVE AERO WOMAN 250ML ORIGINAL : DESODORANTE DOVE AERO WOMAN 250ML";"7891150081239";"60617"
"DESODORANTE DOVE AERO MEN 89G. PROTECAO TOTAL : DESODORANTE DOVE AERO MEN 89G.";"7791293012087";"49984"
"DESODORANTE DOVE AERO MEN 89G. INVISIBLE DRY : DESODORANTE DOVE AERO MEN 89G.";"7791293022819";"49984"
"DESODORANTE DOVE AERO MEN 89G SEM PERFUME : DESODORANTE DOVE AERO MEN 89G";"7791293014838";"464"
"DESODORANTE DOVE AERO MEN 250ML CUIDADO TOTAL : DESODORANTE DOVE AERO MEN 250ML";"7891150081215";"60616"
"DESODORANTE BOZZANO AEROSOL 90G SEM PERFUME : DESODORANTE BOZZANO AEROSOL 90G";"7891350032406";"34814"
"DESODORANTE BOZZANO AEROSOL 90G INVISIBLE : DESODORANTE BOZZANO AEROSOL 90G";"7891350032970";"34814"
"DESODORANTE BOZZANO AEROSOL 90G EXTREME SPORT : DESODORANTE BOZZANO AEROSOL 90G";"7891350032857";"34814"
"DESODORANTE BOZZANO AEROSOL 90G DRY : DESODORANTE BOZZANO AEROSOL 90G";"7891350037791";"34814"
"DESODORANTE BOZZANO AEROSOL 90G CARVAO : DESODORANTE BOZZANO AEROSOL 90G";"7891350037807";"34814"
"DESODORANTE BOZZANO AEROSOL 90G ANTIBAC + FRESH : DESODORANTE BOZZANO AEROSOL 90G";"7891350032741";"34814"
"DESODORANTE BOZZANO AEROSOL 200ML INVISIBLE : DESODORANTE BOZZANO AEROSOL 200ML";"7891350041415";"72813"
"DESODORANTE BOZZANO AEROSOL 200ML EXTREME SPORT : DESODORANTE BOZZANO AEROSOL 200ML";"7891350041408";"72813"
"DESODORANTE BARLA JATO SECO 150ML : DESODORANTE BARLA JATO SECO 150ML";"7896806790657";"73760"
"DESODORANTE AXE BODY SPRAY 150ML DARK TEMPTATION : DESODORANTE AXE BODY SPRAY 150ML";"7791293025797";"38564"
"DESODORANTE AXE BODY SPRAY 150ML BLACK : DESODORANTE AXE BODY SPRAY 150ML";"7791293028781";"38564"
"DESODORANTE AXE BODY SPRAY 150ML APOLLO : DESODORANTE AXE BODY SPRAY 150ML";"7791293025780";"38564"
"DESODORANTE AXE AEROSOL 152ML URBAN : DESODORANTE AXE AEROSOL 152ML";"7506306233362";"38563"
"DESODORANTE AXE AEROSOL 152ML MUSK : DESODORANTE AXE AEROSOL 152ML";"7891150080973";"38563"
"DESODORANTE AXE AEROSOL 152ML MARINE : DESODORANTE AXE AEROSOL 152ML";"7891150080966";"38563"
"DESODORANTE AEROSOL OLD SPICE 90G VIP : DESODORANTE AEROSOL OLD SPICE 90G";"7506309872513";"38911"
"DESODORANTE AEROSOL OLD SPICE 90G PEGADOR : DESODORANTE AEROSOL OLD SPICE 90G";"7506339315967";"38911"
"DESODORANTE AEROSOL OLD SPICE 90G MATADOR : DESODORANTE AEROSOL OLD SPICE 90G";"7500435135078";"38911"
"DESODORANTE AEROSOL OLD SPICE 90G MAR PROFUNDO : DESODORANTE AEROSOL OLD SPICE 90G";"7500435141819";"38911"
"DESODORANTE AEROSOL OLD SPICE 90G LENHA : DESODORANTE AEROSOL OLD SPICE 90G";"7506339390315";"38911"
"DESODORANTE AEROSOL OLD SPICE 200ML VIP : DESODORANTE AEROSOL OLD SPICE 200ML";"7500435143233";"52944"
"DESODORANTE AEROSOL OLD SPICE 200ML LENHA : DESODORANTE AEROSOL OLD SPICE 200ML";"7500435143226";"52944"
"DESODORANTE AERO ADIDAS MASC 150ML PRO INVISIBLE : DESODORANTE AERO ADIDAS MASC 150ML";"7891350033915";"45600"
"DESODORANTE AERO ADIDAS FEM 150ML INVISIBLE : DESODORANTE AERO ADIDAS FEM 150ML";"7891350033908";"45601"
"DESODORANTE AERO ADIDAS FEM 150ML CONTROL : DESODORANTE AERO ADIDAS FEM 150ML";"7892940000010";"45601"
"DESODORANTE AERO ADIDAS FEM 150ML ADIPOWER : DESODORANTE AERO ADIDAS FEM 150ML";"7891350033076";"45601"
"DESOD. REXONA CLINICAL AERO 150ML SPORT : DESOD. REXONA CLINICAL AERO 150ML";"7891150068735";"51174"
"DESOD. REXONA CLINICAL AERO 150ML SEM PERFUME : DESOD. REXONA CLINICAL AERO 150ML";"7891150068728";"51174"
"DESOD. REXONA CLINICAL AERO 150ML EXTRA DRY : DESOD. REXONA CLINICAL AERO 150ML";"7891150064300";"51174"
"DESOD. REXONA CLINICAL AERO 150ML CLEAN : DESOD. REXONA CLINICAL AERO 150ML";"7506306214972";"51174"
"DESOD. REXONA CLINICAL AERO 150ML CLASSIC : DESOD. REXONA CLINICAL AERO 150ML";"7506306214989";"51174"
"DESOD INTIMO GIOVANNA BABY 100ML FRESH : DESOD INTIMO GIOVANNA BABY 100ML";"7898663111057";"72530"
"DESOD INTIMO GIOVANNA BABY 100ML CLASSIC : DESOD INTIMO GIOVANNA BABY 100ML";"7898663111033";"72530"
"DESOD GIOVANNA BABY YES 50ML JOY : DESOD GIOVANNA BABY YES 50ML";"7898663111422";"72527"
"DESOD GIOVANNA BABY YES 50ML HAPPY : DESOD GIOVANNA BABY YES 50ML";"7898663111415";"72527"
"DESOD GIOVANNA BABY YES 50ML FUN : DESOD GIOVANNA BABY YES 50ML";"7898663111408";"72527"
"DESOD GIOVANNA BABY MEN 50ML URBAN : DESOD GIOVANNA BABY MEN 50ML";"7896044995944";"50963"
"DESOD GIOVANNA BABY MEN 50ML SPORT ACQUA : DESOD GIOVANNA BABY MEN 50ML";"7896044900368";"50963"
"DESOD GIOVANNA BABY MEN 50ML SEM PERFUME : DESOD GIOVANNA BABY MEN 50ML";"7896044900740";"50963"
"DESOD GIOVANNA BABY MEN 50ML POWER : DESOD GIOVANNA BABY MEN 50ML";"7896044995937";"50963"
"DESOD GIOVANNA BABY MEN 50ML FRESH : DESOD GIOVANNA BABY MEN 50ML";"7896044995951";"50963"
"DESOD GIOVANNA BABY MEN 50ML ACTIVE : DESOD GIOVANNA BABY MEN 50ML";"7896044995968";"50963"
"DESOD GIOVANNA BABY MEN 150ML V8 : DESOD GIOVANNA BABY MEN 150ML";"7898663111071";"50690"
"DESOD GIOVANNA BABY MEN 150ML V12 : DESOD GIOVANNA BABY MEN 150ML";"7898663111088";"50690"
"DESOD GIOVANNA BABY MEN 150ML URBAN : DESOD GIOVANNA BABY MEN 150ML";"7896044994794";"50690"
"DESOD GIOVANNA BABY MEN 150ML SPORT ACQUA : DESOD GIOVANNA BABY MEN 150ML";"7896044900351";"50690"
"DESOD GIOVANNA BABY MEN 150ML POWER : DESOD GIOVANNA BABY MEN 150ML";"7896044994787";"50690"
"DESOD GIOVANNA BABY MEN 150ML FRESH : DESOD GIOVANNA BABY MEN 150ML";"7896044994800";"50690"
"DESOD GIOVANNA BABY MEN 150ML ACTIVE : DESOD GIOVANNA BABY MEN 150ML";"7896044994817";"50690"
"DESOD GIOVANNA BABY CREME 55G SEM PERFUME : DESOD GIOVANNA BABY CREME 55G";"7898663111453";"72526"
"DESOD GIOVANNA BABY CREME 55G ROSE : DESOD GIOVANNA BABY CREME 55G";"7898663111477";"72526"
"DESOD GIOVANNA BABY CREME 55G DOLCE VANILLA : DESOD GIOVANNA BABY CREME 55G";"7898663111460";"72526"
"DESOD GIOVANNA BABY CREME 55G CLASSIC : DESOD GIOVANNA BABY CREME 55G";"7898663111439";"72526"
"DESOD GIOVANNA BABY CREME 55G BLUE : DESOD GIOVANNA BABY CREME 55G";"7898663111446";"72526"
"DESOD GIOVANNA BABY 50ML ROSE : DESOD GIOVANNA BABY 50ML";"7896044901648";"36479"
"DESOD GIOVANNA BABY 50ML PEACH : DESOD GIOVANNA BABY 50ML";"7896044953517";"36479"
"DESOD GIOVANNA BABY 50ML LOVELY : DESOD GIOVANNA BABY 50ML";"7896044960089";"36479"
"DESOD GIOVANNA BABY 50ML LILAC : DESOD GIOVANNA BABY 50ML";"7896044942023";"36479"
"DESOD GIOVANNA BABY 50ML FANTASY : DESOD GIOVANNA BABY 50ML";"7896044960065";"36479"
"DESOD GIOVANNA BABY 50ML CLASSIC : DESOD GIOVANNA BABY 50ML";"7896044928515";"36479"
"DESOD GIOVANNA BABY 50ML CHERRY : DESOD GIOVANNA BABY 50ML";"7896044952817";"36479"
"DESOD GIOVANNA BABY 50ML CANDY : DESOD GIOVANNA BABY 50ML";"7896044953579";"36479"
"DESOD GIOVANNA BABY 50ML BLUEBERRY : DESOD GIOVANNA BABY 50ML";"7896044996811";"36479"
"DESOD GIOVANNA BABY 50ML BLUE : DESOD GIOVANNA BABY 50ML";"7896044928539";"36479"
"DESOD GIOVANNA BABY 50ML BLANC VANILLA : DESOD GIOVANNA BABY 50ML";"7896044995722";"36479"
"DESOD GIOVANNA BABY 50ML BEAUTY : DESOD GIOVANNA BABY 50ML";"7896044998846";"36479"
"DESOD GIOVANNA BABY 150ML ROSE : DESOD GIOVANNA BABY 150ML";"7896044901631";"31615"
"DESOD GIOVANNA BABY 150ML LILAC : DESOD GIOVANNA BABY 150ML";"7896044942009";"31615"
"DESOD GIOVANNA BABY 150ML CLASSIC : DESOD GIOVANNA BABY 150ML";"7896044936923";"31615"
"DESOD GIOVANNA BABY 150ML CHERRY : DESOD GIOVANNA BABY 150ML";"7896044952794";"31615"
"DESOD GIOVANNA BABY 150ML CANDY : DESOD GIOVANNA BABY 150ML";"7896044953562";"31615"
"DESOD GIOVANNA BABY 150ML BLUEBERRY : DESOD GIOVANNA BABY 150ML";"7896044996804";"31615"
"DESOD GIOVANNA BABY 150ML BLUE : DESOD GIOVANNA BABY 150ML";"7896044936916";"31615"
"DESOD GIOVANNA BABY 150ML BLAC VANILLA : DESOD GIOVANNA BABY 150ML";"7896044995739";"31615"
"DESOD GIOVANNA BABY 150ML BEAUTY : DESOD GIOVANNA BABY 150ML";"7896044998839";"31615"
"DESOD GIOVANNA BABY 0% 150ML CLASSIC : DESOD GIOVANNA BABY 0% 150ML";"7896044998723";"59446"
"DESOD GIOVANNA BABY 0% 150ML BLUE : DESOD GIOVANNA BABY 0% 150ML";"7896044998730";"59446"
"DESINGRIPANTE WHITE LUB 300 ML SUPER : DESINGRIPANTE WHITE LUB 300 ML";"7898314110118";"7682"
"DESINFETANTE YPE PINHO 1L TRADICAO : DESINFETANTE YPE PINHO 1L";"7896098903308";"62189"
"DESINFETANTE YPE PINHO 1L LAVANDA : DESINFETANTE YPE PINHO 1L";"7896098903315";"62189"
"DESINFETANTE YPE BAK 500ML EUCALIPTO : DESINFETANTE YPE BAK 500ML";"7896098903605";"7705"
"DESINFETANTE YPE BAK 2L LAVANDA : DESINFETANTE YPE BAK 2L";"7896098903698";"29999"
"DESINFETANTE YPE BAK 2L FLORAL : DESINFETANTE YPE BAK 2L";"7896098903681";"29999"
"DESINFETANTE YPE BAK 2L EUCALIPTO : DESINFETANTE YPE BAK 2L";"7896098903674";"29999"
"DESINFETANTE YPE BAK 1L LAVANDA : DESINFETANTE YPE BAK 1L";"7896098903551";"51458"
"DESINFETANTE YPE BAK 1L FLORAL : DESINFETANTE YPE BAK 1L";"7896098903544";"51458"
"DESINFETANTE YPE BAK 1L EUCALIPTO : DESINFETANTE YPE BAK 1L";"7896098903537";"51458"
"DESINFETANTE UAU ANTIBAC 2L LAVANDA E ROSAS : DESINFETANTE UAU ANTIBAC 2L";"7891242810266";"67168"
"DESINFETANTE UAU ANTIBAC 2L FLORES/FRUTAS : DESINFETANTE UAU ANTIBAC 2L";"7891242810181";"67168"
"DESINFETANTE UAU ANTIBAC 2L FLORES/FRESCOR : DESINFETANTE UAU ANTIBAC 2L";"7891242810204";"67168"
"DESINFETANTE UAU ANTIBAC 2L FLORES PRIMAV. : DESINFETANTE UAU ANTIBAC 2L";"7891242810242";"67168"
"DESINFETANTE TRIEX 5L LAVANDA : DESINFETANTE TRIEX 5L";"7896527701611";"35461"
"DESINFETANTE TRIEX 5L FLORAL : DESINFETANTE TRIEX 5L";"7896527701642";"35461"
"DESINFETANTE TRIEX 2L PERF. EUCALIPTO : DESINFETANTE TRIEX 2L";"7896527700355";"119"
"DESINFETANTE TRIEX 2L LAVANDAS CAMPO : DESINFETANTE TRIEX 2L";"7896527700386";"119"
"DESINFETANTE TRIEX 2L FLORES PRIMAV. : DESINFETANTE TRIEX 2L";"7896527700379";"119"
"DESINFETANTE TRIEX 2L AROMAS DA NOITE : DESINFETANTE TRIEX 2L";"7896527701185";"119"
"DESINFETANTE SANOL 2L ORIGINAL : DESINFETANTE SANOL 2L";"7896183300067";"7636"
"DESINFETANTE SANOL 2L LAVANDA : DESINFETANTE SANOL 2L";"7896183301019";"7636"
"DESINFETANTE SANOL 2L FLORAL : DESINFETANTE SANOL 2L";"7896183300173";"7636"
"DESINFETANTE SANOL 2L EUCALIPTO : DESINFETANTE SANOL 2L";"7896183300180";"7636"
"DESINFETANTE SANOL 2L CITRONELA : DESINFETANTE SANOL 2L";"7896183301545";"7636"
"DESINFETANTE RAJJA 2L LAVANDA : DESINFETANTE RAJJA 2L";"7898285310722";"22391"
"DESINFETANTE RAJJA 2L FLORAL : DESINFETANTE RAJJA 2L";"7898285310746";"22391"
"DESINFETANTE RAJJA 2L EUCALIPTO : DESINFETANTE RAJJA 2L";"7898285310739";"22391"
"DESINFETANTE POLITRIZ 3L MARINE : DESINFETANTE POLITRIZ 3L";"7898575690794";"71038"
"DESINFETANTE POLITRIZ 3L LAVANDA : DESINFETANTE POLITRIZ 3L";"7898575690800";"71038"
"DESINFETANTE POLITRIZ 3L GARDENIA : DESINFETANTE POLITRIZ 3L";"7898575690817";"71038"
"DESINFETANTE POLITRIZ 3L EUCALIPTO : DESINFETANTE POLITRIZ 3L";"7898575690787";"71038"
"DESINFETANTE PINHO TROP L1L P900ML TRADICIONAL : DESINFETANTE PINHO TROP L1L P900ML";"7891242161580";"49163"
"DESINFETANTE PINHO TROP L1L P900ML LAVANDA : DESINFETANTE PINHO TROP L1L P900ML";"7891242161597";"49163"
"DESINFETANTE PINHO SOL NATURALS 1L LAVANDA : DESINFETANTE PINHO SOL NATURALS 1L";"7509546662770";"57442"
"DESINFETANTE PINHO SOL L1L P900ML ORIGINAL : DESINFETANTE PINHO SOL L1L P900ML";"7891024194652";"22673"
"DESINFETANTE PINHO SOL 1L ORIGINAL : DESINFETANTE PINHO SOL 1L";"7891024194607";"16643"
"DESINFETANTE PINHO SOL 1,75L ORIGINAL : DESINFETANTE PINHO SOL 1,75L";"7891024040232";"49398"
"DESINFETANTE PINHO BRIL 1L SILVESTRE PLUS : DESINFETANTE PINHO BRIL 1L";"7891022080049";"7639"
"DESINFETANTE PINHO BRIL 1L CAMPOS LAVANDA : DESINFETANTE PINHO BRIL 1L";"7891022101096";"7639"
"DESINFETANTE PERFUMADO AZULIM 1L MARINER : DESINFETANTE PERFUMADO AZULIM 1L";"7897534826168";"7821"
"DESINFETANTE JOB 2L STILETO : DESINFETANTE JOB 2L";"7898024101376";"31264"
"DESINFETANTE JOB 2L LAVANDA : DESINFETANTE JOB 2L";"7898024100546";"31264"
"DESINFETANTE JOB 2L FLORES DO CAMPO : DESINFETANTE JOB 2L";"7898024100997";"31264"
"DESINFETANTE HORTIFR. UTILIS 300ML : DESINFETANTE HORTIFR. UTILIS 300ML";"7897744501176";"46413"
"DESINFETANTE FORCA BRUTA 1L SUAVE ODOR : DESINFETANTE FORCA BRUTA 1L";"7896183312787";"58346"
"DESINFETANTE FORCA BRUTA 1L ORIGINAL : DESINFETANTE FORCA BRUTA 1L";"7896183312770";"58346"
"DESINFETANTE CLASSIC PLUS PROCAO 2L CITRONELA : DESINFETANTE CLASSIC PLUS PROCAO 2L";"7897520009254";"36830"
"DESINFETANTE BUFALO 6,05L LAVANDA : DESINFETANTE BUFALO 6,05L";"7896097615455";"38349"
"DESINFETANTE BUFALO 2L OCEAN : DESINFETANTE BUFALO 2L";"7896097607351";"29236"
"DESINFETANTE BUFALO 2L LAVANDA LEAO : DESINFETANTE BUFALO 2L";"7896097602134";"29236"
"DESINFETANTE BUFALO 2L LAVANDA : DESINFETANTE BUFALO 2L";"7896097607238";"29236"
"DESINFETANTE BUFALO 2L JASMIM : DESINFETANTE BUFALO 2L";"7896097607221";"29236"
"DESINFETANTE BUFALO 2L FLORAL : DESINFETANTE BUFALO 2L";"7896097607320";"29236"
"DESINFETANTE BUFALO 2L EUCALIPTO : DESINFETANTE BUFALO 2L";"7896097607214";"29236"
"DESINFETANTE BATUTA 2L LAVANDA : DESINFETANTE BATUTA 2L";"7891242510036";"51076"
"DESINFETANTE BATUTA 2L FLORAL : DESINFETANTE BATUTA 2L";"7891242510012";"51076"
"DESENTUPIDOR PIA DIABO VERDE 300G : DESENTUPIDOR PIA DIABO VERDE 300G";"7896495000129";"4521"
"DESENTUPIDOR P/ FOGAO NEDO REF.70 : DESENTUPIDOR P/ FOGAO NEDO REF.70";"7896619800703";"4969"
"DESENTUPIDOR DE BORRACHA P/ PIA HB : DESENTUPIDOR DE BORRACHA P/ PIA HB";"7897004403035";"4415"
"DESENTOPE PIA SANTA MARIA : DESENTOPE PIA SANTA MARIA";"7896314708540";"45996"
"DESENTOPE LATRINA SANTA MARIA : DESENTOPE LATRINA SANTA MARIA";"7896314708557";"63303"
"DESENGRIPANTE MUNDIAL PRIME 321ML ANTICORROSIVO : DESENGRIPANTE MUNDIAL PRIME 321ML";"7898907527439";"65955"
"DESENGORDURANTE UAU GATILHO 500ML : DESENGORDURANTE UAU GATILHO 500ML";"7891242720022";"36897"
"DESENGORDURANTE UAU 500ML LIMAO : DESENGORDURANTE UAU 500ML";"7891242630512";"34584"
"DESENGORDURANTE TRIEX COZINHA 500ML : DESENGORDURANTE TRIEX COZINHA 500ML";"7896527702007";"41313"
"DESENGORDURANTE RAJJA GATILHO 500ML : DESENGORDURANTE RAJJA GATILHO 500ML";"7898285311125";"71101"
"DESENGORDURANTE COZINHA RAJJA 500ML : DESENGORDURANTE COZINHA RAJJA 500ML";"7898285310890";"53201"
"DESENGORDURANTE AZULIM 500ML LIMAO : DESENGORDURANTE AZULIM 500ML";"7897534819399";"34630"
"DESCASCADOR MULTIUSO HAUSKRAFT 13PC : DESCASCADOR MULTIUSO HAUSKRAFT 13PC";"7896980415117";"68260"
"DESCASCADOR E FATIADOR KEITA 5 EM 1 : DESCASCADOR E FATIADOR KEITA 5 EM 1";"7897839702402";"62591"
"DESCARBONIZANTE MUNDIAL PRIME 300ML SPRAY : DESCARBONIZANTE MUNDIAL PRIME 300ML";"7898915993226";"65944"
"DESCACADOR BATATA TRAMONTINA INOX : DESCACADOR BATATA TRAMONTINA INOX";"7891112106345";"54673"
"DELIKET JELLY BEANS DORI 150G : DELIKET JELLY BEANS DORI 150G";"7896058599961";"10013"
"DEFRIZANTE OX 200ML VITA GLOW : DEFRIZANTE OX 200ML";"7908324408645";"73306"
"DAMASCO EMBALADO KG : DAMASCO EMBALADO KG";"2047";"11667"
"DAMASCO DUNORTE 140G : DAMASCO DUNORTE 140G";"7896029601822";"72114"
"DAMASCO DOCE N1 KG : DAMASCO DOCE N1 KG";"3629";"3798"
"CUSCUZEIRO POL.14 FORT LAR 1,40L : CUSCUZEIRO POL.14 FORT LAR 1,40L";"7897174432897";"53062"
"CURAL DE MILHO KG : CURAL DE MILHO KG";"1118";"5989"
"CROISSANT PRESUNTO E QUEIJO KG : CROISSANT PRESUNTO E QUEIJO KG";"1687";"2971"
"CROISSANT GRESPAN UN PRESUNTO/QUEIJO : CROISSANT GRESPAN UN";"7768";"63141"
"CROISSANT GRESPAN UN FRANGO : CROISSANT GRESPAN UN";"7767";"63141"
"CROISSANT FRANGO KG : CROISSANT FRANGO KG";"1686";"2970"
"CROISSANT CHOCOLATE KG : CROISSANT CHOCOLATE KG";"4118";"32378"
"CROCK WRAP 180G TRADICIONAL : CROCK WRAP 180G";"7896296800447";"65854"
"CROCK WRAP 180G INTEGRAL : CROCK WRAP 180G";"7896296800454";"65854"
"CROCK PIZZA ORIGINAL 250G   : CROCK PIZZA ORIGINAL 250G";"7896296800126";"1972"
"CROCK PIZZA ORIGINAL 125G : CROCK PIZZA ORIGINAL 125G";"7896296800133";"1973"
"CROCK PIZZA INTEGRAL  250G  : CROCK PIZZA INTEGRAL 250G";"7896296800140";"1970"
"CRISTALIZADOR VIDROS MUNDIAL PRIME 100ML : CRISTALIZADOR VIDROS MUNDIAL PRIME";"7898907527415";"65985"
"CREME TRATAMENTO TRESEMME 400G TRESPLEX : CREME TRATAMENTO TRESEMME 400G";"7891150029583";"31621"
"CREME TRATAMENTO TRESEMME 400G RECONT E FORCA : CREME TRATAMENTO TRESEMME 400G";"7891150023321";"31621"
"CREME TRATAMENTO TRESEMME 400G HIDRAT PROFUNDA : CREME TRATAMENTO TRESEMME 400G";"7891150023338";"31621"
"CREME TRATAMENTO TRESEMME 400G BLINDAGEM : CREME TRATAMENTO TRESEMME 400G";"7891150041639";"31621"
"CREME TRATAMENTO SKALA 1KG POTAO DESMAIADO : CREME TRATAMENTO SKALA 1KG";"7897042012725";"4055"
"CREME TRATAMENTO SKALA 1KG OLEO DE COCO : CREME TRATAMENTO SKALA 1KG";"7897042010974";"4055"
"CREME TRATAMENTO SKALA 1KG OLEO DE ARGAN : CREME TRATAMENTO SKALA 1KG";"7897042010721";"4055"
"CREME TRATAMENTO SKALA 1KG MANTEIGA KARITE : CREME TRATAMENTO SKALA 1KG";"7897042004942";"4055"
"CREME TRATAMENTO SKALA 1KG MAIS CACHOS : CREME TRATAMENTO SKALA 1KG";"7897042012312";"4055"
"CREME TRATAMENTO SKALA 1KG MAIS CACHINHOS : CREME TRATAMENTO SKALA 1KG";"7897042017812";"4055"
"CREME TRATAMENTO SKALA 1KG COQUETEL FRUTAS : CREME TRATAMENTO SKALA 1KG";"7897042005024";"4055"
"CREME TRATAMENTO SKALA 1KG CERAMIDAS G3 : CREME TRATAMENTO SKALA 1KG";"7897042004904";"4055"
"CREME TRATAMENTO SKALA 1KG BOMBA VIT. SOS : CREME TRATAMENTO SKALA 1KG";"7897042012183";"4055"
"CREME TRATAMENTO SKALA 1KG BOMBA BANANA : CREME TRATAMENTO SKALA 1KG";"7897042012800";"4055"
"CREME TRATAMENTO SKALA 1KG BOMBA ABACATE : CREME TRATAMENTO SKALA 1KG";"7897042005048";"4055"
"CREME TRATAMENTO SKALA 1KG BABOSA : CREME TRATAMENTO SKALA 1KG";"7897042005062";"4055"
"CREME TRATAMENTO SKALA 1KG AMIDO DE MILHO : CREME TRATAMENTO SKALA 1KG";"7897042012732";"4055"
"CREME TRATAMENTO SKALA 1KG AMIDINHO MILHO : CREME TRATAMENTO SKALA 1KG";"7897042017805";"4055"
"CREME TRATAMENTO PANTENE 550ML COLAGENO : CREME TRATAMENTO PANTENE 550ML";"7500435197014";"62357"
"CREME TRATAMENTO PANTENE 270ML LISO EXTREMO : CREME TRATAMENTO PANTENE 270ML";"7500435142236";"4680"
"CREME TRATAMENTO PANTENE 270ML HIDRATACAO : CREME TRATAMENTO PANTENE 270ML";"7501007495712";"4680"
"CREME TRATAMENTO NOVEX RF 300G SUPER BABOSAO : CREME TRATAMENTO NOVEX RF 300G";"7896013505594";"73060"
"CREME TRATAMENTO NOVEX RF 300G OLEO DE COCO : CREME TRATAMENTO NOVEX RF 300G";"7896013505518";"73060"
"CREME TRATAMENTO NOVEX RF 300G INFUSAO COLAG. : CREME TRATAMENTO NOVEX RF 300G";"7896013505587";"73060"
"CREME TRATAMENTO NOVEX RF 300G DOCTOR RICINO : CREME TRATAMENTO NOVEX RF 300G";"7896013507116";"73060"
"CREME TRATAMENTO NOVEX RF 300G BROTO DE BAMBU : CREME TRATAMENTO NOVEX RF 300G";"7896013507109";"73060"
"CREME TRATAMENTO NOVEX RF 300G AZEITE DE OLIVA : CREME TRATAMENTO NOVEX RF 300G";"7896013507086";"73060"
"CREME TRATAMENTO NOVEX 1KG SUPER BABOSAO : CREME TRATAMENTO NOVEX 1KG";"7896013567097";"41435"
"CREME TRATAMENTO NOVEX 1KG SANTO BLACK : CREME TRATAMENTO NOVEX 1KG";"7896013558484";"41435"
"CREME TRATAMENTO NOVEX 1KG RITUAL DORAMA : CREME TRATAMENTO NOVEX 1KG";"7896013508533";"41435"
"CREME TRATAMENTO NOVEX 1KG OLEO DE COCO : CREME TRATAMENTO NOVEX 1KG";"7896013511656";"41435"
"CREME TRATAMENTO NOVEX 1KG OLEO DE ARGAN : CREME TRATAMENTO NOVEX 1KG";"7896013547808";"41435"
"CREME TRATAMENTO NOVEX 1KG MEUS CACHINHOS : CREME TRATAMENTO NOVEX 1KG";"7896013562290";"41435"
"CREME TRATAMENTO NOVEX 1KG CACHOS MAGICOS : CREME TRATAMENTO NOVEX 1KG";"7896013555681";"41435"
"CREME TRATAMENTO NOVEX 1KG AZEITE OLIVA : CREME TRATAMENTO NOVEX 1KG";"7896013539155";"41435"
"CREME TRATAMENTO NEUTROX 1KG NUTRE OLEOS : CREME TRATAMENTO NEUTROX 1KG";"7908324407600";"30290"
"CREME TRATAMENTO NEUTROX 1KG FORCA : CREME TRATAMENTO NEUTROX 1KG";"7908324407617";"30290"
"CREME TRATAMENTO NEUTROX 1KG CACHOS E ONDAS : CREME TRATAMENTO NEUTROX 1KG";"7908324407648";"30290"
"CREME TRATAMENTO ELSEVE NOT. 200ML. HIDR. HIALURON : CREME TRATAMENTO ELSEVE NOT. 200ML.";"7899706187541";"59002"
"CREME TRATAMENTO ELSEVE NOT. 200ML. CACHOS SONHOS : CREME TRATAMENTO ELSEVE NOT. 200ML.";"7899706197663";"59002"
"CREME TRATAMENTO ELSEVE HIALURONICO 300G : CREME TRATAMENTO ELSEVE HIALURONICO";"7899706244008";"65837"
"CREME TRATAMENTO ELSEVE 300G HIDR. HIALURON : CREME TRATAMENTO ELSEVE 300G";"7899706187480";"29518"
"CREME TRATAMENTO ELSEVE 300G GLYCOLIC GLOSS : CREME TRATAMENTO ELSEVE 300G";"7908615053127";"29518"
"CREME RICOTA TIROLEZ ZERO LAC. 150G : CREME RICOTA TIROLEZ ZERO LAC. 150G";"7896030520099";"55048"
"CREME RICOTA TIROLEZ LIGHT 200G  : CREME RICOTA TIROLEZ LIGHT 200G";"7896030519611";"33016"
"CREME RICOTA TIROLEZ 370G TRADICIONAL : CREME RICOTA TIROLEZ 370G";"7896030521676";"70222"
"CREME RICOTA TIROLEZ 370G LIGHT : CREME RICOTA TIROLEZ 370G";"7896030521683";"70222"
"CREME RICOTA TIROLEZ 200G  : CREME RICOTA TIROLEZ 200G";"7896030519628";"33015"
"CREME RICOTA GALBANI 200G TRAD : CREME RICOTA GALBANI 200G";"7891097105975";"69025"
"CREME RICOTA GALBANI 200G LIGHT : CREME RICOTA GALBANI 200G";"7891097105982";"69025"
"CREME PENTEAR VULT ULTRA 300ML CRESPOS : CREME PENTEAR VULT ULTRA 300ML";"7899852023595";"68720"
"CREME PENTEAR VULT 300ML RECONSTRUCAO : CREME PENTEAR VULT 300ML";"7899852025117";"68721"
"CREME PENTEAR VULT 300ML ONDULADOS : CREME PENTEAR VULT 300ML";"7899852023632";"68721"
"CREME PENTEAR VULT 300ML CACHOS : CREME PENTEAR VULT 300ML";"7899852023694";"68721"
"CREME PENTEAR TRESEMME 200ML HIDRAT PROFUNDA : CREME PENTEAR TRESEMME 200ML";"7891150058965";"48179"
"CREME PENTEAR SEDA JUNTINHOS 300ML TODOS T. CABELO : CREME PENTEAR SEDA JUNTINHOS 300ML";"7891150083639";"60071"
"CREME PENTEAR SEDA JUNTINHOS 300ML CRESPOS : CREME PENTEAR SEDA JUNTINHOS 300ML";"7891150083653";"60071"
"CREME PENTEAR SEDA JUNTINHOS 300ML CACHOS : CREME PENTEAR SEDA JUNTINHOS 300ML";"7891150083646";"60071"
"CREME PENTEAR SEDA BOOM 500ML HIDR. PROFUNDA : CREME PENTEAR SEDA BOOM 500ML";"7891150088573";"29835"
"CREME PENTEAR SEDA BOOM 350ML VOL. MAXIMO : CREME PENTEAR SEDA BOOM 350ML";"7891150088375";"63979"
"CREME PENTEAR SEDA BOOM 350ML MODELA ANTIFR : CREME PENTEAR SEDA BOOM 350ML";"7891150088368";"63979"
"CREME PENTEAR SEDA BOOM 350ML DEF. INTENSA : CREME PENTEAR SEDA BOOM 350ML";"7891150088399";"63979"
"CREME PENTEAR SEDA 300G TOQUE DE SEDA : CREME PENTEAR SEDA 300G";"7891150101593";"682"
"CREME PENTEAR SEDA 300G SOS CERAMIDAS : CREME PENTEAR SEDA 300G";"7891037144705";"682"
"CREME PENTEAR SEDA 300G PREBIOTICOS : CREME PENTEAR SEDA 300G";"7891150091436";"682"
"CREME PENTEAR SEDA 300G LUMINOUS UV : CREME PENTEAR SEDA 300G";"7891150099852";"682"
"CREME PENTEAR SEDA 300G LISO PERFEITO : CREME PENTEAR SEDA 300G";"7891037010048";"682"
"CREME PENTEAR SEDA 300G COLAGENO : CREME PENTEAR SEDA 300G";"7891150080102";"682"
"CREME PENTEAR SEDA 300G CACHOS COMPORT. : CREME PENTEAR SEDA 300G";"7891037000322";"682"
"CREME PENTEAR SEDA 300G BABOSA + OLEOS : CREME PENTEAR SEDA 300G";"7891150060883";"682"
"CREME PENTEAR PANTENE 240G LISO EXTREMO : CREME PENTEAR PANTENE 240G";"7506195167281";"17647"
"CREME PENTEAR PANTENE 240G HIDRAV CACHEADO : CREME PENTEAR PANTENE 240G";"7500435118507";"17647"
"CREME PENTEAR PANTENE 240G HIDRATACAO : CREME PENTEAR PANTENE 240G";"7500435118583";"17647"
"CREME PENTEAR PANTENE 240G BIOTINAMINA : CREME PENTEAR PANTENE 240G";"7500435248181";"17647"
"CREME PENTEAR PANTENE 240G BAMBU : CREME PENTEAR PANTENE 240G";"7500435154307";"17647"
"CREME PENTEAR NOVEX 1KG SUPER BABOSAO : CREME PENTEAR NOVEX 1KG";"7896013500568";"44616"
"CREME PENTEAR NOVEX 1KG CACHOS MAGICOS : CREME PENTEAR NOVEX 1KG";"7896013506683";"44616"
"CREME PENTEAR NIELY GOLD 250G CACHOS DEF. : CREME PENTEAR NIELY GOLD 250G";"7908615017273";"681"
"CREME PENTEAR NIELY GOLD 250G AGUA DE COCO : CREME PENTEAR NIELY GOLD 250G";"7899706170314";"681"
"CREME PENTEAR NEUTROX 300ML CACHOS E ONDAS : CREME PENTEAR NEUTROX 300ML";"7908324407525";"30288"
"CREME PENTEAR MONANGE 300G LISOS RADIANTES : CREME PENTEAR MONANGE 300G";"7898919412181";"29568"
"CREME PENTEAR MONANGE 300G HIDR. INTENSIVA : CREME PENTEAR MONANGE 300G";"7898919412204";"29568"
"CREME PENTEAR MONANGE 300G CACHOS PERF. : CREME PENTEAR MONANGE 300G";"7898919412174";"29568"
"CREME PENTEAR HUGGIES 360ML NUTRICAO : CREME PENTEAR HUGGIES 360ML";"7896018750883";"69921"
"CREME PENTEAR HUGGIES 360ML HIDRAT./BRILHO : CREME PENTEAR HUGGIES 360ML";"7896018750852";"69921"
"CREME PENTEAR ELSEVE 250ML REPARACAO TOTAL : CREME PENTEAR ELSEVE 250ML";"7899026420595";"635"
"CREME PENTEAR ELSEVE 250ML OLEO EXTRAORD. : CREME PENTEAR ELSEVE 250ML";"7899706111621";"635"
"CREME PENTEAR ELSEVE 250ML LONGO SONHOS : CREME PENTEAR ELSEVE 250ML";"7899706170895";"635"
"CREME PENTEAR ELSEVE 250ML HIDR. HIALURON : CREME PENTEAR ELSEVE 250ML";"7899706187466";"635"
"CREME PENTEAR ELSEVE 250ML GLYCOLIC GLOSS : CREME PENTEAR ELSEVE 250ML";"7908615059983";"635"
"CREME PENTEAR ELSEVE 250ML CACHOS/SONHOS : CREME PENTEAR ELSEVE 250ML";"7899706197502";"635"
"CREME PENTEAR DOVE 355ML CRESPO TEXT. : CREME PENTEAR DOVE 355ML";"7891150087293";"65282"
"CREME PENTEAR DOVE 355ML CACHEADO TEXT. : CREME PENTEAR DOVE 355ML";"7891150087286";"65282"
"CREME PENTEAR DOVE 200ML RECON. COMPLETA : CREME PENTEAR DOVE 200ML";"7891150094963";"7835"
"CREME OVOMALTINE CROCANTE 260G : CREME OVOMALTINE CROCANTE 260G";"7898331014420";"50840"
"CREME MODELADOR YELSEW 100G EXTRA FORTE : CREME MODELADOR YELSEW 100G";"7896858633346";"68091"
"CREME MODELADOR TEIA YELSEW 100G : CREME MODELADOR TEIA YELSEW 100G";"7896858633353";"68092"
"CREME MODELADOR P/ CABELOS TRIM 65G : CREME MODELADOR P/ CABELOS TRIM 65G";"7891037645653";"648"
"CREME MODELADOR MATTE YELSEW 100G : CREME MODELADOR MATTE YELSEW 100G";"7896858633339";"68093"
"CREME MINAS FRESCAL TIROLEZ 150G TRAD : CREME MINAS FRESCAL TIROLEZ 150G";"7896030521614";"67674"
"CREME MINAS FRESCAL TIROLEZ 150G LIGHT : CREME MINAS FRESCAL TIROLEZ 150G";"7896030521621";"67674"
"CREME LEITE ZERO LACT. PIRACANJUBA 200G : CREME LEITE ZERO LACT. PIRACANJUBA";"7898215151982";"37904"
"CREME LEITE UHT PIRACANJUBA 1,030KG : CREME LEITE UHT PIRACANJUBA 1,030KG";"7898215151883";"29476"
"CREME LEITE ITALAC ZERO LACT. 200G TP : CREME LEITE ITALAC ZERO LACT. 200G";"7898080641557";"47693"
"CREME FACIAL VULT REFRESCANTE 100G : CREME FACIAL VULT REFRESCANTE 100G";"7899852025339";"68592"
"CREME FACIAL VULT 100G UNIFORMIZADOR : CREME FACIAL VULT 100G";"7899852022833";"68591"
"CREME FACIAL VULT 100G NUTRITIVO : CREME FACIAL VULT 100G";"7899852020204";"68591"
"CREME FACIAL VULT 100G ANTISSINAIS : CREME FACIAL VULT 100G";"7899852020211";"68591"
"CREME FACIAL NIVEA NUTRITIVO 100G : CREME FACIAL NIVEA NUTRITIVO 100G";"42360407";"56485"
"CREME FACIAL NIVEA ANTISSINAIS 100G : CREME FACIAL NIVEA ANTISSINAIS 100G";"42360414";"58903"
"CREME DEPIL. NEORLY ROSAS 40G FACIAL : CREME DEPIL. NEORLY ROSAS 40G";"7898302722026";"69962"
"CREME DEPIL. NEORLY ROSAS 120G CORPORAL : CREME DEPIL. NEORLY ROSAS 120G";"7898302722095";"69961"
"CREME DEPIL. NEORLY ALOE VERA 120G CORPORAL : CREME DEPIL. NEORLY ALOE VERA 120G";"7898302722071";"69959"
"CREME DENTAL TANDY 50G UVA : CREME DENTAL TANDY 50G";"7891528038834";"506"
"CREME DENTAL TANDY 50G TUTTI FRUTTI : CREME DENTAL TANDY 50G";"7891528038827";"506"
"CREME DENTAL TANDY 50G MORANGO : CREME DENTAL TANDY 50G";"7891528038810";"506"
"CREME DENTAL SORRISO XTREME 120G FRESH MINT : CREME DENTAL SORRISO XTREME 120G";"7509546687247";"66913"
"CREME DENTAL SORRISO TRIPLA 70G LIMP COMP WHITE : CREME DENTAL SORRISO TRIPLA 70G";"7891528029498";"40052"
"CREME DENTAL SORRISO TRIPLA 120G LIMPEZA COMPL. : CREME DENTAL SORRISO TRIPLA 120G";"7509546667638";"57417"
"CREME DENTAL SORRISO HERBAL 120G SALVIA/EUCALIPT : CREME DENTAL SORRISO HERBAL 120G";"7509546678993";"62849"
"CREME DENTAL SORRISO DB 120G DENTES BRANCOS : CREME DENTAL SORRISO DB 120G";"7891528038049";"548"
"CREME DENTAL SORRISO CARVAO 90G 2UN : CREME DENTAL SORRISO CARVAO 90G 2UN";"7509546688176";"73772"
"CREME DENTAL SORRISO CARVAO 90G : CREME DENTAL SORRISO CARVAO 90G";"7509546675138";"60547"
"CREME DENTAL SORRISO 2EM1 120G : CREME DENTAL SORRISO 2EM1 120G";"7509546680712";"63697"
"CREME DENTAL SENSODYNE BRANQUEADOR EXT FRESH 50G : CREME DENTAL SENSODYNE BRANQUEADOR";"7896015519223";"531"
"CREME DENTAL SENSODYNE 90G PROT. COMPLETA : CREME DENTAL SENSODYNE 90G";"7896009498107";"40896"
"CREME DENTAL SENSODYNE 90G LIMP PROFUNDA : CREME DENTAL SENSODYNE 90G";"7896015591106";"40896"
"CREME DENTAL SENSODYNE 50G RAPIDO ALIVIO : CREME DENTAL SENSODYNE 50G";"7896015528294";"529"
"CREME DENTAL SENSODYNE 50G ORIGINAL : CREME DENTAL SENSODYNE 50G";"7896009400049";"529"
"CREME DENTAL ORAL-B KIDS 50G SPIDERMAN : CREME DENTAL ORAL-B KIDS 50G";"7500435145152";"47704"
"CREME DENTAL ORAL-B KIDS 50G PRINCESAS : CREME DENTAL ORAL-B KIDS 50G";"7500435137737";"47704"
"CREME DENTAL ORAL-B KIDS 50G MICKEY : CREME DENTAL ORAL-B KIDS 50G";"7500435127363";"47704"
"CREME DENTAL ORAL-B EXT. FRESH 70G EXTRA FRESH : CREME DENTAL ORAL-B EXT. FRESH 70G";"7500435150309";"56295"
"CREME DENTAL ORAL-B EXT. BRANCO 70G EXTRA BRANCO : CREME DENTAL ORAL-B EXT. BRANCO 70G";"7500435150248";"56294"
"CREME DENTAL ORAL-B 4 EM 1 70G : CREME DENTAL ORAL-B 4 EM 1 70G";"7500435122764";"48192"
"CREME DENTAL ORAL-B 3D WHITE 70G BRILLIANT FRESH : CREME DENTAL ORAL-B 3D WHITE 70G";"7506295388487";"30072"
"CREME DENTAL ORAL-B 3D WHITE 140G WHITE : CREME DENTAL ORAL-B 3D WHITE 140G";"7500435177054";"30071"
"CREME DENTAL ORAL-B 3D WHITE 102G MINERAL CLEAN : CREME DENTAL ORAL-B 3D WHITE 102G";"7500435147194";"54619"
"CREME DENTAL ORAL-B 123 70G : CREME DENTAL ORAL-B 123 70G";"7506339363883";"40418"
"CREME DENTAL ORAL-B 100% 70G MENTA REFRESC. : CREME DENTAL ORAL-B 100% 70G";"7500435153164";"55308"
"CREME DENTAL CONDOR BABY 0-2 50G SNOOPY : CREME DENTAL CONDOR BABY 0-2 50G";"7891055538814";"43842"
"CREME DENTAL CONDOR BABY 0-2 50G GAL. PINTADINHA : CREME DENTAL CONDOR BABY 0-2 50G";"7891055538517";"43842"
"CREME DENTAL COLGATE TRIPLA ACAO 180G- PRECO ESP : CREME DENTAL COLGATE TRIPLA ACAO";"7891024037973";"50200"
"CREME DENTAL COLGATE TRIP ACAO 90G ORIGINAL : CREME DENTAL COLGATE TRIP ACAO 90G";"7891024132005";"545"
"CREME DENTAL COLGATE TRIP ACAO 90G HORTELA : CREME DENTAL COLGATE TRIP ACAO 90G";"7891024132128";"545"
"CREME DENTAL COLGATE TRIP ACAO 70G XTRA WHITE : CREME DENTAL COLGATE TRIP ACAO 70G";"7891024034200";"46713"
"CREME DENTAL COLGATE TRIP ACAO 70G XTRA FRESH : CREME DENTAL COLGATE TRIP ACAO 70G";"7891024036839";"46713"
"CREME DENTAL COLGATE TRIP ACAO 180G MENTA ORIGINAL : CREME DENTAL COLGATE TRIP ACAO 180G";"7891024132371";"45971"
"CREME DENTAL COLGATE TRIP ACAO 120G XTRA WHITE : CREME DENTAL COLGATE TRIP ACAO 120G";"7509546659381";"57587"
"CREME DENTAL COLGATE TOTAL 12 90G WHITENING : CREME DENTAL COLGATE TOTAL 12 90G";"7891024135020";"534"
"CREME DENTAL COLGATE TOTAL 12 90G CLEAN MINT : CREME DENTAL COLGATE TOTAL 12 90G";"7793100111143";"534"
"CREME DENTAL COLGATE TOTAL 12 90G CARVAO ATIVADO : CREME DENTAL COLGATE TOTAL 12 90G";"7509546686042";"534"
"CREME DENTAL COLGATE TOTAL 12 90G ANTI TARTARO : CREME DENTAL COLGATE TOTAL 12 90G";"7509546654034";"534"
"CREME DENTAL COLGATE TOTAL 12 90G ADVANCED FRESH : CREME DENTAL COLGATE TOTAL 12 90G";"7891024135310";"534"
"CREME DENTAL COLGATE TOTAL 12 180G WHITENING : CREME DENTAL COLGATE TOTAL 12 180G";"7509546670744";"539"
"CREME DENTAL COLGATE TOTAL 12 180G GENGIVA REFORC. : CREME DENTAL COLGATE TOTAL 12 180G";"7509546668062";"539"
"CREME DENTAL COLGATE TOTAL 12 180G CLEAN MINT : CREME DENTAL COLGATE TOTAL 12 180G";"7891024111130";"539"
"CREME DENTAL COLGATE TOTAL 12 180G CARVAO ATIVADO : CREME DENTAL COLGATE TOTAL 12 180G";"7509546686028";"539"
"CREME DENTAL COLGATE TOTAL 12 180G ANTI-TARTARO : CREME DENTAL COLGATE TOTAL 12 180G";"7509546657738";"539"
"CREME DENTAL COLGATE TOTAL 12 - 3UN GENG. REFORCAD : CREME DENTAL COLGATE TOTAL 12 - 3UN";"7509546673288";"56411"
"CREME DENTAL COLGATE TOTAL 12 - 3UN CLEAN MINT : CREME DENTAL COLGATE TOTAL 12 - 3UN";"7509546663012";"56411"
"CREME DENTAL COLGATE TOTAL 12 - 3UN ANTI TARTARO : CREME DENTAL COLGATE TOTAL 12 - 3UN";"7509546660226";"56411"
"CREME DENTAL COLGATE SENSITIVE 90G PRO-ALIVIO IMED : CREME DENTAL COLGATE SENSITIVE 90G";"7509546671550";"51434"
"CREME DENTAL COLGATE SENSITIVE 90G PRO ALIVIO EXTR : CREME DENTAL COLGATE SENSITIVE 90G";"7509546687858";"51434"
"CREME DENTAL COLGATE SENSITIVE 90G ORIGINAL : CREME DENTAL COLGATE SENSITIVE 90G";"7891024041611";"51434"
"CREME DENTAL COLGATE SENSITIVE 90G BRANQUEADOR : CREME DENTAL COLGATE SENSITIVE 90G";"7891024041628";"51434"
"CREME DENTAL COLGATE SENSITIVE 140G PRO ALIVIO EXT : CREME DENTAL COLGATE SENSITIVE 140G";"7509546688022";"66920"
"CREME DENTAL COLGATE SENSITIVE 110G PRO ALIVIO : CREME DENTAL COLGATE SENSITIVE 110G";"7891024132647";"31328"
"CREME DENTAL COLGATE PREVENT 90G ANTI PLACA : CREME DENTAL COLGATE PREVENT 90G";"7891528038704";"9165"
"CREME DENTAL COLGATE NEUTRAC. L3P2 70G : CREME DENTAL COLGATE NEUTRAC. L3P2";"7891024032732";"38177"
"CREME DENTAL COLGATE NAT. EXTR. 90G PURIFICANTE : CREME DENTAL COLGATE NAT. EXTR. 90G";"6920354824395";"49910"
"CREME DENTAL COLGATE NAT. EXTR. 90G DETOX : CREME DENTAL COLGATE NAT. EXTR. 90G";"6920354822223";"49910"
"CREME DENTAL COLGATE NAT. EXTR. 90G DEFESA REFORC. : CREME DENTAL COLGATE NAT. EXTR. 90G";"6920354822193";"49910"
"CREME DENTAL COLGATE MPA 90G : CREME DENTAL COLGATE MPA 90G";"7891024134702";"543"
"CREME DENTAL COLGATE MPA 50G : CREME DENTAL COLGATE MPA 50G";"7891024132906";"9159"
"CREME DENTAL COLGATE MPA 180G : CREME DENTAL COLGATE MPA 180G";"7891024134610";"540"
"CREME DENTAL COLGATE MPA 120G : CREME DENTAL COLGATE MPA 120G";"7509546687926";"66905"
"CREME DENTAL COLGATE MAXIMA PR. 70G NEUTRACUCAR : CREME DENTAL COLGATE MAXIMA PR. 70G";"7891024028353";"37657"
"CREME DENTAL COLGATE LUMINOUS GLOW 70G : CREME DENTAL COLGATE LUMINOUS GLOW";"7509546676258";"66188"
"CREME DENTAL COLGATE LUMINOUS 70G CARVAO ATIVADO : CREME DENTAL COLGATE LUMINOUS W 70G";"7509546651040";"41200"
"CREME DENTAL COLGATE LUMINOUS 70G BRILLIANT WHITE : CREME DENTAL COLGATE LUMINOUS W 70G";"7891024030820";"41200"
"CREME DENTAL COLGATE LUMINOUS 3UN CARVAO ATIVADO : CREME DENTAL COLGATE LUMINOUS 3UN";"7509546679600";"65041"
"CREME DENTAL COLGATE LUMINOUS 140G CARVAO ATIVADO : CREME DENTAL COLGATE LUMINOUS 140G";"7509546665306";"57565"
"CREME DENTAL COLGATE 70G 3UN XTRA WHITE : CREME DENTAL COLGATE 70G 3UN";"7509546696034";"73776"
"CREME DENTAL CLOSE UP TRIPLE 70G MENTA AMERICANA : CREME DENTAL CLOSE UP TRIPLE 70G";"7891150049871";"44603"
"CREME DENTAL CLOSE UP TRIPLE 70G MENTA : CREME DENTAL CLOSE UP TRIPLE 70G";"7891150049895";"44603"
"CREME DENTAL CLOSE UP TRIPLE 70G HORTELA : CREME DENTAL CLOSE UP TRIPLE 70G";"7891150049888";"44603"
"CREME DENTAL CLOSE UP TRIPLE 150G MENTA : CREME DENTAL CLOSE UP TRIPLE 150G";"7891150063617";"60654"
"CREME DENTAL CLOSE UP MULTIVIT. 85G WHITE : CREME DENTAL CLOSE UP MULTIVIT. 85G";"7891150088351";"57905"
"CREME DENTAL CLOSE UP MULTIVIT. 85G FRESH : CREME DENTAL CLOSE UP MULTIVIT. 85G";"7891150088344";"57905"
"CREME DENTAL CLOSE UP GEL 90G RED HOT : CREME DENTAL CLOSE UP GEL 90G";"7891037744356";"551"
"CREME DENTAL CLOSE UP GEL 90G MENT. PARADISE : CREME DENTAL CLOSE UP GEL 90G";"7891037744257";"551"
"CREME DENTAL CLOSE UP BIOATIVA 70G ANTI-CARIES : CREME DENTAL CLOSE UP BIOATIVA 70G";"7891150055780";"47604"
"CREME DENTAL CLOSE UP BIOATIVA 70G : CREME DENTAL CLOSE UP BIOATIVA 70G";"7891150058446";"47604"
"CREME DENTAL CLOSE UP BIOATIVA 150G ANTICARIES : CREME DENTAL CLOSE UP BIOATIVA 150G";"7891150084810";"60681"
"CREME DENTAL CLOSE UP 90G. DENTES+BRANCOS : CREME DENTAL CLOSE UP 90G.";"7898422744335";"7914"
"CREME DENTAL CLOSE UP 85G PODER ANTIBAC : CREME DENTAL CLOSE UP 85G";"7891150078543";"67887"
"CREME DENTAL CLOSE UP 130G DENTES+BRANCOS : CREME DENTAL CLOSE UP 130G";"7891150086210";"62169"
"CREME DENTAL BAMBINOS 6+ CONDOR 50G LILICA : CREME DENTAL BAMBINOS 6+ CONDOR 50G";"7891055538012";"46924"
"CREME DENTAL BAMBINOS 6+ CONDOR 50G HOT WHEELS : CREME DENTAL BAMBINOS 6+ CONDOR 50G";"7891055538111";"46924"
"CREME DENTAL BAMBINOS 2+ CONDOR 50G HOT WHEELS : CREME DENTAL BAMBINOS 2+ CONDOR 50G";"7891055538319";"46925"
"CREME DE TRATAMENTO NEUTROX 300G NUTRE OLEOS : CREME DE TRATAMENTO NEUTROX 300G";"7908324408249";"73326"
"CREME DE TRATAMENTO DOVE 250G BOND INTENSE : CREME DE TRATAMENTO DOVE 250G";"7891150095557";"69953"
"CREME DE TRAT. ELSEVE 3 EM 1 500G CACHOS SONHOS : CREME DE TRAT. ELSEVE 3 EM 1 500G";"7899706197526";"63244"
"CREME DE MILHO KG : CREME DE MILHO KG";"1918";"5022"
"CREME DE LEITE UHT PIRACANJUBA 200G TP : CREME DE LEITE UHT PIRACANJUBA 200G";"7898215151784";"29302"
"CREME DE LEITE NESTLE TP 200G : CREME DE LEITE NESTLE TP 200G";"7891000126905";"867"
"CREME DE LEITE NESTLE LATA 300G : CREME DE LEITE NESTLE LATA 300G";"7891000120101";"856"
"CREME DE LEITE ITAMBE TP 200G : CREME DE LEITE ITAMBE TP 200G";"7896051114024";"868"
"CREME DE LEITE ITAMBE LATA 300G : CREME DE LEITE ITAMBE LATA 300G";"7896051114086";"855"
"CREME DE LEITE ITALAC TP 200G : CREME DE LEITE ITALAC TP 200G";"7898080640222";"11731"
"CREME DE LEITE GOURMET PIRACANJUBA UHT 200G : CREME DE LEITE GOURMET PIRACANJUBA";"7898215151975";"37903"
"CREME DE LEITE FRESCO FAZENDA 500G : CREME DE LEITE FRESCO FAZENDA 500G";"7896229800087";"55288"
"CREME DE CEBOLA VONO CHEF 58G : CREME DE CEBOLA VONO CHEF 58G";"7891132009626";"40757"
"CREME DE CEBOLA SIAMAR 65G : CREME DE CEBOLA SIAMAR 65G";"7896069572229";"11730"
"CREME DE CEBOLA MAGGI 61G QUEIJO : CREME DE CEBOLA MAGGI 61G";"7891000303559";"55482"
"CREME DE CEBOLA AJINOMOTO 1KG : CREME DE CEBOLA AJINOMOTO 1KG";"7891132001651";"9431"
"CREME DE BARBEAR NIVEA 65G SENSITIVE : CREME DE BARBEAR NIVEA 65G";"4005900328472";"16375"
"CREME DE BARBEAR NIVEA 65G ORIGINALS : CREME DE BARBEAR NIVEA 65G";"4005900328465";"16375"
"CREME DE BARBEAR BOZZANO 65G PELE SENSIVEL : CREME DE BARBEAR BOZZANO 65G";"7891350011623";"479"
"CREME DE BARBEAR BOZZANO 65G MENTOLADO : CREME DE BARBEAR BOZZANO 65G";"7891350002409";"479"
"CREME DE BARBEAR BOZZANO 65G HIDRATACAO : CREME DE BARBEAR BOZZANO 65G";"7891350011043";"479"
"CREME DE AVEIA SEM GLUTEN NUDE 200G : CREME DE AVEIA SEM GLUTEN NUDE 200G";"7898994939788";"68194"
"CREME CULINARIO VEG. CREMERIA 200G : CREME CULINARIO VEG. CREMERIA 200G";"7898692300453";"70990"
"CREME CEBOLA VONO CHEF MEN SOD 58G : CREME CEBOLA VONO CHEF MEN SOD 58G";"7891132083039";"62935"
"CREME CABELO BOZZANO 140G : CREME CABELO BOZZANO 140G";"7891350036701";"67000"
"CREME ASSADURAS HUGGIES 80G SUPREME CARE : CREME ASSADURAS HUGGIES 80G";"7896018704152";"35697"
"CREME ASSADURAS HUGGIES 30G SUPREME CARE : CREME ASSADURAS HUGGIES 30G";"7896018704916";"69920"
"CREME ASSADURAS BARUEL BABY 45G : CREME ASSADURAS BARUEL BABY 45G";"7896020162841";"525"
"CREME AMENDOAS ALMOND BREEZE 200G : CREME AMENDOAS ALMOND BREEZE 200G";"7898215157700";"58720"
"CREATINA PURA PROBIOTICA POTE 300G : CREATINA PURA PROBIOTICA POTE 300G";"7896438200906";"70805"
"CRAVO ZILIO 10G : CRAVO ZILIO 10G";"7896280400462";"3633"
"CRAVO DA INDIA SIAMAR 10G : CRAVO DA INDIA SIAMAR 10G";"7896069547401";"1454"
"CRAVO DA INDIA EM PO SIAMAR 20G : CRAVO DA INDIA EM PO SIAMAR 20G";"7896069570287";"1448"
"COXINHA PRE FRITA PIZZAOLA 500G : COXINHA PRE FRITA PIZZAOLA 500G";"7897206800694";"56315"
"COXINHA DE CHURROS COM MORANGO KG : COXINHA DE CHURROS COM MORANGO KG";"6762";"54450"
"COXINHA DE BRIGADEIRO C/ MORANGO KG : COXINHA DE BRIGADEIRO C/ MORANGO KG";"6681";"53476"
"COXINHA ASA TEMPERADA KG : COXINHA ASA TEMPERADA KG";"54";"24959"
"COXINHA ASA SADIA PACOTE 1KG  : COXINHA ASA SADIA PACOTE 1KG";"7893000488878";"5421"
"COXINHA ASA NUTRIBEM TEMPERADA 1KG  : COXINHA ASA NUTRIBEM TEMPERADA 1KG";"7898905837479";"53017"
"COXINHA ASA COPACOL TEMPERADA 1KG SABOR CASEIRO : COXINHA ASA COPACOL TEMPERADA 1KG";"7891527057911";"31470"
"COXINHA ASA COPACOL IQF 800G : COXINHA ASA COPACOL IQF 800G";"7891527962253";"31472"
"COXINHA ASA ASSADA KG : COXINHA ASA ASSADA KG";"8671";"72218"
"COXINHA ASA AIR FRYER SEARA 900G : COXINHA ASA AIR FRYER SEARA 900G";"7894904293155";"74860"
"COXAS FRANGO RECHEADA KG  : COXAS FRANGO RECHEADA KG";"51";"5463"
"COXAO MOLE ANGUS KG : COXAO MOLE ANGUS KG";"6942";"56283"
"COXAO DURO ANGUS KG : COXAO DURO ANGUS KG";"4650";"35257"
"COXA/SOBRECOXA ASSADA KG  : COXA/SOBRECOXA ASSADA KG";"348";"7479"
"COXA/SOBREC TEMP. GONZALEZ 1KG SEM OSSO : COXA/SOBREC TEMP. GONZALEZ 1KG";"7898947146249";"67930"
"COXA/SOBREC PASSARINHO COPACOL 800G : COXA/SOBREC PASSARINHO COPACOL 800G";"7891527962352";"31481"
"COXA/SOBREC DESOSSADA TEMPERADA. GONZALEZ KG : COXA/SOBREC DESOSSADA TEMPERADA.";"900";"3083"
"COUVE UNIDADE : COUVE UNIDADE";"536";"11717"
"COUVE REFOGADA KG : COUVE REFOGADA KG";"6562";"52217"
"COUVE PICADA BANDEJA KG : COUVE PICADA BANDEJA KG";"491";"3111"
"COUVE PICADA ART VERDE BANDEJA : COUVE PICADA ART VERDE BANDEJA";"7898945773140";"25027"
"COUVE FLOR UNIDADE : COUVE FLOR UNIDADE";"7898053100395";"14049"
"COUVE FLOR GRATINADA KG : COUVE FLOR GRATINADA KG";"3277";"28789"
"COTONETES JOHNSON & JOHNSON 75UN : COTONETES JOHNSON & JOHNSON 75UN";"7891010560737";"3948"
"COTONETES JOHNSON & JOHNSON 150UN. : COTONETES JOHNSON & JOHNSON 150UN.";"7891010560812";"13188"
"COTONETES JOHNSON & JOHNSON 150UN POTE : COTONETES JOHNSON & JOHNSON 150UN";"7891010032937";"4702"
"COSTELINHA TILAPIA COPACOL 600G : COSTELINHA TILAPIA COPACOL 600G";"7891527069969";"65744"
"COSTELINHA SUINA MOLHO BARBECUE KG : COSTELINHA SUINA MOLHO BARBECUE KG";"8327";"68045"
"COSTELINHA FRANGO TEMP. COPACOL 1KG : COSTELINHA FRANGO TEMP. COPACOL 1KG";"7891527064971";"44142"
"COSTELA SUINA GOURMET BBQ SEARA 1KG : COSTELA SUINA GOURMET BBQ SEARA 1KG";"7894904070565";"45679"
"COSTELA JANELA TIRAS ANGUS CONG KG : COSTELA JANELA TIRAS ANGUS CONG KG";"4648";"35255"
"COSTELA DE PORCO FRITA KG : COSTELA DE PORCO FRITA KG";"3652";"31226"
"CORTADOR E RALADOR LEGUMES KEITA BLISTER : CORTADOR E RALADOR LEGUMES KEITA";"7897839701979";"62592"
"CORTADOR DE UNHA PEQUENO ENOX : CORTADOR DE UNHA PEQUENO ENOX";"7897517906702";"71893"
"CORTADOR DE UNHA GRANDE ENOX : CORTADOR DE UNHA GRANDE ENOX";"7897517906719";"71891"
"CORTADOR DE PIZZA MIMO : CORTADOR DE PIZZA MIMO";"7898420971733";"4724"
"CORRETIVO MERCUR 18ML : CORRETIVO MERCUR 18ML";"7896342446148";"15115"
"CORDA VARAL STA MARIA Nº5 15M  : CORDA VARAL STA MARIA Nº5 15M";"7896314708618";"38443"
"CORDA VARAL HB NYLON Nº5  : CORDA VARAL HB NYLON Nº5";"7897004402816";"87"
"CORANTE ALIMENTICIO JUNCO 10ML VERMELHO : CORANTE ALIMENTICIO JUNCO 10ML";"7896523100395";"49610"
"CORANTE ALIMENTICIO JUNCO 10ML ROSA : CORANTE ALIMENTICIO JUNCO 10ML";"7896523100333";"49610"
"CORANTE ALIMENTICIO JUNCO 10ML AZUL : CORANTE ALIMENTICIO JUNCO 10ML";"7896523100326";"49610"
"CORANTE ALIMENTICIO JUNCO 10ML AMARELO : CORANTE ALIMENTICIO JUNCO 10ML";"7896523100302";"49610"
"CORANTE 3X 50ML VERMELHO : CORANTE 3X 50ML";"7896527700010";"7723"
"CORANTE 3X 50ML PRETO : CORANTE 3X 50ML";"7896527700058";"7723"
"CORANTE 3X 50ML AZUL : CORANTE 3X 50ML";"7896527700041";"7723"
"CORACAO FRANGO TEMPERADO KG : CORACAO FRANGO TEMPERADO KG";"842";"10639"
"COQUETELEIRA TERMITA 350ML : COQUETELEIRA TERMITA 350ML";"7898945155793";"55588"
"COQUETEL ALCOOLICO NEW LOKO 1L ORIGINAL : COQUETEL ALCOOLICO NEW LOKO 1L";"0074468520325";"74041"
"COQUETEL ALCOOLICO NEW LOKO 1L MELANCIA : COQUETEL ALCOOLICO NEW LOKO 1L";"0074468789661";"74041"
"COQUETEL ALCOOLICO NEW LOKO 1L MACA VERDE : COQUETEL ALCOOLICO NEW LOKO 1L";"0074468789685";"74041"
"COPO PLASUTIL TRIO INFANTIL 330ML BAILARINA : COPO PLASUTIL TRIO INFANTIL 330ML";"7896042061481";"29004"
"COPO PLASUTIL SHAKE 500ML PRINCESAS : COPO PLASUTIL SHAKE 500ML";"7896042083018";"44945"
"COPO PLASUTIL SHAKE 500ML HOMEM ARANHA : COPO PLASUTIL SHAKE 500ML";"7896042083162";"44945"
"COPO PLASUTIL SHAKE 280ML PATRULHA CANINA : COPO PLASUTIL SHAKE 280ML";"7899808861011";"36874"
"COPO PLASUTIL REFRIGERANTE 700ML HOMEM-ARANHA : COPO PLASUTIL REFRIGERANTE 700ML";"7899808867853";"48461"
"COPO PLASUTIL REFRIGERANTE 500ML REI LEAO : COPO PLASUTIL REFRIGERANTE 500ML";"7899808838082";"62888"
"COPO PLASUTIL INFANTIL 280ML STITCH : COPO PLASUTIL INFANTIL 280ML";"7899808852927";"29006"
"COPO PLASUTIL INFANTIL 280ML HOMEM ARANHA : COPO PLASUTIL INFANTIL 280ML";"7896042054247";"29006"
"COPO PLASUTIL DIVERTIDAMENTE 320ML. NOJINHO : COPO PLASUTIL DIVERTIDAMENTE 320ML.";"7899808840153";"39573"
"COPO PLASUTIL COM ORELHA 500ML MINNIE : COPO PLASUTIL COM ORELHA 500ML";"7899808895498";"53644"
"COPO PLASDURAN CHUQUINHA TAMPA 250ML : COPO PLASDURAN CHUQUINHA TAMPA";"7897659630503";"62586"
"COPO NEOPAN EDUCATIVO DEC. 140ML ROSA : COPO NEOPAN EDUCATIVO DEC. 140ML";"7896036575222";"43076"
"COPO NADIR MANCHESTER L DRINK 310ML : COPO NADIR MANCHESTER L DRINK 310ML";"7891155061021";"47901"
"COPO NADIR LAGER 200ML : COPO NADIR LAGER 200ML";"7891155059592";"47756"
"COPO NADIR FIRENZE ROCKS 275ML : COPO NADIR FIRENZE ROCKS 275ML";"7891155059691";"47904"
"COPO NADIR FIRENZE LONG DRINK 360ML : COPO NADIR FIRENZE LONG DRINK 360ML";"7891155059707";"42690"
"COPO NADIR CHOPP CALDERETA 220ML  : COPO NADIR CHOPP CALDERETA 220ML";"7891155000280";"61905"
"COPO NADIR CAIRO 350ML : COPO NADIR CAIRO 350ML";"7891155056805";"69463"
"COPO NADIR BAR ROCKS 265ML : COPO NADIR BAR ROCKS 265ML";"7891155002437";"8407"
"COPO NADIR BAR LONG DRINK 390ML : COPO NADIR BAR LONG DRINK 390ML";"7891155002499";"8409"
"COPO NADIR AMERICANO L. DRINK 300ML : COPO NADIR AMERICANO L. DRINK 300ML";"7891155002529";"43166"
"COPO NADIR AMERICANO AGUA 190ML : COPO NADIR AMERICANO AGUA 190ML";"7891155002420";"31647"
"COPO GRADUADO INJETEMP CULINARIA 100ML : COPO GRADUADO INJETEMP CULINARIA";"7896900211997";"62588"
"COPO GRADUADO COM TAMPA INJETEMP REF 1084 : COPO GRADUADO COM TAMPA INJETEMP";"7896900210846";"9972"
"COPO DESCARTAVEL COPOMAIS TR 400ML : COPO DESCARTAVEL COPOMAIS TR 400ML";"7897147500288";"33948"
"COPO DESCARTAVEL COPOMAIS TR 300ML 100UN : COPO DESCARTAVEL COPOMAIS TR 300ML";"7897147500929";"33949"
"COPO DESCARTAVEL COPOMAIS TR 200ML 100UN : COPO DESCARTAVEL COPOMAIS TR 200ML";"7897147500912";"33942"
"COPO DESCARTAVEL COPOMAIS TR 180ML TRANSP. 100UN : COPO DESCARTAVEL COPOMAIS TR 180ML";"7897147500905";"42339"
"COPO DESCARTAVEL COPOMAIS BCO 200ML : COPO DESCARTAVEL COPOMAIS BCO 200ML";"7897147500943";"54165"
"COPO DESCARTAVEL COPOMAIS BCO 180ML : COPO DESCARTAVEL COPOMAIS BCO 180ML";"7897147500936";"53445"
"COPO DESCARTAVEL COPOMAIS 50ML BRANCO : COPO DESCARTAVEL COPOMAIS 50ML";"7897147500172";"38059"
"COPO DA FELICIDADE KG : COPO DA FELICIDADE KG";"6823";"55229"
"COPO COPOBRAS DESC. TRANSP. 180ML PP - 100UN : COPO COPOBRAS DESC. TRANSP. 180ML";"7896030892646";"11325"
"COPO COPOBRAS DESC. PP 200ML BRANCO - 100UN : COPO COPOBRAS DESC. PP 200ML";"7896030892653";"8561"
"COPO CANUDO INJETEMP 600ML : COPO CANUDO INJETEMP 600ML";"7896900297960";"64063"
"COPA FATIADA CERATTI 100G : COPA FATIADA CERATTI 100G";"7898907631044";"62115"
"COPA FATIADA AURORA 100G : COPA FATIADA AURORA 100G";"7891164006259";"32784"
"COOKIES VITALIN 30G LINHACA/COCO : COOKIES VITALIN 30G";"7898568900824";"68856"
"COOKIES TORTUGUITA ARCOR 60G CHOCOLATE : COOKIES TORTUGUITA ARCOR 60G";"7896058200379";"59288"
"COOKIES TORTUGUITA ARCOR 60G BAUNILHA : COOKIES TORTUGUITA ARCOR 60G";"7896058200393";"59288"
"COOKIES SEMBEI KARUI 230G TRADICIONAL : COOKIES SEMBEI KARUI 230G";"7898270963544";"70029"
"COOKIES SEMBEI KARUI 230G AO LEITE : COOKIES SEMBEI KARUI 230G";"7898270967252";"70029"
"COOKIES RANCHEIRO 60G GOTAS CHOCOLATE : COOKIES RANCHEIRO 60G";"7896253402356";"68793"
"COOKIES RANCHEIRO 60G BAUNILHA/CHOC. : COOKIES RANCHEIRO 60G";"7896253401267";"68793"
"COOKIES GOTAS CHOCOLATE MARILAN 80G ORIGINAL : COOKIES GOTAS CHOCOLATE MARILAN 80G";"7896003704471";"40635"
"COOKIES GOTAS CHOCOLATE MARILAN 80G CHOCOLATE : COOKIES GOTAS CHOCOLATE MARILAN 80G";"7896003704747";"40635"
"COOKIES DA FAZENDA 100G CHOCOLATE : COOKIES DA FAZENDA 100G";"7896837100265";"64990"
"COOKIES DA FAZENDA 100G AVEIA/MEL/CHOC : COOKIES DA FAZENDA 100G";"7896837100210";"64990"
"COOKIES BELIVE ZERO 67G DOUBLE/CRISPIES : COOKIES BELIVE ZERO 67G";"7898380412307";"66843"
"COOKIES BELIVE ZERO 67G BAUNIL/CRISPIES : COOKIES BELIVE ZERO 67G";"7898380412291";"66843"
"COOKIES BELIVE 80G DOUBLE CHOC. : COOKIES BELIVE 80G";"7898380411935";"63601"
"COOKIES BELIVE 80G CASTANHAS : COOKIES BELIVE 80G";"7898380411928";"63601"
"COOKIES BELIVE 80G BAUNILHA/CHOCO : COOKIES BELIVE 80G";"7898380411942";"63601"
"COOKIES BAUDUCCO MAXI FINI 96G PINTA LINGUA : COOKIES BAUDUCCO MAXI FINI 96G";"7891962076669";"70844"
"COOKIES BAUDUCCO MAXI FINI 96G DENTADURAS : COOKIES BAUDUCCO MAXI FINI 96G";"7891962076676";"70844"
"COOKIES BAUDUCCO MAXI 96G CHOCOLATE : COOKIES BAUDUCCO MAXI 96G";"7891962054124";"48322"
"COOKIES BAUDUCCO MAXI 96G CHOC. BRANCO : COOKIES BAUDUCCO MAXI 96G";"7891962067629";"48322"
"COOKIES BAUDUCCO MAXI 96G CARAMELO : COOKIES BAUDUCCO MAXI 96G";"7891962071619";"48322"
"COOKIES BAUDUCCO 100G ORIGINAL : COOKIES BAUDUCCO 100G";"7891962054100";"48321"
"COOKIES BAUDUCCO 100G CHOCOLATE : COOKIES BAUDUCCO 100G";"7891962054117";"48321"
"COOKIES AMINNA 100G ORIGINAL : COOKIES AMINNA 100G";"7898344322376";"72092"
"COOKIES AMINNA 100G DOUBLECHOCO : COOKIES AMINNA 100G";"7898344322369";"72092"
"COOKIE PIRAQUE 80G ORIGINAL : COOKIE PIRAQUE 80G";"7896024760876";"64285"
"COOKIE PIRAQUE 80G CHOCOLATE : COOKIE PIRAQUE 80G";"7896024760883";"64285"
"COOKIE PIRAQUE 80G BLACK : COOKIE PIRAQUE 80G";"7896024761828";"64285"
"COOKIE NESTLE PASSATEMPO 60G : COOKIE NESTLE PASSATEMPO 60G";"7891000109304";"39768"
"COOKIE NESTLE 60G PRESTIGIO : COOKIE NESTLE 60G";"7891000339237";"45861"
"COOKIE NESTLE 60G NESCAU DUO : COOKIE NESTLE 60G";"7891000339558";"45861"
"COOKIE NESTLE 60G NEGRESCO : COOKIE NESTLE 60G";"7891000247624";"45861"
"COOKIE NESTLE 60G GALAK : COOKIE NESTLE 60G";"7891000350072";"45861"
"COOKIE NESTLE 60G CLASSIC BAUNIL. : COOKIE NESTLE 60G";"7891000339596";"45861"
"COOKIE NESTLE 60G CLASSIC : COOKIE NESTLE 60G";"7891000247648";"45861"
"COOKIE NESTLE 60G CHARGE : COOKIE NESTLE 60G";"7891000420867";"45861"
"COOKIE NESTLE 60G ALPINO : COOKIE NESTLE 60G";"7891000350119";"45861"
"COOKIE NESFIT 60G CACAU & AVELA : COOKIE NESFIT 60G";"7891000255773";"35470"
"COOKIE GAROTO 60G CROCANTE : COOKIE GAROTO 60G";"7891000402856";"47325"
"COOKIE GAROTO 60G CARIBE : COOKIE GAROTO 60G";"7891000402894";"47325"
"CONTRA FILE BON MART PECA KG : CONTRA FILE BON MART PECA KG";"8805";"74706"
"CONTRA FILE BARRA MANSA PECA KG : CONTRA FILE BARRA MANSA PECA KG";"6949";"56382"
"CONTRA FILE ANGUS KG : CONTRA FILE ANGUS KG";"1993";"5473"
"CONSERVADORA SANTANA 6LT : CONSERVADORA SANTANA 6LT";"7896355700701";"56842"
"CONSERVADORA NITRONPLAST 1,25L 4 DIV. : CONSERVADORA NITRONPLAST 1,25L";"7896779605026";"48284"
"CONJUNTO PARA CAFE JULIANA INJETEMP : CONJUNTO PARA CAFE JULIANA INJETEMP";"7896900210860";"12872"
"CONJUNTO NITRON FIT RET 450ML 2UN : CONJUNTO NITRON FIT RET 450ML 2UN";"7896779685127";"67153"
"CONJUNTO ASSADOR 3 FACAS MOR : CONJUNTO ASSADOR 3 FACAS MOR";"7896020633464";"66389"
"CONJ. MANTIMENTO LISO PLASUTIL 3PC 3713 : CONJ. MANTIMENTO LISO PLASUTIL 3PC";"7896042037134";"68818"
"CONJ. MANTIMENTO DEC. PLASUTIL 5PC REF. 6670 : CONJ. MANTIMENTO DEC. PLASUTIL 5PC";"7896042066707";"35746"
"CONJ. HIDROPISTOLA MULT. LORENZETTI REF. 7160013 : CONJ. HIDROPISTOLA MULT. LORENZETTI";"7896451852847";"60377"
"CONJ. ESGUICHO AJUSTAVEL LORENZETTI REF. 7160010 : CONJ. ESGUICHO AJUSTAVEL LORENZETTI";"7896451852816";"60375"
"CONJ. COLHERES MEDIDORAS INJETEMP : CONJ. COLHERES MEDIDORAS INJETEMP";"7896900201394";"43201"
"CONHAQUE PRESIDENTE 900ML : CONHAQUE PRESIDENTE 900ML";"7896023080487";"1760"
"CONHAQUE DREHER 900ML TRADICIONAL : CONHAQUE DREHER 900ML";"7896010006360";"1762"
"CONHAQUE DOMUS 900ML : CONHAQUE DOMUS 900ML";"7896002111911";"1759"
"CONFEITOS DE GOMA KIDOCURA 600G : CONFEITOS DE GOMA KIDOCURA 600G";"7896255517300";"53203"
"CONFEITO ROCKLETS LEITE ARCOR 80G : CONFEITO ROCKLETS LEITE ARCOR 80G";"7790580767303";"68257"
"CONDIMENTO 3 EM 1 SIAMAR 400G : CONDIMENTO 3 EM 1 SIAMAR 400G";"7896069574056";"2196"
"CONDICIONADOR VULT 325ML RECONSTRUCAO : CONDICIONADOR VULT 325ML";"7899852025087";"68716"
"CONDICIONADOR VULT 325ML ONDULADOS : CONDICIONADOR VULT 325ML";"7899852025568";"68716"
"CONDICIONADOR VULT 325ML NUTRICAO : CONDICIONADOR VULT 325ML";"7899852025896";"68716"
"CONDICIONADOR VULT 325ML LISO : CONDICIONADOR VULT 325ML";"7899852025506";"68716"
"CONDICIONADOR VULT 325ML HIDRATACAO : CONDICIONADOR VULT 325ML";"7899852025407";"68716"
"CONDICIONADOR TRESEMME PUMP 650ML BLINDAGEM ANT. : CONDICIONADOR TRESEMME PUMP 650ML";"7891150100367";"41356"
"CONDICIONADOR TRESEMME 400ML ULTRA VIOLETA : CONDICIONADOR TRESEMME 400ML";"7891150076365";"29713"
"CONDICIONADOR TRESEMME 400ML TRESPLEX : CONDICIONADOR TRESEMME 400ML";"7891150029538";"29713"
"CONDICIONADOR TRESEMME 400ML RECONS E FORCA : CONDICIONADOR TRESEMME 400ML";"7891150018785";"29713"
"CONDICIONADOR TRESEMME 400ML HIDRAT PROFUNDA : CONDICIONADOR TRESEMME 400ML";"7891150018754";"29713"
"CONDICIONADOR TRESEMME 400ML CACHO PERFEITO : CONDICIONADOR TRESEMME 400ML";"7891150018761";"29713"
"CONDICIONADOR TRESEMME 400ML BRILHO LAMELAR : CONDICIONADOR TRESEMME 400ML";"7891150091115";"29713"
"CONDICIONADOR TRESEMME 400ML BLINDAGEM ANT. : CONDICIONADOR TRESEMME 400ML";"7891150100329";"29713"
"CONDICIONADOR SEDA JUNTINHOS 300ML CRESPOS : CONDICIONADOR SEDA JUNTINHOS 300ML";"7891150083622";"60070"
"CONDICIONADOR SEDA JUNTINHOS 300ML CACHOS : CONDICIONADOR SEDA JUNTINHOS 300ML";"7891150083615";"60070"
"CONDICIONADOR SEDA JUNTINHOS 300ML BRILHO ENCANT. : CONDICIONADOR SEDA JUNTINHOS 300ML";"7891150083608";"60070"
"CONDICIONADOR SEDA 325ML SOS CERAMIDAS : CONDICIONADOR SEDA 325ML";"7891150037250";"40275"
"CONDICIONADOR SEDA 325ML RESTAURACAO : CONDICIONADOR SEDA 325ML";"7891150037427";"40275"
"CONDICIONADOR SEDA 325ML PRETOS LUMIN. : CONDICIONADOR SEDA 325ML";"7891150037342";"40275"
"CONDICIONADOR SEDA 325ML PREBIOTICOS : CONDICIONADOR SEDA 325ML";"7891150091429";"40275"
"CONDICIONADOR SEDA 325ML OLEO HIDRATACAO : CONDICIONADOR SEDA 325ML";"7891150037366";"40275"
"CONDICIONADOR SEDA 325ML MEL E AVEIA : CONDICIONADOR SEDA 325ML";"7891150037441";"40275"
"CONDICIONADOR SEDA 325ML LISO PERFEITO : CONDICIONADOR SEDA 325ML";"7891150037328";"40275"
"CONDICIONADOR SEDA 325ML LISO EXTREMO : CONDICIONADOR SEDA 325ML";"7891150037632";"40275"
"CONDICIONADOR SEDA 325ML KERAFORCE ORIG. : CONDICIONADOR SEDA 325ML";"7891150037618";"40275"
"CONDICIONADOR SEDA 325ML HIDRAT. MICELAR : CONDICIONADOR SEDA 325ML";"7891150063457";"40275"
"CONDICIONADOR SEDA 325ML COLAGENO : CONDICIONADOR SEDA 325ML";"7891150080096";"40275"
"CONDICIONADOR SEDA 325ML CACHOS DEF. : CONDICIONADOR SEDA 325ML";"7891150037465";"40275"
"CONDICIONADOR SEDA 325ML BOMBA DE ARGAN : CONDICIONADOR SEDA 325ML";"7891150056589";"40275"
"CONDICIONADOR SEDA 325ML BOMBA COCO : CONDICIONADOR SEDA 325ML";"7891150067516";"40275"
"CONDICIONADOR SEDA 325ML BIOTINA+RICINIO : CONDICIONADOR SEDA 325ML";"7891150070295";"40275"
"CONDICIONADOR SEDA 325ML BABOSA + OLEOS : CONDICIONADOR SEDA 325ML";"7891150060722";"40275"
"CONDICIONADOR SEDA 325ML ANTI-NOS : CONDICIONADOR SEDA 325ML";"7891150037489";"40275"
"CONDICIONADOR SEDA 300ML LUMINOUS UV : CONDICIONADOR SEDA 300ML";"7891150099838";"63743"
"CONDICIONADOR SEDA 300ML BOOM HIDRATACAO : CONDICIONADOR SEDA 300ML";"7891150088504";"63743"
"CONDICIONADOR SEDA 250ML TOQUE DE SEDA : CONDICIONADOR SEDA 250ML";"7891150101586";"73707"
"CONDICIONADOR SEDA 250ML BOOM NUTRICAO : CONDICIONADOR SEDA 250ML";"7891150096271";"73707"
"CONDICIONADOR PHYTOERVAS 250ML CONT. OLEOSIDAD : CONDICIONADOR PHYTOERVAS 250ML";"7896044955115";"50971"
"CONDICIONADOR PHYTOERVAS 250ML CACHOS : CONDICIONADOR PHYTOERVAS 250ML";"7896044993742";"50971"
"CONDICIONADOR PANTENE PRO-V 510ML ANTI-QUEDA : CONDICIONADOR PANTENE PRO-V 510ML";"7500435248051";"73614"
"CONDICIONADOR PANTENE PRO-V 400ML REST. PROFUNDA : CONDICIONADOR PANTENE PRO-V 400ML";"7501006745887";"618"
"CONDICIONADOR PANTENE PRO-V 400ML MICELAR : CONDICIONADOR PANTENE PRO-V 400ML";"7500435128957";"618"
"CONDICIONADOR PANTENE PRO-V 400ML LISO EXTREMO : CONDICIONADOR PANTENE PRO-V 400ML";"7501001165253";"618"
"CONDICIONADOR PANTENE PRO-V 400ML HIDROCAUTERIZ. : CONDICIONADOR PANTENE PRO-V 400ML";"7506309840581";"618"
"CONDICIONADOR PANTENE PRO-V 400ML HIDRATACAO : CONDICIONADOR PANTENE PRO-V 400ML";"7501007413105";"618"
"CONDICIONADOR PANTENE PRO-V 400ML BRILHO EXTREMO : CONDICIONADOR PANTENE PRO-V 400ML";"7501007457826";"618"
"CONDICIONADOR PANTENE PRO-V 250ML QUERATINA : CONDICIONADOR PANTENE PRO-V 250ML";"7500435232807";"20809"
"CONDICIONADOR PANTENE PRO-V 250ML COLAGENO : CONDICIONADOR PANTENE PRO-V 250ML";"7500435197007";"20809"
"CONDICIONADOR PANTENE PRO-V 250ML BIOTINAMINA : CONDICIONADOR PANTENE PRO-V 250ML";"7500435248167";"20809"
"CONDICIONADOR PANTENE PRO-V 250ML BAMBU : CONDICIONADOR PANTENE PRO-V 250ML";"7500435154277";"20809"
"CONDICIONADOR PANTENE PRO-V 250ML ALGA MARINHA : CONDICIONADOR PANTENE PRO-V 250ML";"7500435209311";"20809"
"CONDICIONADOR PANTENE PRO-V 175ML RESTAURACAO : CONDICIONADOR PANTENE PRO-V 175ML";"7500435125451";"46471"
"CONDICIONADOR PANTENE PRO-V 175ML LISO EXTREMO : CONDICIONADOR PANTENE PRO-V 175ML";"7500435125413";"46471"
"CONDICIONADOR PANTENE PRO-V 175ML HIDRATACAO : CONDICIONADOR PANTENE PRO-V 175ML";"7500435125376";"46471"
"CONDICIONADOR PANTENE PRO-V 175ML BRILHO EXTREMO : CONDICIONADOR PANTENE PRO-V 175ML";"7500435125307";"46471"
"CONDICIONADOR PANTENE PRO-V 150ML QUERATINA : CONDICIONADOR PANTENE PRO-V 150ML";"7500435232784";"54762"
"CONDICIONADOR PANTENE PRO-V 150ML COLAGENO : CONDICIONADOR PANTENE PRO-V 150ML";"7500435196994";"54762"
"CONDICIONADOR PANTENE PRO-V 150ML BIOTINAMINA : CONDICIONADOR PANTENE PRO-V 150ML";"7500435248174";"54762"
"CONDICIONADOR PANTENE PRO-V 150ML BAMBU : CONDICIONADOR PANTENE PRO-V 150ML";"7500435154260";"54762"
"CONDICIONADOR PANTENE PRO-V 150ML ALGA MARINHA : CONDICIONADOR PANTENE PRO-V 150ML";"7500435209335";"54762"
"CONDICIONADOR PALMOLIVE KIDS 350ML TROLLS : CONDICIONADOR PALMOLIVE KIDS 350ML";"7509546689869";"521"
"CONDICIONADOR PALMOLIVE KIDS 350ML TODO T/ CABELO : CONDICIONADOR PALMOLIVE KIDS 350ML";"7891024174630";"521"
"CONDICIONADOR PALMOLIVE KIDS 350ML CACHEADOS : CONDICIONADOR PALMOLIVE KIDS 350ML";"7891024174685";"521"
"CONDICIONADOR PALMOLIVE 350ML NUTRICAO EXTR. : CONDICIONADOR PALMOLIVE 350ML";"7891024172339";"630"
"CONDICIONADOR PALMOLIVE 350ML NEUTRO : CONDICIONADOR PALMOLIVE 350ML";"7891024172537";"630"
"CONDICIONADOR PALMOLIVE 350ML LISOS RADIANTES : CONDICIONADOR PALMOLIVE 350ML";"7891024170335";"630"
"CONDICIONADOR PALMOLIVE 350ML FRIZZ RESIST : CONDICIONADOR PALMOLIVE 350ML";"7891024174432";"630"
"CONDICIONADOR PALMOLIVE 350ML DETOX : CONDICIONADOR PALMOLIVE 350ML";"7891024042915";"630"
"CONDICIONADOR PALMOLIVE 350ML CERAMIDAS FORCE : CONDICIONADOR PALMOLIVE 350ML";"7891024174715";"630"
"CONDICIONADOR PALMOLIVE 350ML CACHOS LONGOS : CONDICIONADOR PALMOLIVE 350ML";"7509546659442";"630"
"CONDICIONADOR PALMOLIVE 350ML CACHOS LIVRES : CONDICIONADOR PALMOLIVE 350ML";"7891024042328";"630"
"CONDICIONADOR PALMOLIVE 350ML BOOM HIDRATACAO : CONDICIONADOR PALMOLIVE 350ML";"7891024034156";"630"
"CONDICIONADOR OX 500ML GLICOLICO : CONDICIONADOR OX 500ML";"7908324408713";"67944"
"CONDICIONADOR OX 400ML LISOS : CONDICIONADOR OX 400ML";"7897664168268";"70333"
"CONDICIONADOR OX 400ML HIDRATA : CONDICIONADOR OX 400ML";"7908324406184";"70333"
"CONDICIONADOR OX 240ML VITA GLOW : CONDICIONADOR OX 240ML";"7908324405132";"70319"
"CONDICIONADOR OX 240ML PEPTIDEOS : CONDICIONADOR OX 240ML";"7908324408768";"70319"
"CONDICIONADOR OX 240ML GLICOLICO : CONDICIONADOR OX 240ML";"7908324408690";"70319"
"CONDICIONADOR OX 200ML NUTRE : CONDICIONADOR OX 200ML";"7896916782344";"53139"
"CONDICIONADOR OX 200ML HIDRATA : CONDICIONADOR OX 200ML";"7908324406191";"53139"
"CONDICIONADOR NEUTROX PUMP 500ML NUTRE OLEOS : CONDICIONADOR NEUTROX PUMP 500ML";"7908324407464";"73327"
"CONDICIONADOR NEUTROX 300ML PURIFICA : CONDICIONADOR NEUTROX 300ML";"7908324407495";"7439"
"CONDICIONADOR NEUTROX 300ML FORCA : CONDICIONADOR NEUTROX 300ML";"7908324407488";"7439"
"CONDICIONADOR NEUTROX 300ML CACHOS E ONDAS : CONDICIONADOR NEUTROX 300ML";"7908324407518";"7439"
"CONDICIONADOR MONANGE 325ML REST. Q/ GOSTO : CONDICIONADOR MONANGE 325ML";"7896235353430";"11914"
"CONDICIONADOR MONANGE 325ML QUIMICA SEM DR. : CONDICIONADOR MONANGE 325ML";"7896235353423";"11914"
"CONDICIONADOR MONANGE 325ML LISOS TE QUERO! : CONDICIONADOR MONANGE 325ML";"7896235353409";"11914"
"CONDICIONADOR MONANGE 325ML HIDR. COM PODER : CONDICIONADOR MONANGE 325ML";"7896235353393";"11914"
"CONDICIONADOR MONANGE 325ML DETOX TERAPIA : CONDICIONADOR MONANGE 325ML";"7896235353454";"11914"
"CONDICIONADOR MONANGE 325ML CACHOS QUE TAL? : CONDICIONADOR MONANGE 325ML";"7896235353416";"11914"
"CONDICIONADOR MONANGE 325ML BOOST CRESCIM. : CONDICIONADOR MONANGE 325ML";"7896235353447";"11914"
"CONDICIONADOR JOHNSONS BABY 380ML BLACKINHO POD. : CONDICIONADOR JOHNSONS BABY 380ML";"7891010255022";"35438"
"CONDICIONADOR JOHNSONS BABY 200ML TRADICIONAL : CONDICIONADOR JOHNSONS BABY 200ML";"7891010030452";"519"
"CONDICIONADOR JOHNSONS BABY 200ML CHEIRINHO PROL. : CONDICIONADOR JOHNSONS BABY 200ML";"7891010980085";"519"
"CONDICIONADOR JOHNSONS BABY 200ML CABELOS CLAROS : CONDICIONADOR JOHNSONS BABY 200ML";"7891010030476";"519"
"CONDICIONADOR JOHNSONS BABY 200ML CABELO CACHEADO : CONDICIONADOR JOHNSONS BABY 200ML";"7891010047184";"519"
"CONDICIONADOR HUGGIES 360ML NUTRICAO : CONDICIONADOR HUGGIES 360ML";"7896018750876";"69922"
"CONDICIONADOR HUGGIES 360ML HIDRAT./BRILHO : CONDICIONADOR HUGGIES 360ML";"7896018750845";"69922"
"CONDICIONADOR GRANADO BEBE 250ML : CONDICIONADOR GRANADO BEBE 250ML";"7896512911391";"30917"
"CONDICIONADOR EUDORA SIAGE 200ML REVELA CACHOS : CONDICIONADOR EUDORA SIAGE 200ML";"7891033534685";"68585"
"CONDICIONADOR EUDORA SIAGE 200ML RESG. IMEDIATO : CONDICIONADOR EUDORA SIAGE 200ML";"7891033558032";"68585"
"CONDICIONADOR EUDORA SIAGE 200ML OLEOS PODEROSOS : CONDICIONADOR EUDORA SIAGE 200ML";"7891033931040";"68585"
"CONDICIONADOR EUDORA SIAGE 200ML NUTRI ROSE : CONDICIONADOR EUDORA SIAGE 200ML";"7891033534364";"68585"
"CONDICIONADOR EUDORA SIAGE 200ML LISO INTENSO : CONDICIONADOR EUDORA SIAGE 200ML";"7891033535057";"68585"
"CONDICIONADOR EUDORA SIAGE 200ML HAIR PLASTIA : CONDICIONADOR EUDORA SIAGE 200ML";"7891033930470";"68585"
"CONDICIONADOR EUDORA SIAGE 200ML GLOW EXPERT : CONDICIONADOR EUDORA SIAGE 200ML";"7891033471768";"68585"
"CONDICIONADOR EUDORA SIAGE 200ML CICA THERAPY : CONDICIONADOR EUDORA SIAGE 200ML";"7891033070664";"68585"
"CONDICIONADOR EUDORA SIAGE 200ML CAUTER. LISOS : CONDICIONADOR EUDORA SIAGE 200ML";"7891033517459";"68585"
"CONDICIONADOR ELSEVE 400ML LONGO SONHOS : CONDICIONADOR ELSEVE 400ML";"7899706170871";"29517"
"CONDICIONADOR ELSEVE 400ML LISO DESMAIA : CONDICIONADOR ELSEVE 400ML";"7899706180986";"29517"
"CONDICIONADOR ELSEVE 400ML HYDRA DETOX : CONDICIONADOR ELSEVE 400ML";"7899706133432";"29517"
"CONDICIONADOR ELSEVE 400ML HIDR. HIALURON : CONDICIONADOR ELSEVE 400ML";"7899706187428";"29517"
"CONDICIONADOR ELSEVE 400ML GLYCOLIC GLOSS : CONDICIONADOR ELSEVE 400ML";"7908615055169";"29517"
"CONDICIONADOR ELSEVE 400ML COLORVIVE : CONDICIONADOR ELSEVE 400ML";"7899026459656";"29517"
"CONDICIONADOR ELSEVE 400ML CACHOS SONHOS : CONDICIONADOR ELSEVE 400ML";"7899706197588";"29517"
"CONDICIONADOR ELSEVE 200ML REPARACAO TOTAL : CONDICIONADOR ELSEVE 200ML";"7899026420571";"620"
"CONDICIONADOR ELSEVE 200ML OLEO EXTRAORD. : CONDICIONADOR ELSEVE 200ML";"7898587774352";"620"
"CONDICIONADOR ELSEVE 200ML LONGO SONHOS : CONDICIONADOR ELSEVE 200ML";"7899706170857";"620"
"CONDICIONADOR ELSEVE 200ML LISO LIQUID : CONDICIONADOR ELSEVE 200ML";"7908785461654";"620"
"CONDICIONADOR ELSEVE 200ML LISO DEMAIA : CONDICIONADOR ELSEVE 200ML";"7899706180962";"620"
"CONDICIONADOR ELSEVE 200ML HIDR. HIALURON : CONDICIONADOR ELSEVE 200ML";"7899706187404";"620"
"CONDICIONADOR ELSEVE 200ML GLYCOLIC GLOSS : CONDICIONADOR ELSEVE 200ML";"7908615055145";"620"
"CONDICIONADOR ELSEVE 200ML COND. ELSEVE HIALURONIC : CONDICIONADOR ELSEVE 200ML";"7899706244084";"620"
"CONDICIONADOR ELSEVE 200ML COLORVIVE : CONDICIONADOR ELSEVE 200ML";"7896014123902";"620"
"CONDICIONADOR ELSEVE 200ML CACHOS SONHOS : CONDICIONADOR ELSEVE 200ML";"7899706197564";"620"
"CONDICIONADOR DOVE BABY 200ML ENRIQUECIDA : CONDICIONADOR DOVE BABY 200ML";"7891150036390";"37311"
"CONDICIONADOR DOVE 400ML. OXIGENIO : CONDICIONADOR DOVE 400ML.";"7891150054448";"31631"
"CONDICIONADOR DOVE 400ML. OLEO NUTRICAO : CONDICIONADOR DOVE 400ML.";"7891150017337";"31631"
"CONDICIONADOR DOVE 400ML. OLEO MICELAR : CONDICIONADOR DOVE 400ML.";"7891150055179";"31631"
"CONDICIONADOR DOVE 400ML RITUAL REPAR. : CONDICIONADOR DOVE 400ML";"7891150050112";"29833"
"CONDICIONADOR DOVE 400ML RECON. COMPLETA : CONDICIONADOR DOVE 400ML";"7791293004976";"29833"
"CONDICIONADOR DOVE 400ML CACHEADO TEXT. : CONDICIONADOR DOVE 400ML";"7891150084490";"29833"
"CONDICIONADOR DOVE 250ML BOND INTENSE : CONDICIONADOR DOVE 250ML";"7891150095595";"601"
"CONDICIONADOR DOVE 200ML RITUAL REPAR. : CONDICIONADOR DOVE 200ML";"7891150050129";"11978"
"CONDICIONADOR DOVE 200ML RECON. COMPLETA : CONDICIONADOR DOVE 200ML";"7891150008816";"11978"
"CONDICIONADOR DOVE 200ML OXIGENIO : CONDICIONADOR DOVE 200ML";"7891150054479";"11978"
"CONDICIONADOR DOVE 200ML OLEO NUTRICAO : CONDICIONADOR DOVE 200ML";"7891150017375";"11978"
"CONDICIONADOR DOVE 150ML BOND INTENSE : CONDICIONADOR DOVE 150ML";"7891150095564";"69946"
"CONDICIONADOR DARLING DETOX 350ML DETOX : CONDICIONADOR DARLING DETOX 350ML";"7509546682617";"64233"
"CONDICIONADOR DARLING 350ML TILIA : CONDICIONADOR DARLING 350ML";"7891024182970";"643"
"CONDICIONADOR DARLING 350ML CERAMIDAS : CONDICIONADOR DARLING 350ML";"7891024184271";"643"
"CONDICIONADOR CLEAR WOMEN 200ML. HIDRAT. INTENSA : CONDICIONADOR CLEAR WOMEN 200ML.";"7891150008168";"50524"
"CONDICIONADOR BARUEL BABY 210ML SUAVE : CONDICIONADOR BARUEL BABY 210ML";"7896020162742";"7806"
"CONDIC. PALMOLIVE LUMINOUS 350ML OLEO DE RICINO : CONDIC. PALMOLIVE LUMINOUS 350ML";"7509546689937";"53443"
"CONDIC. PALMOLIVE HYALURONICO 350ML : CONDIC. PALMOLIVE HYALURONICO 350ML";"7509546681146";"64157"
"CONDIC. PALMOLIVE COLAGENO 350ML COLAGENO : CONDIC. PALMOLIVE COLAGENO 350ML";"7509546681054";"64156"
"CONDENSADO DE AVEIA NUDE 300G SEM GLUTEN/LACT : CONDENSADO DE AVEIA NUDE 300G";"7898968764149";"72084"
"COND. PANTENE 3 M. MILAGROSOS 170ML HIDRATACAO : COND. PANTENE 3 M. MILAGROSOS 170ML";"7500435116305";"44786"
"COND. ELSEVE HIALURONICO 400ML : COND. ELSEVE HIALURONICO 400ML";"7899706244060";"65836"
"COND GIOV. BABY GIBY & GABY 200ML : COND GIOV. BABY GIBY & GABY 200ML";"7896044997719";"36482"
"CONCHA TRAMONTINA UTILITA INOX : CONCHA TRAMONTINA UTILITA INOX";"7891112086708";"54676"
"CONCHA MONIZ SIMONAGGIO : CONCHA MONIZ SIMONAGGIO";"7896211817338";"8956"
"CONCHA COOK INOX 37CM : CONCHA COOK INOX";"7899653781304";"41336"
"COMPOSTO LACTEO PIRACANJUBA ZL 380G LT : COMPOSTO LACTEO PIRACANJUBA ZL 380G";"7898215157915";"67246"
"COMINHO MOIDO ZILIO 10G : COMINHO MOIDO ZILIO 10G";"7896280400301";"1417"
"COMINHO EM PO SIAMAR 35G : COMINHO EM PO SIAMAR 35G";"7896069547791";"1437"
"COMEDOURO PLASUTIL 1,1L REF. 14708 : COMEDOURO PLASUTIL 1,1L";"7899808865309";"64963"
"COMBO HARU - 12PC : COMBO HARU - 12PC";"8383";"68433"
"COLORIFICO ZILIO 5KG : COLORIFICO ZILIO 5KG";"7896280402206";"47755"
"COLORIFICO ZILIO 500G : COLORIFICO ZILIO 500G";"7896280400998";"9044"
"COLORIFICO ZILIO 100G : COLORIFICO ZILIO 100G";"7896280400424";"1393"
"COLORIFICO SIAMAR 50G : COLORIFICO SIAMAR 50G";"7896069544738";"1430"
"COLORIFICO SIAMAR 500G : COLORIFICO SIAMAR 500G";"7896069542536";"3649"
"COLORACAO NATUCOR EMBELEZZE 5.0 CASTANHO : COLORACAO NATUCOR EMBELEZZE";"7896013502791";"73005"
"COLORACAO NATUCOR EMBELEZZE 4.0 CASTANHO : COLORACAO NATUCOR EMBELEZZE";"7896013500384";"73005"
"COLORACAO NATUCOR EMBELEZZE 3.0 CASTANHO : COLORACAO NATUCOR EMBELEZZE";"7896013502166";"73005"
"COLORACAO NATUCOR EMBELEZZE 2.0 PRETO SUAVE : COLORACAO NATUCOR EMBELEZZE";"7896013502944";"73005"
"COLORACAO NATUCOR EMBELEZZE 1.7 PRETO : COLORACAO NATUCOR EMBELEZZE";"7896013502906";"73005"
"COLORACAO NATUCOR EMBELEZZE 1.00 PRETO : COLORACAO NATUCOR EMBELEZZE";"7896013548409";"73005"
"COLORACAO NATUCOR EMBELEZZE 1.0 PRETO : COLORACAO NATUCOR EMBELEZZE";"7896013502937";"73005"
"COLORACAO MAXTON EMBELLEZE 8.0 LOURO : COLORACAO MAXTON EMBELLEZE";"7896013544104";"44614"
"COLORACAO MAXTON EMBELLEZE 6.7 CHOCOLATE : COLORACAO MAXTON EMBELLEZE";"7896013544128";"44614"
"COLORACAO MAXTON EMBELLEZE 6.66 VERMELHO : COLORACAO MAXTON EMBELLEZE";"7896013544173";"44614"
"COLORACAO MAXTON EMBELLEZE 6.0 LOURO : COLORACAO MAXTON EMBELLEZE";"7896013544241";"44614"
"COLORACAO MAXTON EMBELLEZE 5.26 MARSALA : COLORACAO MAXTON EMBELLEZE";"7896013566021";"44614"
"COLORACAO MAXTON EMBELLEZE 5.0 CASTANHO : COLORACAO MAXTON EMBELLEZE";"7896013544210";"44614"
"COLORACAO MAXTON EMBELLEZE 4.66 VERMELHO : COLORACAO MAXTON EMBELLEZE";"7896013544142";"44614"
"COLORACAO MAXTON EMBELLEZE 4.0 CASTANHO : COLORACAO MAXTON EMBELLEZE";"7896013544159";"44614"
"COLORACAO MAXTON EMBELLEZE 3.0 CASTANHO : COLORACAO MAXTON EMBELLEZE";"7896013544203";"44614"
"COLORACAO MAXTON EMBELLEZE 2.0 PRETO NAT. : COLORACAO MAXTON EMBELLEZE";"7896013544098";"44614"
"COLORACAO MAXTON EMBELLEZE 1.7 PRETO AZUL. : COLORACAO MAXTON EMBELLEZE";"7896013544197";"44614"
"COLORACAO MAXTON EMBELLEZE 1.110 PRETO : COLORACAO MAXTON EMBELLEZE";"7896013562689";"44614"
"COLORACAO MAXTON EMBELLEZE 1.01 PRETO CAR. : COLORACAO MAXTON EMBELLEZE";"7896013564805";"44614"
"COLORACAO MAXTON EMBELLEZE 1.0 PRETO : COLORACAO MAXTON EMBELLEZE";"7896013544517";"44614"
"COLORACAO KOLESTON 80 LOURO CLARO : COLORACAO KOLESTON";"7891182016391";"655"
"COLORACAO IMEDIA LOREAL 8.1 LOURO SUECO : COLORACAO IMEDIA LOREAL";"7896014140640";"623"
"COLORACAO IMEDIA LOREAL 7.11 LOURO CINZ : COLORACAO IMEDIA LOREAL";"7896014140602";"623"
"COLORACAO IMEDIA LOREAL 7.0 LOURO NAT. : COLORACAO IMEDIA LOREAL";"7896014140589";"623"
"COLORACAO IMEDIA LOREAL 6.0 LOURO ESC. : COLORACAO IMEDIA LOREAL";"7896014140527";"623"
"COLORACAO IMEDIA LOREAL 5.0 CAST. CLARO : COLORACAO IMEDIA LOREAL";"7896014140480";"623"
"COLORACAO IMEDIA LOREAL 4.0 CAST. NAT. : COLORACAO IMEDIA LOREAL";"7896014140459";"623"
"COLORACAO IMEDIA LOREAL 3.0 CAST. ESC. : COLORACAO IMEDIA LOREAL";"7896014185931";"623"
"COLORACAO IMEDIA LOREAL 1.0 PRETO : COLORACAO IMEDIA LOREAL";"7896014140435";"623"
"COLORACAO COR&TON VERMELHOS 7.66 VERMELHO : COLORACAO COR&TON VERMELHOS";"7896000706164";"44598"
"COLORACAO COR&TON VERMELHOS 5.546 VERMELHO : COLORACAO COR&TON VERMELHOS";"7896000724724";"44598"
"COLORACAO COR&TON VERMELHOS 4.66 BORDEAUX : COLORACAO COR&TON VERMELHOS";"7896000705907";"44598"
"COLORACAO COR&TON 8.0 LOURO CLARO : COLORACAO COR&TON";"7896000706034";"24769"
"COLORACAO COR&TON 7.1 LOURO CINZA : COLORACAO COR&TON";"7896000706065";"24769"
"COLORACAO COR&TON 7.0 LOURO MEDIO : COLORACAO COR&TON";"7896000706027";"24769"
"COLORACAO COR&TON 6.7 CHOCOLATE : COLORACAO COR&TON";"7896000705921";"24769"
"COLORACAO COR&TON 6.0 LOURO ESC. : COLORACAO COR&TON";"7896000706010";"24769"
"COLORACAO COR&TON 5.0 CAST. CLARO : COLORACAO COR&TON";"7896000705983";"24769"
"COLORACAO COR&TON 4.0 CAST. MEDIO : COLORACAO COR&TON";"7896000705976";"24769"
"COLORACAO COR&TON 3.0 CAST.ESCURO : COLORACAO COR&TON";"7896000705969";"24769"
"COLORACAO COR&TON 2.0 PRETO : COLORACAO COR&TON";"7896000705952";"24769"
"COLORACAO COR&TON 1.7+ PRETO AZUL : COLORACAO COR&TON";"7896000727534";"24769"
"COLORACAO COR&TON 1.0 PRETO AZUL. : COLORACAO COR&TON";"7896000705945";"24769"
"COLORACAO BIOCOLOR HOMEM BOZZANO LOURO ESCURO : COLORACAO BIOCOLOR HOMEM BOZZANO";"7891350038880";"29571"
"COLORACAO BIOCOLOR HOMEM BOZZANO GRISALHOS : COLORACAO BIOCOLOR HOMEM BOZZANO";"7891350038873";"29571"
"COLORACAO BIOCOLOR HOMEM BOZZANO CASTANHO MEDIO : COLORACAO BIOCOLOR HOMEM BOZZANO";"7891350038903";"29571"
"COLORACAO BIOCOLOR HOMEM BOZZANO CASTANHO ESCURO : COLORACAO BIOCOLOR HOMEM BOZZANO";"7891350038910";"29571"
"COLORACAO BIOCOLOR HOMEM BOZZANO CASTANHO CLARO : COLORACAO BIOCOLOR HOMEM BOZZANO";"7891350038897";"29571"
"COLORACAO BIOCOLOR CREME 7.1 LOURO CINZA : COLORACAO BIOCOLOR CREME";"7891350038965";"14549"
"COLORACAO BIOCOLOR CREME 6.7 CHOCOLATE : COLORACAO BIOCOLOR CREME";"7891350033526";"14549"
"COLORACAO BIOCOLOR CREME 6.66 VERM. INT : COLORACAO BIOCOLOR CREME";"7891350038958";"14549"
"COLORACAO BIOCOLOR CREME 6.1 LOURO CINZA : COLORACAO BIOCOLOR CREME";"7891350033502";"14549"
"COLORACAO BIOCOLOR CREME 6.0 LOURO ESC. : COLORACAO BIOCOLOR CREME";"7891350033496";"14549"
"COLORACAO BIOCOLOR CREME 5.1 CAST. CINZA : COLORACAO BIOCOLOR CREME";"7891350034486";"14549"
"COLORACAO BIOCOLOR CREME 5.0 CAST. CLARO : COLORACAO BIOCOLOR CREME";"7891350033472";"14549"
"COLORACAO BIOCOLOR CREME 4.0 CAST. MEDIO : COLORACAO BIOCOLOR CREME";"7891350033441";"14549"
"COLORACAO BIOCOLOR CREME 3.0 CAST ESCURO : COLORACAO BIOCOLOR CREME";"7891350033434";"14549"
"COLORACAO BIOCOLOR CREME 2.0 PRETO AZUL. : COLORACAO BIOCOLOR CREME";"7891350033427";"14549"
"COLORACAO BIOCOLOR CREME 1.0 PRETO : COLORACAO BIOCOLOR CREME";"7891350033410";"14549"
"COLONIA GIOVANNA BABY GIBY 100ML : COLONIA GIOVANNA BABY GIBY 100ML";"7896044956402";"50965"
"COLOMBA PASCAL GOTAS CHOCOLATE KG : COLOMBA PASCAL GOTAS CHOCOLATE KG";"3276";"28788"
"COLHER TRAMONTINA MESA IPANEMA 3PC VERMELHA : COLHER TRAMONTINA MESA IPANEMA 3PC";"7891112079601";"57130"
"COLHER TRAMONTINA MESA IPANEMA 3PC PRETA : COLHER TRAMONTINA MESA IPANEMA 3PC";"7891112044319";"57130"
"COLHER SOBREMESA JUNCO 50UN CRISTAL : COLHER SOBREMESA JUNCO 50UN";"7896523111520";"49607"
"COLHER SOBREMESA JUNCO 10UN : COLHER SOBREMESA JUNCO 10UN";"7896523104720";"51367"
"COLHER REFEICAO JUNCO 50UN CRISTAL : COLHER REFEICAO JUNCO 50UN";"7896523102726";"49742"
"COLHER REFEICAO JUNCO 10UN CRISTAL : COLHER REFEICAO JUNCO 10UN";"7896523101804";"51366"
"COLHER MESA TRAMONTINA LEME VERMELHA : COLHER MESA TRAMONTINA LEME";"7891112181809";"43524"
"COLHER MESA TRAMONTINA LEME PRETA : COLHER MESA TRAMONTINA LEME";"7891112173019";"43524"
"COLHER MADEIRA MADLAR 45CM  : COLHER MADEIRA MADLAR 45CM";"7898966338144";"58121"
"COLHER MADEIRA MADLAR 38CM : COLHER MADEIRA MADLAR 38CM";"7898966338113";"55757"
"COLHER MADEIRA MADLAR 34CM : COLHER MADEIRA MADLAR 34CM";"7898966338137";"58120"
"COLHER COOK INOX ORIGINAL 37CM : COLHER COOK INOX ORIGINAL 37CM";"7899653781311";"58738"
"COLHER CAFE JUNCO 100UN CRISTAL PEQ. : COLHER CAFE JUNCO 100UN";"7896523116457";"52389"
"COLHER ARROZ SIMONAGGIO MONIZ : COLHER ARROZ SIMONAGGIO MONIZ";"7896211817314";"8960"
"COLA SUPER BONDER ORIGINAL 3G : COLA SUPER BONDER ORIGINAL 3G";"7891200190942";"44666"
"COLA SUPER BONDER FLEX GEL 2G POWER FLEX : COLA SUPER BONDER FLEX GEL 2G";"7891200017584";"31259"
"COLA SUPER BONDER 3G + 20% GRATIS ORIGINAL : COLA SUPER BONDER 3G + 20% GRATIS";"7891200017324";"68425"
"COLA PVC SUPERCOLA NEDO 17G REF.76 : COLA PVC SUPERCOLA NEDO 17G REF.76";"7896619800765";"4935"
"COLA PARA UNHAS POSTICAS RICCA 5G : COLA PARA UNHAS POSTICAS RICCA 5G";"7897517913427";"71880"
"COLA INSTANTANEA MUNDIAL PRIME 20G : COLA INSTANTANEA MUNDIAL PRIME 20G";"7898567704065";"65984"
"COLA ESCOLAR BRANCA MERCUR 40G : COLA ESCOLAR BRANCA MERCUR 40G";"7896342480111";"68216"
"COLA DE MADEIRA MUNDIAL PRIME 100G : COLA DE MADEIRA MUNDIAL PRIME 100G";"7898915994742";"65983"
"COLA BASTAO TEKBOND 20G BLISTER : COLA BASTAO TEKBOND 20G";"7898472268058";"68225"
"COGUMELOS SHITAKE TAKOISH 200G  : COGUMELOS SHITAKE TAKOISH 200G";"7935739803598";"34204"
"COGUMELOS SHIMEJI CINZA 200G  : COGUMELOS SHIMEJI CINZA 200G";"7935739665516";"34200"
"COGUMELOS SHIMEJI BRANCO 200G : COGUMELOS SHIMEJI BRANCO 200G";"793573966551";"54783"
"COGUMELOS PREDILECTA 100G : COGUMELOS PREDILECTA 100G";"7896292315174";"50125"
"COGUMELOS PORTOBELLO PARIS 250G  : COGUMELOS PORTOBELLO PARIS 250G";"793573980571";"34202"
"COENTRO UNIDADE : COENTRO UNIDADE";"2679";"16176"
"COENTRO MOIDO ZILIO 20G : COENTRO MOIDO ZILIO 20G";"7896280400523";"1427"
"COCO VERDE UNIDADE : COCO VERDE UNIDADE";"487";"2576"
"COCO SOCOCO FLOCOS FLOCOCO 100G  : COCO SOCOCO FLOCOS FLOCOCO 100G";"7896004400341";"794"
"COCO SECO KG : COCO SECO KG";"486";"2574"
"COCO SECO EM LASCAS KG : COCO SECO EM LASCAS KG";"6722";"54161"
"COCO RALADO UMIDO MAIS COCO 100G : COCO RALADO UMIDO MAIS COCO 100G";"7896004400730";"809"
"COCO RALADO SOCOCO SEM ACUCAR 100G : COCO RALADO SOCOCO SEM ACUCAR 100G";"7896004400013";"4118"
"COCO RALADO FINO SIAMAR 100G UMIDO E ADOCADO : COCO RALADO FINO SIAMAR 100G";"7896069576029";"51242"
"COCO RALADO DR. OETKER 100G : COCO RALADO DR. OETKER 100G";"7891048014196";"59003"
"COCO RALADO COPRA FINO PURO 100G SEM SACAROSE : COCO RALADO COPRA FINO PURO 100G";"7898905356796";"44839"
"COCO RALADO COPRA FINO 100G UMIDO/ADOCADO : COCO RALADO COPRA FINO 100G";"7898905356291";"64562"
"COCO DO VALE RALADO DESIDRAT. 100G : COCO DO VALE RALADO DESIDRAT. 100G";"7898370100092";"38744"
"COCO DO VALE RALADO 100G UMIDO E ADOCADO : COCO DO VALE RALADO 100G";"7898370100115";"38745"
"COCO DO VALE FLOCOS INTEGRAL 100G  : COCO DO VALE FLOCOS INTEGRAL 100G";"7898370100139";"38746"
"COCO DO VALE FLOCOS 100G UMIDO E ADOCADO : COCO DO VALE FLOCOS 100G";"7898370100177";"43644"
"COCO COPRA FLOCOS 100G UMIDO/ADOCADO : COCO COPRA FLOCOS 100G";"7898905356307";"57876"
"COCADA TATITANIA CUBOS 200G : COCADA TATITANIA CUBOS 200G";"7898022777122";"70884"
"COCADA CREMOSA TATITANIA 680G : COCADA CREMOSA TATITANIA 680G";"7898022771106";"21511"
"COCADA CREMOSA TATITANIA 400G : COCADA CREMOSA TATITANIA 400G";"7898022771151";"70881"
"COCADA CREMOSA TATITANIA 200G TRADICIONAL : COCADA CREMOSA TATITANIA 200G";"7898022771120";"70482"
"COCADA CREMOSA TATITANIA 200G MARACUJA : COCADA CREMOSA TATITANIA 200G";"7898022771267";"70482"
"COCADA CREMOSA TATITANIA 200G AMEIXA : COCADA CREMOSA TATITANIA 200G";"7898022771182";"70482"
"COCADA CREMOSA IGUAL QUI NEM 135G : COCADA CREMOSA IGUAL QUI NEM 135G";"7898952542388";"72095"
"COCADA CREMOSA DIET TATITANIA 380G : COCADA CREMOSA DIET TATITANIA 380G";"7898022771175";"70890"
"COCADA BRANCA DUCAIPIRA 130G : COCADA BRANCA DUCAIPIRA 130G";"7896255585712";"4342"
"COCA COLA PLUS CAFE ESPRESSO 220ML : COCA COLA PLUS CAFE ESPRESSO 220ML";"7894900025019";"49017"
"COBERTURA SORVETE DR.OETKER 190G MORANGO : COBERTURA SORVETE DR.OETKER 190G";"7891048014301";"46744"
"COBERTURA SORVETE DR.OETKER 190G CHOCOLATE : COBERTURA SORVETE DR.OETKER 190G";"7891048014318";"46744"
"COBERTURA SORVETE DR.OETKER 190G CARAMELO : COBERTURA SORVETE DR.OETKER 190G";"7891048014295";"46744"
"COBERTURA KENKO CHOCOLATE 250G : COBERTURA KENKO CHOCOLATE 250G";"7896007866625";"51901"
"COBERTURA KENKO 250G MORANGO : COBERTURA KENKO 250G";"7896007866601";"4288"
"COBERTURA KENKO 250G CARAMELO : COBERTURA KENKO 250G";"7896007866618";"4288"
"COBERTURA DE CHOCOLATE NESTLE 500G : COBERTURA DE CHOCOLATE NESTLE 500G";"7891000440902";"857"
"COBERTURA CHOCOLATE GAROTO 500G AO LEITE : COBERTURA CHOCOLATE GAROTO 500G";"7891008349023";"859"
"COBERTURA CHOCOLATE DR. OETKER 350G MEIO AMARGO : COBERTURA CHOCOLATE DR. OETKER 350G";"7891048014561";"61964"
"COBERTURA CHOCOLATE DR. OETKER 350G AO LEITE : COBERTURA CHOCOLATE DR. OETKER 350G";"7891048014547";"61964"
"COBERTURA CHOC. MEIO AMARGO GAROTO 500G : COBERTURA CHOC. MEIO AMARGO GAROTO";"7891008351026";"38112"
"COBERTURA AO LEITE KIDOCURA 400G : COBERTURA AO LEITE KIDOCURA 400G";"7896255530149";"849"
"COAGULANTE LIQUIDO ESTRELLA 200ML : COAGULANTE LIQUIDO ESTRELLA 200ML";"7896273400035";"843"
"COADOR ESPERANCA FLANELA PEQUENO C/ 1UN 100MM : COADOR ESPERANCA FLANELA PEQUENO";"7898373980011";"34009"
"COADOR ESPERANCA FLANELA GRANDE 1UN 120MM : COADOR ESPERANCA FLANELA GRANDE";"7898373980028";"34010"
"COADOR CAFE MATAO PANO GRANDE 1UN  : COADOR CAFE MATAO PANO GRANDE 1UN";"7899025505545";"37363"
"COADOR CAFE MATAO MEDIO PANO 1UN : COADOR CAFE MATAO MEDIO PANO 1UN";"7899025532312";"36767"
"COADOR CAFE MATAO MEDIO 1UN PERMANENTE : COADOR CAFE MATAO MEDIO 1UN";"7897021650054";"47021"
"CLORO JOB 2L : CLORO JOB 2L";"7898024100072";"158"
"CLORO GEL SANOL 700ML ORIGINAL : CLORO GEL SANOL 700ML";"7896183314699";"65284"
"CLORO GEL SANOL 700ML LAVANDA : CLORO GEL SANOL 700ML";"7896183314705";"65284"
"CLORO EM GEL JOB 2KG : CLORO EM GEL JOB 2KG";"7898024100942";"39387"
"CLORO ATIVO UAU 5+ SQUEEZE 500ML : CLORO ATIVO UAU 5+ SQUEEZE 500ML";"7891242810655";"70442"
"CLORO ATIVO UAU 5 EM 1 500ML LAVANDA : CLORO ATIVO UAU 5 EM 1 500ML";"7891242224001";"44920"
"CLORO ATIVO UAU 4 EM 1 SQ. 500ML : CLORO ATIVO UAU 4 EM 1 SQ. 500ML";"7891242211551";"29970"
"CIGARRETE PRESUNTO E QUEIJO UNID. : CIGARRETE PRESUNTO E QUEIJO UNID.";"2421";"13753"
"CIGARRETE KG : CIGARRETE KG";"5309";"39496"
"CIF TIRA LIMO CLORO SQUEZE 500ML  : CIF TIRA LIMO CLORO SQUEZE 500ML";"7891150071735";"55727"
"CIF TIRA LIMO CLORO SPR. 500ML -20% : CIF TIRA LIMO CLORO SPR. 500ML -20%";"7891150071674";"57682"
"CIF TIRA LIMO CLORO SACHE 450ML : CIF TIRA LIMO CLORO SACHE 450ML";"7891150071766";"38161"
"CIF MULTIUSO CREMOSO 250ML LIMAO : CIF MULTIUSO CREMOSO 250ML";"7891150022003";"32083"
"CIF MULTIUSO CREMOSO 250ML LARANJA : CIF MULTIUSO CREMOSO 250ML";"7891150034341";"32083"
"CIF MULTIUSO CREMOSO 250ML BRANCO : CIF MULTIUSO CREMOSO 250ML";"7891150022010";"32083"
"CIF MULTIUSO + LIMPEZA 500ML : CIF MULTIUSO + LIMPEZA 500ML";"7891150071650";"54426"
"CIF MULTIUSO + CUIDADO 500ML : CIF MULTIUSO + CUIDADO 500ML";"7891150071636";"54425"
"CIF MULTIUSO + ANTIBAC 500ML : CIF MULTIUSO + ANTIBAC 500ML";"7891150071742";"54410"
"CIF MULTIUSO + ANTIBAC 500ML - 15% : CIF MULTIUSO + ANTIBAC 500ML - 15%";"7891150081604";"60272"
"CIF LIMPA VIDROS SPRAY 500ML : CIF LIMPA VIDROS SPRAY 500ML";"7891150071773";"54424"
"CIF LIMPA VIDROS SACHE 450ML ULTRA RAPIDO : CIF LIMPA VIDROS SACHE 450ML";"7891150038547";"38157"
"CIF DETERGENTE MAQUINA LOUCAS 1KG : CIF DETERGENTE MAQUINA LOUCAS 1KG";"8710522675922";"56260"
"CIF DESENGORDURANTE SACHE 450ML DERRETE GORDURA : CIF DESENGORDURANTE SACHE 450ML";"7891150090750";"38156"
"CIF DESENGORDURANTE SACHE 450ML COZINHA : CIF DESENGORDURANTE SACHE 450ML";"7891150038530";"38156"
"CIF DESENGORDURANTE GATILHO 500ML ULTRA RAPIDO : CIF DESENGORDURANTE GATILHO 500ML";"7891150025332";"4045"
"CIF CREMOSO LIMPEZA PROFUNDA 450ML LIMAO : CIF CREMOSO LIMPEZA PROFUNDA 450ML";"7891150022027";"32080"
"CIF CREMOSO LIMPEZA PROFUNDA 450ML LARANJA : CIF CREMOSO LIMPEZA PROFUNDA 450ML";"7891150034365";"32080"
"CIF CREMOSO LIMPEZA PROFUNDA 450ML BRANCO : CIF CREMOSO LIMPEZA PROFUNDA 450ML";"7891150022034";"32080"
"CIF CREMOSO LIMPEZA MILAGROSA 450ML : CIF CREMOSO LIMPEZA MILAGROSA 450ML";"7791290796287";"73695"
"CIF CREMOSO 450ML - GRATIS 20% ORIGINAL : CIF CREMOSO 450ML - GRATIS 20%";"7891150062153";"49931"
"CIF COZINHA REMOVEDOR GORD. 500ML SPRAY : CIF COZINHA REMOVEDOR GORD. 500ML";"7891150071643";"54433"
"CIF BANHEIRO ULTRA RAPIDO GTL 500ML SEM CLORO : CIF BANHEIRO ULTRA RAPIDO GTL 500ML";"7891150038585";"38158"
"CIF BANHEIRO ULTRA RAPIDO DP 450ML SEM CLORO : CIF BANHEIRO ULTRA RAPIDO DP 450ML";"7891150038561";"38162"
"CIF BANHEIRO HIGIENIZADOR 500ML S/ CLORO SPRAY : CIF BANHEIRO HIGIENIZADOR 500ML";"7891150071667";"54432"
"CHURROS DOCE LEITE KG : CHURROS DOCE LEITE KG";"2776";"17128"
"CHUPETA NEOPAN ESTAMPADA ORTOD. Nº2 UNICORNIO : CHUPETA NEOPAN ESTAMPADA ORTOD. Nº2";"7896036548271";"47972"
"CHUPETA NEOPAN ESTAMPADA ORTOD. Nº2 MACACO : CHUPETA NEOPAN ESTAMPADA ORTOD. Nº2";"7896036548646";"47972"
"CHUPETA NEOPAN ESTAMPADA ORTOD. Nº2 DINO REX : CHUPETA NEOPAN ESTAMPADA ORTOD. Nº2";"7896036548813";"47972"
"CHUPETA NEOPAN ESTAMPADA ORTOD. Nº2 CORUJA : CHUPETA NEOPAN ESTAMPADA ORTOD. Nº2";"7896036548288";"47972"
"CHUPETA NEOPAN ESTAMPADA ORTOD. Nº1 FLAMINGO : CHUPETA NEOPAN ESTAMPADA ORTOD. Nº1";"7896036548721";"53043"
"CHUPETA NEOPAN DECORADA ORTOD. Nº2 AZUL : CHUPETA NEOPAN DECORADA ORTOD. Nº2";"7896036542415";"53130"
"CHUPETA NEOPAN DECORADA ORTOD. Nº1 ROSA : CHUPETA NEOPAN DECORADA ORTOD. Nº1";"7896036542323";"42486"
"CHUPETA NEOPAN DECORADA ORTOD. Nº1 AZUL : CHUPETA NEOPAN DECORADA ORTOD. Nº1";"7896036542316";"42486"
"CHUPETA NEOPAN BICOLOR ORTOD. Nº2 AZUL : CHUPETA NEOPAN BICOLOR ORTOD. Nº2";"7896036544419";"43073"
"CHUCHU PICADO BANDEJA KG : CHUCHU PICADO BANDEJA KG";"1272";"10953"
"CHUCHU KG : CHUCHU KG";"483";"2929"
"CHUCHU EMBALADO KG : CHUCHU EMBALADO KG";"484";"3037"
"CHOPP WIENBIER 59 IPA 1,5L : CHOPP WIENBIER 59 IPA 1,5L";"7898099397575";"74533"
"CHOPP WIENBIER 58 RUBY 1,5L : CHOPP WIENBIER 58 RUBY 1,5L";"7898099397643";"67082"
"CHOPP WIENBIER 55 PILSEN 1,5L : CHOPP WIENBIER 55 PILSEN 1,5L";"7898099397537";"74532"
"CHOPP PALAZZO VINHO 1L : CHOPP PALAZZO VINHO 1L";"7908661700259";"73040"
"CHOPP PALAZZO PILSEN 1L : CHOPP PALAZZO PILSEN 1L";"7896490401228";"6856"
"CHOPP PALAZZO ESCURO 1L : CHOPP PALAZZO ESCURO 1L";"7896490401242";"56460"
"CHOCOWAFER PIRAQUE 100,8G CHOCOLATE : CHOCOWAFER PIRAQUE 100,8G";"7896024760807";"61733"
"CHOCOTTONE KG : CHOCOTTONE KG";"296";"5872"
"CHOCOLATTO 3 CORACOES SACHE 700G : CHOCOLATTO 3 CORACOES SACHE 700G";"7896224836098";"45880"
"CHOCOLATE ZEROMILK 0% LACTOSE 80G CRISP : CHOCOLATE ZEROMILK 0% LACTOSE 80G";"7898934980986";"40904"
"CHOCOLATE ZEROMILK 0% LACTOSE 80G 40% PURO : CHOCOLATE ZEROMILK 0% LACTOSE 80G";"7898934981044";"40904"
"CHOCOLATE TWIX TRIPLO CHOCOLATE 40G : CHOCOLATE TWIX TRIPLO CHOCOLATE 40G";"7896423405491";"43022"
"CHOCOLATE TWIX ORIGINAL 80G : CHOCOLATE TWIX ORIGINAL 80G";"7896423451191";"38568"
"CHOCOLATE TWIX ORIGINAL 40G : CHOCOLATE TWIX ORIGINAL 40G";"7896423470994";"13011"
"CHOCOLATE TORTUGUITA KIDS 12,5G BAUNILHA : CHOCOLATE TORTUGUITA KIDS 12,5G";"7898142866201";"73689"
"CHOCOLATE TORTUGUITA BRANCO 80G BRANCO/COOKIES : CHOCOLATE TORTUGUITA BRANCO 80G";"7898142865730";"71606"
"CHOCOLATE TORTUGUITA 80G LEITE/CROCANTE : CHOCOLATE TORTUGUITA 80G";"7898142865761";"41143"
"CHOCOLATE TORTUGUITA 80G CONFEITOS : CHOCOLATE TORTUGUITA 80G";"7898142865815";"41143"
"CHOCOLATE TORTUGUITA 80G AO LEITE : CHOCOLATE TORTUGUITA 80G";"7898142865785";"41143"
"CHOCOLATE TORTUGUITA 11,5G AERADA : CHOCOLATE TORTUGUITA 11,5G";"7898142865037";"61465"
"CHOCOLATE TALENTO RECHEADO 85G OPERETA : CHOCOLATE TALENTO RECHEADO 85G";"7891008122213";"46966"
"CHOCOLATE TALENTO RECHEADO 85G MORANGO : CHOCOLATE TALENTO RECHEADO 85G";"7891008170573";"46966"
"CHOCOLATE TALENTO 85G. MEIO AMARGO : CHOCOLATE TALENTO 85G.";"7891008297539";"793"
"CHOCOLATE TALENTO 85G. CASTANHA PARA : CHOCOLATE TALENTO 85G.";"7891008232004";"793"
"CHOCOLATE TALENTO 85G. AVELAS : CHOCOLATE TALENTO 85G.";"7891008231007";"793"
"CHOCOLATE TALENTO 85G. AMEN/PASSAS : CHOCOLATE TALENTO 85G.";"7891008223309";"793"
"CHOCOLATE TALENTO 85G DOCE DE LEITE : CHOCOLATE TALENTO 85G";"7891008127409";"40167"
"CHOCOLATE TALENTO 85G CEREAIS/PASSAS : CHOCOLATE TALENTO 85G";"7891008151275";"40167"
"CHOCOLATE STEVIACHOCO 80G 66%CACAU : CHOCOLATE STEVIACHOCO 80G";"7898934983628";"44834"
"CHOCOLATE STEVIACHOCO 80G 55%CACAU : CHOCOLATE STEVIACHOCO 80G";"7898934983598";"44834"
"CHOCOLATE SNICKERS BRANCO 42G : CHOCOLATE SNICKERS BRANCO 42G";"7896423488883";"72421"
"CHOCOLATE SNICKERS 45G PE DE MOLEQUE : CHOCOLATE SNICKERS 45G";"7896423497984";"38577"
"CHOCOLATE SNICKERS 45G ORIGINAL : CHOCOLATE SNICKERS 45G";"7896423420180";"38577"
"CHOCOLATE SNICKERS 42G MOUSSE MARACUJA : CHOCOLATE SNICKERS 42G";"7896423456561";"59729"
"CHOCOLATE SNICKERS 42G MORANGO : CHOCOLATE SNICKERS 42G";"7896423445985";"59729"
"CHOCOLATE SNICKERS 42G DARK : CHOCOLATE SNICKERS 42G";"7896423481860";"59729"
"CHOCOLATE SNICKERS 2 BARS 78G : CHOCOLATE SNICKERS 2 BARS 78G";"7896423420326";"45076"
"CHOCOLATE QUENTE 3 CORACOES 180G : CHOCOLATE QUENTE 3 CORACOES 180G";"7896045110612";"71008"
"CHOCOLATE ONLY4 85% CACAU 80G : CHOCOLATE ONLY4 85% CACAU 80G";"7898934982331";"66725"
"CHOCOLATE ONLY4 70% CACAU 80G PURO : CHOCOLATE ONLY4 70% CACAU 80G";"7898934982690";"40642"
"CHOCOLATE ONLY4 70% CACAU 80G FLOR DE SAL : CHOCOLATE ONLY4 70% CACAU 80G";"7898934982591";"40642"
"CHOCOLATE ONLY4 70% CACAU 80G CRANBERRY : CHOCOLATE ONLY4 70% CACAU 80G";"7898934982560";"40642"
"CHOCOLATE ONLY4 55% CACAU 80G : CHOCOLATE ONLY4 55% CACAU 80G";"7898934981914";"65483"
"CHOCOLATE NESTLE SURPRESA 20G : CHOCOLATE NESTLE SURPRESA 20G";"7891000408490";"73961"
"CHOCOLATE NESTLE SUFLAIR 80G DUO : CHOCOLATE NESTLE SUFLAIR 80G";"7891000329665";"763"
"CHOCOLATE NESTLE SUFLAIR 80G AO LEITE : CHOCOLATE NESTLE SUFLAIR 80G";"7891000329856";"763"
"CHOCOLATE NESTLE SUFLAIR 50G AO LEITE : CHOCOLATE NESTLE SUFLAIR 50G";"7891000107836";"22487"
"CHOCOLATE NESTLE SENSACAO 38G : CHOCOLATE NESTLE SENSACAO 38G";"7891000405017";"46913"
"CHOCOLATE NESTLE PRESTIGIO 33G TRADICIONAL : CHOCOLATE NESTLE PRESTIGIO 33G";"7891000460207";"45251"
"CHOCOLATE NESTLE PRESTIGIO 33G DOCE DE LEITE : CHOCOLATE NESTLE PRESTIGIO 33G";"7891000401101";"45251"
"CHOCOLATE NESTLE PRESTIGIO 114G : CHOCOLATE NESTLE PRESTIGIO 114G";"7891000256152";"48590"
"CHOCOLATE NESTLE NESCAU BALL 75G : CHOCOLATE NESTLE NESCAU BALL 75G";"7891000462805";"767"
"CHOCOLATE NESTLE MOCA 38G : CHOCOLATE NESTLE MOCA 38G";"7891000405703";"21047"
"CHOCOLATE NESTLE GALAK 80G : CHOCOLATE NESTLE GALAK 80G";"7891000368626";"45214"
"CHOCOLATE NESTLE DIPLOMATA 80G : CHOCOLATE NESTLE DIPLOMATA 80G";"7891000368893";"45217"
"CHOCOLATE NESTLE CRUNCH 80G CRUNCH : CHOCOLATE NESTLE CRUNCH 80G";"7891000369371";"11393"
"CHOCOLATE NESTLE CLASSIC 80G PRESTIGIO : CHOCOLATE NESTLE CLASSIC 80G";"7891000368947";"51181"
"CHOCOLATE NESTLE CLASSIC 80G MEIO AMARGO : CHOCOLATE NESTLE CLASSIC 80G";"7891000368572";"51181"
"CHOCOLATE NESTLE CLASSIC 80G DUO : CHOCOLATE NESTLE CLASSIC 80G";"7891000368992";"51181"
"CHOCOLATE NESTLE CLASSIC 80G AO LEITE : CHOCOLATE NESTLE CLASSIC 80G";"7891000369098";"51181"
"CHOCOLATE NESTLE CHOKITO 114G : CHOCOLATE NESTLE CHOKITO 114G";"7891000258491";"49485"
"CHOCOLATE NESTLE CHARGE 117G : CHOCOLATE NESTLE CHARGE 117G";"7891000258477";"49486"
"CHOCOLATE NESTLE ALPINO 85G AO LEITE : CHOCOLATE NESTLE ALPINO 85G";"7891000336373";"45213"
"CHOCOLATE NESTLE ALPINO 195G : CHOCOLATE NESTLE ALPINO 195G";"7891000067253";"9858"
"CHOCOLATE NESTLE 150G CLASSIC LEITE : CHOCOLATE NESTLE 150G";"7891000361214";"34794"
"CHOCOLATE NESTLE 150G CLASSIC DUO : CHOCOLATE NESTLE 150G";"7891000359006";"34794"
"CHOCOLATE NESTLE 150G CLASSIC AMENDOI : CHOCOLATE NESTLE 150G";"7891000358887";"34794"
"CHOCOLATE MILKA RAISIN AND NUT 90G : CHOCOLATE MILKA RAISIN AND NUT 90G";"7622202269790";"74909"
"CHOCOLATE MILKA NOISETTE 90G : CHOCOLATE MILKA NOISETTE 90G";"7622202257421";"74908"
"CHOCOLATE MILKA HAZELNUT 90G : CHOCOLATE MILKA HAZELNUT 90G";"7622202269844";"74905"
"CHOCOLATE MILKA COW 90G : CHOCOLATE MILKA COW 90G";"7622202257803";"74907"
"CHOCOLATE MILKA CARAMEL 100G : CHOCOLATE MILKA CARAMEL 100G";"7622210030597";"55598"
"CHOCOLATE MILKA BUBBLY 95G WHITE : CHOCOLATE MILKA BUBBLY 95G";"7622210369543";"55596"
"CHOCOLATE MILKA BUBBLY 90G ALPINE MILK : CHOCOLATE MILKA BUBBLY 90G";"7622210369444";"38894"
"CHOCOLATE MILKA ALPINE MILK 90G : CHOCOLATE MILKA ALPINE MILK 90G";"7622202273452";"74903"
"CHOCOLATE MILKA 92G OREO SANDWICH : CHOCOLATE MILKA 92G";"7622210830043";"16542"
"CHOCOLATE MILKA 100G WHOLE HAZELNUT : CHOCOLATE MILKA 100G";"3045140118502";"40905"
"CHOCOLATE MILKA 100G STRAWBERRY : CHOCOLATE MILKA 100G";"7622300498429";"40905"
"CHOCOLATE MILKA 100G RAISINS & NUTS : CHOCOLATE MILKA 100G";"3045140280902";"40905"
"CHOCOLATE MILKA 100G PEDACOS DAIM : CHOCOLATE MILKA 100G";"7622300370367";"40905"
"CHOCOLATE MILKA 100G OREO BROWNIE : CHOCOLATE MILKA 100G";"7622210956163";"40905"
"CHOCOLATE MILKA 100G OREO BRANCO : CHOCOLATE MILKA 100G";"7622201109615";"40905"
"CHOCOLATE MILKA 100G OREO : CHOCOLATE MILKA 100G";"7622300631574";"40905"
"CHOCOLATE MILKA 100G CREME CEREJA : CHOCOLATE MILKA 100G";"7622201098544";"40905"
"CHOCOLATE MILKA 100G CHOC. AO LEITE : CHOCOLATE MILKA 100G";"3045140105502";"40905"
"CHOCOLATE MILKA 100G CHIPS AHOY : CHOCOLATE MILKA 100G";"7622210269249";"40905"
"CHOCOLATE MILKA 100G AVELAS : CHOCOLATE MILKA 100G";"4025700001023";"40905"
"CHOCOLATE MILKA & LU 87G : CHOCOLATE MILKA & LU 87G";"7622210286109";"58746"
"CHOCOLATE M&M'S PIPOCA 120G : CHOCOLATE M&M'S PIPOCA 120G";"7896423423914";"71427"
"CHOCOLATE M&M'S CRISPY 120G : CHOCOLATE M&M'S CRISPY 120G";"7896423402223";"61551"
"CHOCOLATE M&M'S AO LEITE TUBO 30G : CHOCOLATE M&M'S AO LEITE TUBO 30G";"7896423419276";"4377"
"CHOCOLATE M&M'S AO LEITE SACHE 148G : CHOCOLATE M&M'S AO LEITE SACHE 148G";"7896423420791";"7581"
"CHOCOLATE M&M'S AO LEITE NATAL 148G SACHE : CHOCOLATE M&M'S AO LEITE NATAL 148G";"7896423447170";"46699"
"CHOCOLATE M&M'S AMENDOIM SACHE 148G : CHOCOLATE M&M'S AMENDOIM SACHE 148G";"7896423421521";"762"
"CHOCOLATE M&M'S 45G CHOCOLATE : CHOCOLATE M&M'S 45G";"7896423470697";"47499"
"CHOCOLATE M&M'S 45G AMENDOIM : CHOCOLATE M&M'S 45G";"7896423469820";"47499"
"CHOCOLATE LACTA SONHO DE VALSA 98G : CHOCOLATE LACTA SONHO DE VALSA 98G";"7622210528186";"66974"
"CHOCOLATE LACTA SHOT 50,1G : CHOCOLATE LACTA SHOT 50,1G";"7622202303579";"74863"
"CHOCOLATE LACTA OURO BRANCO 98G : CHOCOLATE LACTA OURO BRANCO 98G";"7622210528216";"66973"
"CHOCOLATE LACTA LAKA/OREO 80G : CHOCOLATE LACTA LAKA/OREO 80G";"7622210936707";"71166"
"CHOCOLATE LACTA LAKA 145G : CHOCOLATE LACTA LAKA 145G";"7622210534897";"71080"
"CHOCOLATE LACTA 80G. AMARO : CHOCOLATE LACTA 80G.";"7622210961716";"49356"
"CHOCOLATE LACTA 80G SHOT : CHOCOLATE LACTA 80G";"7622300991371";"43162"
"CHOCOLATE LACTA 80G OREO : CHOCOLATE LACTA 80G";"7622300992033";"43162"
"CHOCOLATE LACTA 80G LAKA : CHOCOLATE LACTA 80G";"7622300991418";"43162"
"CHOCOLATE LACTA 80G DIAMANTE/LAKA : CHOCOLATE LACTA 80G";"7622210961679";"43162"
"CHOCOLATE LACTA 80G DIAMANTE NEGRO : CHOCOLATE LACTA 80G";"7622300991500";"43162"
"CHOCOLATE LACTA 80G AO LEITE : CHOCOLATE LACTA 80G";"7622300991456";"43162"
"CHOCOLATE LACTA 34G DIAMANTE NEGRO : CHOCOLATE LACTA 34G";"7622210573322";"64568"
"CHOCOLATE LACTA 145G SHOT : CHOCOLATE LACTA 145G";"7622210534866";"71081"
"CHOCOLATE LACTA 145G LAKA OREO : CHOCOLATE LACTA 145G";"7622210534743";"71081"
"CHOCOLATE LACTA 145G DIAMANTE/LAKA : CHOCOLATE LACTA 145G";"7622210534712";"71081"
"CHOCOLATE LACTA 145G DIAMANTE NEGRO : CHOCOLATE LACTA 145G";"7622210534804";"71081"
"CHOCOLATE LACTA 145G AO LEITE : CHOCOLATE LACTA 145G";"7622210534835";"71081"
"CHOCOLATE LACTA 145G AMARO : CHOCOLATE LACTA 145G";"7622210534774";"71081"
"CHOCOLATE LACIELLA ZERO ACUCAR 80G LEITE/CROCANTE : CHOCOLATE LACIELLA ZERO ACUCAR 80G";"7896530723549";"58297"
"CHOCOLATE LACIELLA ZERO ACUCAR 80G AO LEITE : CHOCOLATE LACIELLA ZERO ACUCAR 80G";"7896530722863";"58297"
"CHOCOLATE LACIELLA ZERO ACUCAR 80G 70% CACAU : CHOCOLATE LACIELLA ZERO ACUCAR 80G";"7896530723044";"58297"
"CHOCOLATE LACIELLA ZERO ACUCAR 20G AO LEITE : CHOCOLATE LACIELLA ZERO ACUCAR 20G";"7896530722092";"58316"
"CHOCOLATE LACIELLA ZERO ACUCAR 20G 70% CACAU : CHOCOLATE LACIELLA ZERO ACUCAR 20G";"7896530722986";"58316"
"CHOCOLATE LACIELLA BRANCO ZERO 20G COOKIES : CHOCOLATE LACIELLA BRANCO ZERO 20G";"7896530723525";"58315"
"CHOCOLATE LACIELLA 70% CACAU 80G : CHOCOLATE LACIELLA 70% CACAU 80G";"7896530722849";"58317"
"CHOCOLATE KIT KAT WHITE 41,5G : CHOCOLATE KIT KAT WHITE 41,5G";"7891000249239";"45860"
"CHOCOLATE KIT KAT MOMENTS 34,6G COOKIES : CHOCOLATE KIT KAT MOMENTS 34,6G";"7891000349779";"66095"
"CHOCOLATE KIT KAT MOMENTS 34,6G CARAMELO : CHOCOLATE KIT KAT MOMENTS 34,6G";"7891000349724";"66095"
"CHOCOLATE KIT KAT MILK 41,5G : CHOCOLATE KIT KAT MILK 41,5G";"7891000248775";"45866"
"CHOCOLATE KIT KAT DARK 41,5G : CHOCOLATE KIT KAT DARK 41,5G";"7891000248829";"43303"
"CHOCOLATE KIT KAT CELEBREAK 185,6G : CHOCOLATE KIT KAT CELEBREAK 185,6G";"7891000376072";"37805"
"CHOCOLATE KINDER OVO 2UN 40G MINIONS : CHOCOLATE KINDER OVO 2UN 40G";"7898024398257";"32160"
"CHOCOLATE KINDER OVO 2UN 40G MENINOS : CHOCOLATE KINDER OVO 2UN 40G";"7898024395850";"32160"
"CHOCOLATE KINDER OVO 2UN 40G MENINAS : CHOCOLATE KINDER OVO 2UN 40G";"7898024395867";"32160"
"CHOCOLATE KINDER OVO 2UN 40G MASHA E O URSO : CHOCOLATE KINDER OVO 2UN 40G";"7898024398264";"32160"
"CHOCOLATE KINDER OVO 20G MENINO : CHOCOLATE KINDER OVO 20G";"78940833";"37184"
"CHOCOLATE KINDER OVO 20G MENINAS : CHOCOLATE KINDER OVO 20G";"78940840";"37184"
"CHOCOLATE KINDER JOY 2UN 40G : CHOCOLATE KINDER JOY 2UN 40G";"7898024394938";"24579"
"CHOCOLATE KINDER JOY 20G : CHOCOLATE KINDER JOY 20G";"78602731";"1860"
"CHOCOLATE KINDER BUENO WHITE 39G : CHOCOLATE KINDER BUENO WHITE 39G";"80761761";"41159"
"CHOCOLATE KINDER BUENO 43G : CHOCOLATE KINDER BUENO 43G";"80052760";"16751"
"CHOCOLATE KINDER BUENO 129G : CHOCOLATE KINDER BUENO 129G";"8000500050897";"74469"
"CHOCOLATE KINDER 75G : CHOCOLATE KINDER 75G";"7898024397410";"61550"
"CHOCOLATE KINDER 50G : CHOCOLATE KINDER 50G";"80177609";"41276"
"CHOCOLATE HERSHEYS SPECIAL DARK 85G TRADIC. - 73% : CHOCOLATE HERSHEYS SPECIAL DARK 85G";"7899970401657";"51188"
"CHOCOLATE HERSHEYS SPECIAL DARK 85G TRADIC. - 60% : CHOCOLATE HERSHEYS SPECIAL DARK 85G";"7899970400902";"51188"
"CHOCOLATE HERSHEYS SPECIAL DARK 85G LARANJA - 60% : CHOCOLATE HERSHEYS SPECIAL DARK 85G";"7899970400940";"51188"
"CHOCOLATE HERSHEYS SPECIAL DARK 85G CRANBERRY 60% : CHOCOLATE HERSHEYS SPECIAL DARK 85G";"7899970400964";"51188"
"CHOCOLATE HERSHEYS SPECIAL DARK 85G CAFE - 60% : CHOCOLATE HERSHEYS SPECIAL DARK 85G";"7899970400988";"51188"
"CHOCOLATE HERSHEYS SPECIAL DARK 80G CARAMEL SALG. : CHOCOLATE HERSHEYS SPECIAL DARK 80G";"7899970403477";"73462"
"CHOCOLATE HERSHEYS SPEC. DARK 85G AMARGO CROCANTE : CHOCOLATE HERSHEYS SPEC. DARK 85G";"7899970402692";"32755"
"CHOCOLATE HERSHEYS COOKIES CR. 77G : CHOCOLATE HERSHEYS COOKIES CR. 77G";"7899970402852";"67658"
"CHOCOLATE HERSHEYS BRANCO 82G : CHOCOLATE HERSHEYS BRANCO 82G";"7899970402807";"49098"
"CHOCOLATE HERSHEYS AIR 85G : CHOCOLATE HERSHEYS AIR 85G";"7899970400452";"42274"
"CHOCOLATE HERSHEYS 85G CAFE MACCHIATO : CHOCOLATE HERSHEYS 85G";"7899970402159";"49448"
"CHOCOLATE HERSHEYS 85G CAFE ESPRESSO : CHOCOLATE HERSHEYS 85G";"7899970402401";"49448"
"CHOCOLATE HERSHEYS 85G CAFE CAPPUCCINO : CHOCOLATE HERSHEYS 85G";"7899970402173";"49448"
"CHOCOLATE HERSHEYS 82G MEIO AMARGO : CHOCOLATE HERSHEYS 82G";"7899970402838";"49097"
"CHOCOLATE HERSHEYS 82G EXTRA CREMOSO : CHOCOLATE HERSHEYS 82G";"7899970402821";"49097"
"CHOCOLATE HERSHEYS 82G AO LEITE : CHOCOLATE HERSHEYS 82G";"7899970402814";"49097"
"CHOCOLATE HERSHEYS 77G OVOMALTINE : CHOCOLATE HERSHEYS 77G";"7899970402876";"65866"
"CHOCOLATE HERSHEYS 77G COOKIES/CHOC. : CHOCOLATE HERSHEYS 77G";"7899970402869";"65866"
"CHOCOLATE HERSHEYS 75G AMENDOIM : CHOCOLATE HERSHEYS 75G";"7899970402883";"65920"
"CHOCOLATE GRANULADO ZILIO 70G : CHOCOLATE GRANULADO ZILIO 70G";"7896280402220";"28593"
"CHOCOLATE GRANULADO ZILIO 120G : CHOCOLATE GRANULADO ZILIO 120G";"7896280402848";"69646"
"CHOCOLATE GRANULADO SIAMAR 120G : CHOCOLATE GRANULADO SIAMAR 120G";"7896069527809";"4275"
"CHOCOLATE GRANULADO FA 50G : CHOCOLATE GRANULADO FA 50G";"7896523100968";"49606"
"CHOCOLATE GRANULADO FA 150G : CHOCOLATE GRANULADO FA 150G";"7896523121703";"49959"
"CHOCOLATE GAROTO CHOCOTRIO 90G PRESTIGIO : CHOCOLATE GAROTO CHOCOTRIO 90G";"7891000409640";"69932"
"CHOCOLATE GAROTO CHOCOTRIO 90G NEGRESCO : CHOCOLATE GAROTO CHOCOTRIO 90G";"7891000395445";"69932"
"CHOCOLATE GAROTO CHOCOTRIO 90G BONO MORANGO : CHOCOLATE GAROTO CHOCOTRIO 90G";"7891000395537";"69932"
"CHOCOLATE GAROTO 80G. NEGRESCO : CHOCOLATE GAROTO 80G.";"7891008266337";"45220"
"CHOCOLATE GAROTO 80G CRUNCH : CHOCOLATE GAROTO 80G";"7891000397128";"45219"
"CHOCOLATE GAROTO 80G CROCANTE : CHOCOLATE GAROTO 80G";"7891008168839";"45219"
"CHOCOLATE GAROTO 80G CASTANHA CAJU : CHOCOLATE GAROTO 80G";"7891008168877";"45219"
"CHOCOLATE GAROTO 80G CAJU E PASSAS : CHOCOLATE GAROTO 80G";"7891008269239";"45219"
"CHOCOLATE GAROTO 80G BRANCO : CHOCOLATE GAROTO 80G";"7891008168860";"45219"
"CHOCOLATE GAROTO 80G AO LEITE : CHOCOLATE GAROTO 80G";"7891008268881";"45219"
"CHOCOLATE GAROTO 150G. NEGRESCO : CHOCOLATE GAROTO 150G.";"7891000395575";"36412"
"CHOCOLATE GAROTO 150G. LEITE/AMENDOIM : CHOCOLATE GAROTO 150G.";"7891008125723";"36412"
"CHOCOLATE GAROTO 150G. CROCANTE : CHOCOLATE GAROTO 150G.";"7891000395629";"36412"
"CHOCOLATE FERRERO ROCHER BRANCO 90G BRANCO : CHOCOLATE FERRERO ROCHER BRANCO 90G";"7898024399049";"71149"
"CHOCOLATE FERRERO ROCHER 90G DARK 55% CACAU : CHOCOLATE FERRERO ROCHER 90G";"7898024399025";"70622"
"CHOCOLATE FERRERO ROCHER 90G AO LEITE : CHOCOLATE FERRERO ROCHER 90G";"7898024399001";"70622"
"CHOCOLATE EM PO ZILIO SACHE 400G : CHOCOLATE EM PO ZILIO SACHE 400G";"7896280400103";"4615"
"CHOCOLATE EM PO SOLUVEL ZILIO 200G : CHOCOLATE EM PO SOLUVEL ZILIO 200G";"7896280401841";"35607"
"CHOCOLATE EM PO ITALAC 200G : CHOCOLATE EM PO ITALAC 200G";"7898080640970";"74401"
"CHOCOLATE EM PO GAROTO 200G : CHOCOLATE EM PO GAROTO 200G";"7891008040029";"854"
"CHOCOLATE EM PO DR. OETKER 200G : CHOCOLATE EM PO DR. OETKER 200G";"7891048000090";"9406"
"CHOCOLATE EM PO CREMOSO SIAMAR 200G : CHOCOLATE EM PO CREMOSO SIAMAR 200G";"7896069575732";"46867"
"CHOCOLATE EM PO 70% DR. OETKER 200G : CHOCOLATE EM PO 70% DR. OETKER 200G";"7891048000106";"46472"
"CHOCOLATE DO PAPA KODILAR 200G : CHOCOLATE DO PAPA KODILAR 200G";"7896256071160";"35570"
"CHOCOLATE DECOR. DR. OETKER 1,01KG. CHOC. BRANCO : CHOCOLATE DECOR. DR. OETKER 1,01KG.";"7891048014431";"54237"
"CHOCOLATE DECOR. DR. OETKER 1,01KG MEIO AMARGO : CHOCOLATE DECOR. DR. OETKER 1,01KG";"7891048014424";"53929"
"CHOCOLATE DECOR. DR. OETKER 1,01KG AO LEITE : CHOCOLATE DECOR. DR. OETKER 1,01KG";"7891048014400";"53929"
"CHOCOLATE CREMOSO 450ML : CHOCOLATE CREMOSO 450ML";"4420";"34152"
"CHOCOLATE CHOKITO NESTLE 32G : CHOCOLATE CHOKITO NESTLE 32G";"7891000462300";"21215"
"CHOCOLATE CARIBE 28G : CHOCOLATE CARIBE 28G";"7891008121193";"65321"
"CHOCOLATE BIS XTRA 45G OREO : CHOCOLATE BIS XTRA 45G";"7622300988517";"34598"
"CHOCOLATE BIS XTRA 45G BRANCO : CHOCOLATE BIS XTRA 45G";"7622210534576";"34598"
"CHOCOLATE BIS XTRA 45G BLACK : CHOCOLATE BIS XTRA 45G";"7622210566409";"34598"
"CHOCOLATE BIS XTRA 45G AO LEITE : CHOCOLATE BIS XTRA 45G";"7622300988470";"34598"
"CHOCOLATE BIS LACTA LAKA 100,8G : CHOCOLATE BIS LACTA LAKA 100,8G";"7622300807283";"70814"
"CHOCOLATE BIS LACTA AO LEITE 100,8G : CHOCOLATE BIS LACTA AO LEITE 100,8G";"7622300807399";"70813"
"CHOCOLATE BIS LACTA 100,8G OREO : CHOCOLATE BIS LACTA 100,8G";"7622300989316";"43104"
"CHOCOLATE BIS LACTA 100,8G BLACK : CHOCOLATE BIS LACTA 100,8G";"7622210833389";"43104"
"CHOCOLATE BATON BRANCO 16G : CHOCOLATE BATON BRANCO 16G";"78912366";"36427"
"CHOCOLATE BATON AO LEITE 16G AO LEITE : CHOCOLATE BATON AO LEITE 16G";"78912359";"43899"
"CHOCOLATE BATON 16G EXTRA MILK : CHOCOLATE BATON 16G";"78939363";"7722"
"CHOCOLATE BATON 16G DUO : CHOCOLATE BATON 16G";"78930193";"7722"
"CHOCOLATE BATON 16G CREME AO LEITE : CHOCOLATE BATON 16G";"78930230";"7722"
"CHOCOLATE ARCOR BLOCK 140G LEITE/AMENDOIM : CHOCOLATE ARCOR BLOCK 140G";"7898142865969";"72599"
"CHOCOLATE ARCOR 80G ROCKLETS LEITE : CHOCOLATE ARCOR 80G";"7898142863972";"42285"
"CHOCOLATE ARCOR 80G CHOC. BRANCO : CHOCOLATE ARCOR 80G";"7898142863941";"42285"
"CHOCOLATE ARCOR 80G BRIGADEIRO : CHOCOLATE ARCOR 80G";"7898142863927";"42285"
"CHOCOLATE ARCOR 80G AO LEITE : CHOCOLATE ARCOR 80G";"7898142863798";"42285"
"CHOCOLATE ARCOR 80G AMENDOIM : CHOCOLATE ARCOR 80G";"7898142863835";"42285"
"CHOCOLATE ARCOR 80G AMARGO 53% : CHOCOLATE ARCOR 80G";"7898142863859";"42285"
"CHOCOLATE AMANDITA LACTA 200G : CHOCOLATE AMANDITA LACTA 200G";"7896019607636";"830"
"CHOCOLATE 5 STAR LACTA 40G : CHOCOLATE 5 STAR LACTA 40G";"7622210411501";"39835"
"CHOCOCCINO LA SANTE CLASSIC 200G  : CHOCOCCINO LA SANTE CLASSIC 200G";"7898510051284";"41663"
"CHOCOBITES FRAMBOESA PALANDA 120G AO LEITE/BRANCO : CHOCOBITES FRAMBOESA PALANDA 120G";"619205803318";"68653"
"CHOCOBITES FRAMBOESA PALANDA 120G AMARGO/BRANCO : CHOCOBITES FRAMBOESA PALANDA 120G";"0619205803288";"68653"
"CHOCO TRIO NESTLE 90G PASTA AMENDOIM : CHOCO TRIO NESTLE 90G";"7891000377666";"66582"
"CHOCO TRIO NESTLE 90G LEITE : CHOCO TRIO NESTLE 90G";"7891000377567";"66582"
"CHOCO TRIO NESTLE 90G CHOCOLATE : CHOCO TRIO NESTLE 90G";"7891000377611";"66582"
"CHOCO TRIO NESTLE 90G AVELA : CHOCO TRIO NESTLE 90G";"7891000422083";"66582"
"CHOCO COOKIES NESTLE 120G CHOCOLATE : CHOCO COOKIES NESTLE 120G";"7891000381588";"66780"
"CHOCO COOKIES NESTLE 120G AVELA : CHOCO COOKIES NESTLE 120G";"7891000381625";"66780"
"CHOCO COOKIES NESTLE 100G PEANUT BUTTER : CHOCO COOKIES NESTLE 100G";"7891000412503";"74686"
"CHOCO COOKIES NESTLE 100G CREME AVELA : CHOCO COOKIES NESTLE 100G";"7891000415313";"74686"
"CHOCO COOKIES NESTLE 100G BROWNIE : CHOCO COOKIES NESTLE 100G";"7891000415306";"74686"
"CHOCO COOKIE GAROTO 100G SERENATA AMOR : CHOCO COOKIE GAROTO 100G";"7891000415327";"72840"
"CHOCO COOKIE GAROTO 100G AO LEITE : CHOCO COOKIE GAROTO 100G";"7891000403150";"72840"
"CHOCO BISCUIT BAUDUCCO 80G MEIO AMARGO : CHOCO BISCUIT BAUDUCCO 80G";"7891962056678";"51611"
"CHOCO BISCUIT BAUDUCCO 80G AO LEITE : CHOCO BISCUIT BAUDUCCO 80G";"7891962056500";"51611"
"CHIPS ARROZ INTEGRAL NAT. LIFE 70G SWEET CHILI : CHIPS ARROZ INTEGRAL NAT. LIFE 70G";"7896256065473";"49047"
"CHIPS ARROZ INTEGRAL NAT. LIFE 70G QUEIJO : CHIPS ARROZ INTEGRAL NAT. LIFE 70G";"7896256066098";"49047"
"CHIPS ARROZ INTEGRAL NAT. LIFE 70G MOSTARDA E MEL : CHIPS ARROZ INTEGRAL NAT. LIFE 70G";"7896256065497";"49047"
"CHINELO RIDER STREET INFANTIL PRETO : CHINELO RIDER STREET INFANTIL";"7909510417496";"56475"
"CHINELO RIDER STREET DUO AD. PRETO/VERMELHO : CHINELO RIDER STREET DUO AD.";"7909937767211";"71656"
"CHINELO RIDER FEEL URBAN AD. BRANCO : CHINELO RIDER FEEL URBAN AD.";"7909937390006";"68234"
"CHINELO RIDER FEEL URBAN AD. AZUL/BRANCO : CHINELO RIDER FEEL URBAN AD.";"7909937889944";"68234"
"CHINELO MORMAI AD. : CHINELO MORMAI AD.";"7909937669379";"71657"
"CHINELO IPANEMA TURMA MONICA BABY ROSA : CHINELO IPANEMA TURMA MONICA BABY";"7909937753863";"2048"
"CHINELO IPANEMA TURMA MONICA BABY AZUL : CHINELO IPANEMA TURMA MONICA BABY";"7909937753962";"2048"
"CHINELO IPANEMA OASIS ADULTO ROSA : CHINELO IPANEMA OASIS ADULTO";"7909510751170";"56269"
"CHINELO IPANEMA DIVERSA SLIDE AD. VERDE : CHINELO IPANEMA DIVERSA SLIDE AD.";"7900204004961";"71655"
"CHINELO IPANEMA DIVERSA SLIDE AD. PRETO : CHINELO IPANEMA DIVERSA SLIDE AD.";"7900204004725";"71655"
"CHINELO IPANEMA DIVERSA SLIDE AD. NUDE : CHINELO IPANEMA DIVERSA SLIDE AD.";"7900204004787";"71655"
"CHINELO IPANEMA DIVERSA SLIDE AD. AZUL : CHINELO IPANEMA DIVERSA SLIDE AD.";"7900204005081";"71655"
"CHINELO IPANEMA DIVERSA SANDALIA AD PRETO : CHINELO IPANEMA DIVERSA SANDALIA AD";"7909937997069";"71653"
"CHINELO IPANEMA DIVERSA SANDALIA AD NUDE : CHINELO IPANEMA DIVERSA SANDALIA AD";"7909937997120";"71653"
"CHINELO IPANEMA DIVERSA GASPEA AD. ROSA : CHINELO IPANEMA DIVERSA GASPEA AD.";"7900204003889";"70942"
"CHINELO IPANEMA CLASSICA MASCULINA PRETO : CHINELO IPANEMA CLASSICA MASCULINA";"7890875675884";"2089"
"CHINELO IPANEMA CLASSICA MASCULINA MARINHO : CHINELO IPANEMA CLASSICA MASCULINA";"7890875676287";"2089"
"CHINELO IPANEMA CLASSICA MASCULINA GRAFITE : CHINELO IPANEMA CLASSICA MASCULINA";"7909224474730";"2089"
"CHINELO IPANEMA CLASSICA MASCULINA BRANCO : CHINELO IPANEMA CLASSICA MASCULINA";"7890875676362";"2089"
"CHINELO IPANEMA CLASSICA MASCULINA AZUL/BRANCO : CHINELO IPANEMA CLASSICA MASCULINA";"7909006060977";"2089"
"CHINELO IPANEMA CLASSICA INFANTIL PRETO : CHINELO IPANEMA CLASSICA INFANTIL";"7891261847465";"2056"
"CHINELO IPANEMA CLASSICA FEMININA VERDE : CHINELO IPANEMA CLASSICA FEMININA";"7909937247980";"5806"
"CHINELO IPANEMA CLASSICA FEMININA ROXO : CHINELO IPANEMA CLASSICA FEMININA";"7890875682455";"5806"
"CHINELO IPANEMA CLASSICA FEMININA ROSA CLARO : CHINELO IPANEMA CLASSICA FEMININA";"7909937247935";"5806"
"CHINELO IPANEMA CLASSICA FEMININA ROSA : CHINELO IPANEMA CLASSICA FEMININA";"7909006045394";"5806"
"CHINELO IPANEMA CLASSICA FEMININA PRETO : CHINELO IPANEMA CLASSICA FEMININA";"7909006301056";"5806"
"CHINELO IPANEMA CLASSICA FEMININA BEGE : CHINELO IPANEMA CLASSICA FEMININA";"7909006243295";"5806"
"CHINELO IPANEMA CHICO BENTO ROSA : CHINELO IPANEMA CHICO BENTO";"7909937960247";"71660"
"CHINELO IPANEMA CHICO BENTO AZUL : CHINELO IPANEMA CHICO BENTO";"7909937960124";"71660"
"CHINELO IPANEMA BRASIL FEM. ROSA/BCO : CHINELO IPANEMA BRASIL FEM.";"7909806905621";"74456"
"CHINELO IPANEMA BARBIE MEU ENCANTO ROSA : CHINELO IPANEMA BARBIE MEU ENCANTO";"7900204088374";"71661"
"CHINELO IPANEMA BABY REF. 25431 : CHINELO IPANEMA BABY";"7909171437574";"23253"
"CHINELO HAVIANAS SLIM GLITTER : CHINELO HAVIANAS SLIM GLITTER";"7909690753223";"6650"
"CHINELO HAVAIANAS TOP NAUTICAL : CHINELO HAVAIANAS TOP NAUTICAL";"7895265785303";"45544"
"CHINELO HAVAIANAS TOP BASIC : CHINELO HAVAIANAS TOP BASIC";"7893249647371";"36221"
"CHINELO HAVAIANAS TOP : CHINELO HAVAIANAS TOP";"7909690697077";"11584"
"CHINELO HAVAIANAS SLIM PETS : CHINELO HAVAIANAS SLIM PETS";"7909989025581";"43262"
"CHINELO HAVAIANAS SLIM ORGANIC : CHINELO HAVAIANAS SLIM ORGANIC";"7909989351840";"36172"
"CHINELO HAVAIANAS SIMPSONS ADULTO : CHINELO HAVAIANAS SIMPSONS ADULTO";"7909989480083";"45930"
"CHINELO HAVAIANAS POWER 2.0 : CHINELO HAVAIANAS POWER 2.0";"7909989765746";"36173"
"CHINELO HAVAIANAS KIDS FLORES : CHINELO HAVAIANAS KIDS FLORES";"7909989433621";"15450"
"CHINELO HAVAIANAS KIDS ATHLETIC : CHINELO HAVAIANAS KIDS ATHLETIC";"7893249734064";"35531"
"CHINELO HAVAIANAS HYBRID BE : CHINELO HAVAIANAS HYBRID BE";"7893249888217";"61261"
"CHINELO HAVAIANAS ELEGANCE : CHINELO HAVAIANAS ELEGANCE";"7909843821861";"69483"
"CHINELO HAVAIANAS DUAL : CHINELO HAVAIANAS DUAL";"7893249679099";"53094"
"CHINELO HAVAIANAS BRASIL : CHINELO HAVAIANAS BRASIL";"7895265700375";"13340"
"CHINELO HAVAIANAS ALOHA : CHINELO HAVAIANAS ALOHA";"9990000019250";"5809"
"CHINELO GRENDHA + ACAI AD. ROSA/FLOR : CHINELO GRENDHA + ACAI AD.";"7909510439863";"44528"
"CHINELO GRENDHA + ACAI AD. PRETO : CHINELO GRENDHA + ACAI AD.";"7909806589357";"44528"
"CHINELO CARTAGO MONTREAL AD PRETO : CHINELO CARTAGO MONTREAL AD";"7900204134781";"71654"
"CHINELO CARTAGO DAKAR AD. MARROM : CHINELO CARTAGO DAKAR AD.";"7909937698034";"33320"
"CHINELO CARTAGO DAKAR AD. AZUL : CHINELO CARTAGO DAKAR AD.";"7900204043427";"33320"
"CHINELO CARTAGO ARIZONA PRETO : CHINELO CARTAGO ARIZONA";"7909937288235";"66290"
"CHINELO CARTAGO ARIZONA MARROM : CHINELO CARTAGO ARIZONA";"7909937746797";"66290"
"CHINELO CARTAGO ARIZONA CINZA/PRETO : CHINELO CARTAGO ARIZONA";"7909937788704";"66290"
"CHINELO CARTAGO ALABAMA AD. MASC. PRETO : CHINELO CARTAGO ALABAMA AD. MASC.";"7909937075170";"74455"
"CHINELO CARTAGO ALABAMA AD. MASC. MARROM : CHINELO CARTAGO ALABAMA AD. MASC.";"7909937074968";"74455"
"CHIMICHURRI ZILIO 15G : CHIMICHURRI ZILIO 15G";"7896280401957";"3549"
"CHIMICHURRI SIAMAR 300G : CHIMICHURRI SIAMAR 300G";"7896069570195";"68357"
"CHIMICHURRI SIAMAR 15G : CHIMICHURRI SIAMAR 15G";"7896069549023";"1433"
"CHICLE FINI 80G OVO DINOSSAURO : CHICLE FINI 80G";"7898279794859";"39844"
"CHICLE FINI 80G MELANCIA : CHICLE FINI 80G";"7898279794842";"39844"
"CHICKEN CRISPY SEARA 300G TRADICIONAL : CHICKEN CRISPY SEARA 300G";"7894904684359";"39504"
"CHICKEN CRISPY SEARA 300G QUEIJO : CHICKEN CRISPY SEARA 300G";"7894904684366";"39504"
"CHIA SEMENTE EM GRAOS ZILIO 100G : CHIA SEMENTE EM GRAOS ZILIO 100G";"7896280402503";"62362"
"CHIA EM GRAOS SIAMAR 80G : CHIA EM GRAOS SIAMAR 80G";"7896069573752";"38871"
"CHEIRO VERDE ZILIO 7G : CHEIRO VERDE ZILIO 7G";"7896280401254";"9041"
"CHEIRO VERDE UNIDADE : CHEIRO VERDE UNIDADE";"479";"3161"
"CHEIRO VERDE SIAMAR 7G : CHEIRO VERDE SIAMAR 7G";"7896069542116";"1431"
"CHEIRO VERDE PICADO BANDEJA KG : CHEIRO VERDE PICADO BANDEJA KG";"480";"3171"
"CHEIRO VERDE ART VERDE BANDEJA : CHEIRO VERDE ART VERDE BANDEJA";"7898945773997";"32839"
"CHEESECAKE DE MORANGO KG : CHEESECAKE DE MORANGO KG";"5525";"41101"
"CHAVE PHILIPS 3/16 X 4" NEDO REF.43 : CHAVE PHILIPS 3/16 X 4" NEDO REF.43";"7896619800437";"7367"
"CHAVE DE FENDA TESTE NEDO 16CM REF. 406 : CHAVE DE FENDA TESTE NEDO 16CM";"7896619804060";"7349"
"CHANTY MIX AMELIA TRADICIONAL 200ML : CHANTY MIX AMELIA TRADICIONAL 200ML";"7896096013542";"13469"
"CHANTY MIX AMELIA TRADICIONAL 1L : CHANTY MIX AMELIA TRADICIONAL 1L";"7896096007688";"32743"
"CHANTI-NEVE DR.OETKER 50G : CHANTI-NEVE DR.OETKER 50G";"7891048045008";"1240"
"CHANTILLY SIAMAR 50G : CHANTILLY SIAMAR 50G";"7896069574155";"41520"
"CHANTILLY FLEISCHMANN GRAN F. 500ML : CHANTILLY FLEISCHMANN GRAN F. 500ML";"7898331013195";"65568"
"CHANTILLY FLEISCHMANN GRAN F. 250ML SPRAY : CHANTILLY FLEISCHMANN GRAN F. 250ML";"7898409951763";"6828"
"CHANTILLY FLEISCHMANN GRAN F. 200ML : CHANTILLY FLEISCHMANN GRAN F. 200ML";"7898409951084";"30744"
"CHANTILLY DR.OETKER 200ML : CHANTILLY DR.OETKER 200ML";"7891048045107";"50455"
"CHAMPIGNON VALE FERTIL SACHE 100G : CHAMPIGNON VALE FERTIL SACHE 100G";"7896272009406";"53426"
"CHAMPIGNON VALE FERTIL FATIADO 100G SACHE : CHAMPIGNON VALE FERTIL FATIADO 100G";"7896272009413";"54293"
"CHAMPIGNON INTEIRO KG : CHAMPIGNON INTEIRO KG";"7898586150461";"3791"
"CHAMPIGNON CASTELO VD 100G : CHAMPIGNON CASTELO VD 100G";"7898922618402";"41222"
"CHAMPIGNON CASTELO SACHE 80G : CHAMPIGNON CASTELO SACHE 80G";"7898922618389";"58937"
"CHALEIRA ELETRICA UNITERMI 1,8L INOX 110V : CHALEIRA ELETRICA UNITERMI 1,8L";"7898961930718";"74327"
"CHA VERDE SIAMAR 50G : CHA VERDE SIAMAR 50G";"7896069590940";"9048"
"CHA TWININGS PRETO ENGLISH BR. 20G : CHA TWININGS PRETO ENGLISH BR. 20G";"70177197131";"66405"
"CHA TWININGS LARANJA/MANGA/CAN. 18G : CHA TWININGS LARANJA/MANGA/CAN. 18G";"70177169619";"66403"
"CHA TWININGS FRUTAS SILVESTRES 20G : CHA TWININGS FRUTAS SILVESTRES 20G";"70177197360";"66399"
"CHA TWININGS CAMOMILA/MEL/BAUN. 15G : CHA TWININGS CAMOMILA/MEL/BAUN. 15G";"70177197315";"66398"
"CHA TWININGS CAMOM./CANELA/MACA 15G : CHA TWININGS CAMOM./CANELA/MACA 15G";"70177169657";"66402"
"CHA SIAMAR MATE TOSTADO 35G : CHA SIAMAR MATE TOSTADO 35G";"7896069575794";"47296"
"CHA QUENTAO/GENGIBRE NAT. LIFE 30G : CHA QUENTAO/GENGIBRE NAT. LIFE 30G";"7896256041422";"45396"
"CHA MATTE LEAO TRADICIONAL 40G : CHA MATTE LEAO TRADICIONAL 40G";"7891098000040";"1186"
"CHA MATTE LEAO COM LIMAO 30G : CHA MATTE LEAO COM LIMAO 30G";"7891098000057";"1185"
"CHA MATTE LEAO COM CANELA 40G : CHA MATTE LEAO COM CANELA 40G";"7891098000972";"46070"
"CHA MATTE LEAO 250G : CHA MATTE LEAO 250G";"7891098038456";"4159"
"CHA MATE SIAMAR 250G : CHA MATE SIAMAR 250G";"7896069572175";"13039"
"CHA LEAO PRETO SAQUINHO 16G : CHA LEAO PRETO SAQUINHO 16G";"7891098000415";"1243"
"CHA LEAO PET 300ML NATURAL : CHA LEAO PET 300ML";"7891098040671";"36300"
"CHA LEAO MISTO 16G CIDR./LAR/LIMAO : CHA LEAO MISTO 16G";"7891098041524";"55680"
"CHA LEAO ICE TEA 25G. PRETO+FR. VERM : CHA LEAO ICE TEA 25G.";"7891098041395";"52043"
"CHA LEAO ICE TEA 25G. ICE TEA+PESSEGO : CHA LEAO ICE TEA 25G.";"7891098041845";"52043"
"CHA LEAO HORTELA SAQUINHO 10G : CHA LEAO HORTELA SAQUINHO 10G";"7891098000170";"1241"
"CHA LEAO FASES 20G XO TPM : CHA LEAO FASES 20G";"7891098042248";"67205"
"CHA LEAO FASES 20G MAMAE SERENA : CHA LEAO FASES 20G";"7891098042262";"67205"
"CHA LEAO FASES 20G CICLO SUAVE : CHA LEAO FASES 20G";"7891098042255";"67205"
"CHA LEAO FASES 20G CHEG MENOPAUSA : CHA LEAO FASES 20G";"7891098042279";"67205"
"CHA LEAO ERVA DOCE SAQUINHO 16G : CHA LEAO ERVA DOCE SAQUINHO 16G";"7891098001504";"1242"
"CHA LEAO CAPIM CIDREIRA 25G : CHA LEAO CAPIM CIDREIRA 25G";"7891098038395";"68372"
"CHA LEAO CAPIM CIDREIRA 10G : CHA LEAO CAPIM CIDREIRA 10G";"7891098000156";"1234"
"CHA LEAO CAMOMILA SAQUINHO 10G : CHA LEAO CAMOMILA SAQUINHO 10G";"7891098000163";"1235"
"CHA LEAO BOLDO SAQUINHO 10G : CHA LEAO BOLDO SAQUINHO 10G";"7891098000187";"6910"
"CHA ICE TEA LEAO ZERO 300ML PESSEGO : CHA ICE TEA LEAO ZERO 300ML";"7891098042149";"50748"
"CHA ICE TEA LEAO ZERO 1,5L PESSEGO : CHA ICE TEA LEAO ZERO 1,5L";"7891098041142";"5333"
"CHA ICE TEA LEAO 300ML PET PESSEGO : CHA ICE TEA LEAO 300ML PET";"7891098040886";"49764"
"CHA ICE TEA LEAO 300ML PET LIMAO : CHA ICE TEA LEAO 300ML PET";"7891098040831";"49764"
"CHA ICE TEA LEAO 1,5L PESSEGO : CHA ICE TEA LEAO 1,5L";"7891098040909";"3661"
"CHA ICE TEA LEAO 1,5L LIMAO : CHA ICE TEA LEAO 1,5L";"7891098040855";"3661"
"CHA DR. OETKER VERDE 25,5G TRADICIONAL : CHA DR. OETKER VERDE 25,5G";"7891048036303";"3711"
"CHA DR. OETKER MACA & CANELA 10G : CHA DR. OETKER MACA & CANELA 10G";"7891048038376";"58706"
"CHA DR. OETKER HORTELA 15G : CHA DR. OETKER HORTELA 15G";"7891048036068";"3707"
"CHA DR. OETKER HORTELA 10G : CHA DR. OETKER HORTELA 10G";"7891048038055";"58705"
"CHA DR. OETKER ERVA DOCE 30G : CHA DR. OETKER ERVA DOCE 30G";"7891048036051";"3665"
"CHA DR. OETKER ERVA DOCE 10G : CHA DR. OETKER ERVA DOCE 10G";"7891048038048";"58704"
"CHA DR. OETKER ERVA CIDREIRA 15G  : CHA DR. OETKER ERVA CIDREIRA 15G";"7891048036044";"1198"
"CHA DR. OETKER CIDREIRA 10G : CHA DR. OETKER CIDREIRA 10G";"7891048038031";"58703"
"CHA DR. OETKER CAMOMILA 15G  : CHA DR. OETKER CAMOMILA 15G";"7891048036020";"8052"
"CHA DR. OETKER BOLDO 15G : CHA DR. OETKER BOLDO 15G";"7891048036013";"8053"
"CHA DR. OETKER BOLDO 10G : CHA DR. OETKER BOLDO 10G";"7891048038000";"58701"
"CHA DE HORTELA SIAMAR 30G : CHA DE HORTELA SIAMAR 30G";"7896069591619";"40900"
"CHA DE HORTELA SIAMAR 10G : CHA DE HORTELA SIAMAR 10G";"7896069576340";"53156"
"CHA DE HIBISCO SIAMAR 10G : CHA DE HIBISCO SIAMAR 10G";"7896069576364";"53154"
"CHA DE ERVA DOCE SIAMAR 10G : CHA DE ERVA DOCE SIAMAR 10G";"7896069575930";"49118"
"CHA DE ERVA DOCE SIAMAR 100G : CHA DE ERVA DOCE SIAMAR 100G";"7896069572007";"39465"
"CHA DE CAPIM CIDREIRA SIAMAR 20G : CHA DE CAPIM CIDREIRA SIAMAR 20G";"7896069591947";"39464"
"CHA DE CAPIM CIDREIRA SIAMAR 10G : CHA DE CAPIM CIDREIRA SIAMAR 10G";"7896069575916";"49117"
"CHA DE CAMOMILA SIAMAR 20G : CHA DE CAMOMILA SIAMAR 20G";"7896069591831";"39463"
"CHA DE CAMOMILA SIAMAR 10G : CHA DE CAMOMILA SIAMAR 10G";"7896069575909";"49116"
"CHA DE CAMOMILA NATURAL LIFE 50G : CHA DE CAMOMILA NATURAL LIFE 50G";"7896256040722";"1076"
"CHA CAMPO LARGO 900ML MATE+LIMAO : CHA CAMPO LARGO 900ML";"7896931615375";"72223"
"CHA CAMPO LARGO 900ML HIBISCO : CHA CAMPO LARGO 900ML";"7896931614316";"72223"
"CEVADA TORR/MOIDA NATURAL LIFE 400G : CEVADA TORR/MOIDA NATURAL LIFE 400G";"7896256040555";"1313"
"CEVADA INSTANTANEA NAT. LIFE 100G : CEVADA INSTANTANEA NAT. LIFE 100G";"7896256042610";"53138"
"CESTO PRENDEDOR PLASUTIL - 4164 : CESTO PRENDEDOR PLASUTIL - 4164";"7896042041643";"7972"
"CESTO PRENDEDOR NITRONPLAST  : CESTO PRENDEDOR NITRONPLAST";"7896779601288";"10429"
"CESTA SANREMO EMPILHAVEL 746ML L4P3 : CESTA SANREMO EMPILHAVEL 746ML L4P3";"7896359022182";"74362"
"CESTA DIA NAMORADOS - CHOCOLATE Nº3 : CESTA DIA NAMORADOS - CHOCOLATE Nº3";"6798";"54904"
"CESTA BASICA COJIBA Nº02 : CESTA BASICA COJIBA Nº02";"7891261696155";"5922"
"CESTA BASICA COJIBA Nº01 : CESTA BASICA COJIBA Nº01";"5088";"38329"
"CERVEJA WIENBIER 58 RUBY LT 473ML : CERVEJA WIENBIER 58 RUBY LT 473ML";"7898099390958";"60472"
"CERVEJA WIENBIER 55 PILSEN 350ML : CERVEJA WIENBIER 55 PILSEN 350ML";"7898099398190";"72164"
"CERVEJA TIJUCA PURO MALTE LT 350ML : CERVEJA TIJUCA PURO MALTE LT 350ML";"7896388010235";"74120"
"CERVEJA THEREZOPOLIS GOLD LT 473ML PURO MALTE : CERVEJA THEREZOPOLIS GOLD LT 473ML";"7896371000021";"61382"
"CERVEJA THEREZOPOLIS GOLD LT 350ML LAGER P. MALTE : CERVEJA THEREZOPOLIS GOLD LT 350ML";"7896371000328";"61637"
"CERVEJA STELLA ARTOIS P. GOLD 350ML LATA : CERVEJA STELLA ARTOIS P. GOLD 350ML";"7891991306492";"72517"
"CERVEJA STELLA ARTOIS P. GOLD 330ML LONG NECK : CERVEJA STELLA ARTOIS P. GOLD 330ML";"7891991304870";"68358"
"CERVEJA STELLA ARTOIS LATA 350ML : CERVEJA STELLA ARTOIS LATA 350ML";"7891991016223";"53606"
"CERVEJA STELLA ARTOIS 600ML : CERVEJA STELLA ARTOIS 600ML";"7891991295109";"61680"
"CERVEJA STELLA ARTOIS 330ML : CERVEJA STELLA ARTOIS 330ML";"7891991015462";"52772"
"CERVEJA SPATEN PURO MALTE 600ML ONE WAY : CERVEJA SPATEN PURO MALTE 600ML";"7891991297547";"62143"
"CERVEJA SPATEN PURO MALTE 350ML : CERVEJA SPATEN PURO MALTE 350ML";"7891991297431";"59379"
"CERVEJA SPATEN LONG NECK 330ML : CERVEJA SPATEN LONG NECK 330ML";"7891991305440";"71980"
"CERVEJA SKOL VD RETORNAVEL 300ML : CERVEJA SKOL VD RETORNAVEL 300ML";"7891149104468";"28745"
"CERVEJA SKOL LITRAO RETORNAVEL : CERVEJA SKOL LITRAO RETORNAVEL";"7891149102853";"7781"
"CERVEJA SKOL LATA 350ML : CERVEJA SKOL LATA 350ML";"7891149200504";"1572"
"CERVEJA SKOL LATA 350ML - 12UN : CERVEJA SKOL LATA 350ML - 12UN";"7891991307680";"74648"
"CERVEJA PURO MALTE 350ML : CERVEJA PURO MALTE 350ML";"7898915949797";"58447"
"CERVEJA PRAYA LAGER PREMIUM 355ML LN : CERVEJA PRAYA LAGER PREMIUM 355ML";"7898694491487";"72303"
"CERVEJA PETRA PURO MALTE LATA 350ML : CERVEJA PETRA PURO MALTE LATA 350ML";"7897395099336";"49422"
"CERVEJA PETRA PURO MALTE 330ML LONG NECK : CERVEJA PETRA PURO MALTE 330ML";"7897395099343";"51356"
"CERVEJA ORIGINAL RETORNAVEL 1L : CERVEJA ORIGINAL RETORNAVEL 1L";"7891991304733";"65678"
"CERVEJA ORIGINAL PILSEN 600ML : CERVEJA ORIGINAL PILSEN 600ML";"78905351";"4710"
"CERVEJA ORIGINAL LATA 350ML : CERVEJA ORIGINAL LATA 350ML";"7891991016001";"52086"
"CERVEJA ORIGINAL LATA 269ML - 15UN : CERVEJA ORIGINAL LATA 269ML - 15UN";"8798";"74530"
"CERVEJA ORIGINAL 300ML : CERVEJA ORIGINAL 300ML";"7891991012522";"40569"
"CERVEJA MICHELOB ULTRA LATA 350ML : CERVEJA MICHELOB ULTRA LATA 350ML";"7891991302029";"62997"
"CERVEJA MICHELOB ULTRA 330ML LONG NECK : CERVEJA MICHELOB ULTRA 330ML";"7891991299619";"64563"
"CERVEJA LOKAL PILSEN LATA 350ML : CERVEJA LOKAL PILSEN LATA 350ML";"7898377660216";"43880"
"CERVEJA KAISER PILSEN LATA 473ML : CERVEJA KAISER PILSEN LATA 473ML";"7896045503414";"4648"
"CERVEJA KAISER PILSEN LATA 350ML : CERVEJA KAISER PILSEN LATA 350ML";"7896045512317";"1585"
"CERVEJA ITAIPAVA MALZBIER 350ML LATA : CERVEJA ITAIPAVA MALZBIER 350ML";"7897395020194";"7800"
"CERVEJA ITAIPAVA MALZBIER 330ML LONG NECK : CERVEJA ITAIPAVA MALZBIER 330ML";"7897395000950";"62340"
"CERVEJA ITAIPAVA LATA 350ML : CERVEJA ITAIPAVA LATA 350ML";"7897395020132";"1528"
"CERVEJA ITAIPAVA 0,0% ALCOOL 330ML LONG NECK : CERVEJA ITAIPAVA 0,0% ALCOOL 330ML";"7897395040475";"31368"
"CERVEJA ITAIPAVA 0% ALCOOL 350ML : CERVEJA ITAIPAVA 0% ALCOOL 350ML";"7897395040406";"20368"
"CERVEJA IMPERIO ULTRA LATA 269ML : CERVEJA IMPERIO ULTRA LATA 269ML";"7898915949940";"65525"
"CERVEJA IMPERIO ULTRA 275ML LONG NECK : CERVEJA IMPERIO ULTRA 275ML";"7898915949957";"66150"
"CERVEJA IMPERIO LATA 473ML : CERVEJA IMPERIO LATA 473ML";"7898915949193";"45609"
"CERVEJA IMPERIO LATA 350ML : CERVEJA IMPERIO LATA 350ML";"7898915949209";"45610"
"CERVEJA IMPERIO LAGER LATA 350ML : CERVEJA IMPERIO LAGER LATA 350ML";"7898915949674";"54218"
"CERVEJA HEINEKEN LONG NECK 330ML : CERVEJA HEINEKEN LONG NECK 330ML";"7896045505371";"1654"
"CERVEJA HEINEKEN LONG NECK 250ML : CERVEJA HEINEKEN LONG NECK 250ML";"7896045504763";"35300"
"CERVEJA HEINEKEN LATA 350ML : CERVEJA HEINEKEN LATA 350ML";"7896045523412";"15388"
"CERVEJA HEINEKEN LATA 269ML : CERVEJA HEINEKEN LATA 269ML";"7896045506590";"63360"
"CERVEJA HEINEKEN 600ML : CERVEJA HEINEKEN 600ML";"78905498";"30655"
"CERVEJA HEINEKEN 0,0% ALCOOL 350ML LATA : CERVEJA HEINEKEN 0,0% ALCOOL 350ML";"7896045506910";"55425"
"CERVEJA HEINEKEN 0,0% ALCOOL 330ML LONG NECK : CERVEJA HEINEKEN 0,0% ALCOOL 330ML";"7896045506057";"55426"
"CERVEJA GERMANIA 58 LATA 710ML COM VINHO : CERVEJA GERMANIA 58 LATA 710ML";"7898099394758";"46277"
"CERVEJA GERMANIA 57 WEISBIER 710ML : CERVEJA GERMANIA 57 WEISBIER 710ML";"7898099396257";"48990"
"CERVEJA GERMANIA 55 710ML LATA : CERVEJA GERMANIA 55 710ML";"7898099394055";"43885"
"CERVEJA ESTRELLA GALICIA 350ML PURO MALTE : CERVEJA ESTRELLA GALICIA 350ML";"7898953990072";"61638"
"CERVEJA EISENBAHN PILSEN LATA 350ML : CERVEJA EISENBAHN PILSEN LATA 350ML";"7898367983790";"45654"
"CERVEJA CRYSTAL LATA 473ML : CERVEJA CRYSTAL LATA 473ML";"7897395060244";"1541"
"CERVEJA CRYSTAL LATA 350ML : CERVEJA CRYSTAL LATA 350ML";"7897395060138";"1526"
"CERVEJA CORONA ZERO SUNBREW 330ML : CERVEJA CORONA ZERO SUNBREW 330ML";"7891991304184";"70564"
"CERVEJA CORONA EXTRA 350ML : CERVEJA CORONA EXTRA 350ML";"7891991295055";"67501"
"CERVEJA CORONA EXTRA 330ML : CERVEJA CORONA EXTRA 330ML";"7891991303484";"53361"
"CERVEJA CIGANA PUNHAL IPA 1L : CERVEJA CIGANA PUNHAL IPA 1L";"7898656880847";"74708"
"CERVEJA CIGANA PONCHE 1L CHOPP COM VINHO : CERVEJA CIGANA PONCHE 1L";"7898656884364";"74709"
"CERVEJA CIGANA MANDALA PILSEN 1L : CERVEJA CIGANA MANDALA PILSEN 1L";"7898656884784";"74707"
"CERVEJA CARACU LATA 350ML : CERVEJA CARACU LATA 350ML";"7891149210503";"1593"
"CERVEJA BUDWEISER ZERO LATA 350ML : CERVEJA BUDWEISER ZERO LATA 350ML";"7891991298414";"64054"
"CERVEJA BUDWEISER VIDRO 990ML : CERVEJA BUDWEISER VIDRO 990ML";"7891991011518";"44157"
"CERVEJA BUDWEISER VIDRO 600ML. : CERVEJA BUDWEISER VIDRO 600ML.";"7891991012447";"47996"
"CERVEJA BUDWEISER LONG NECK 330ML : CERVEJA BUDWEISER LONG NECK 330ML";"7891991014779";"37667"
"CERVEJA BUDWEISER LN ZERO 330ML : CERVEJA BUDWEISER LN ZERO 330ML";"7891991298421";"64056"
"CERVEJA BUDWEISER LATA 350ML : CERVEJA BUDWEISER LATA 350ML";"7891991296342";"29813"
"CERVEJA BUDWEISER 300ML : CERVEJA BUDWEISER 300ML";"7891991304986";"65455"
"CERVEJA BRAHMA MALZBIER LATA 350ML : CERVEJA BRAHMA MALZBIER LATA 350ML";"7891149101535";"8432"
"CERVEJA BRAHMA LITRAO : CERVEJA BRAHMA LITRAO";"7891149103041";"7784"
"CERVEJA BRAHMA LATA 350ML : CERVEJA BRAHMA LATA 350ML";"7891149105434";"1578"
"CERVEJA BRAHMA DUPLO MALTE VD 300ML : CERVEJA BRAHMA DUPLO MALTE VD 300ML";"7891991295185";"63350"
"CERVEJA BRAHMA DUPLO MALTE LITRAO : CERVEJA BRAHMA DUPLO MALTE LITRAO";"7891991295260";"63496"
"CERVEJA BRAHMA DUPLO MALTE 350ML : CERVEJA BRAHMA DUPLO MALTE 350ML";"7891991294959";"54329"
"CERVEJA BRAHMA CHOPP VD 300ML : CERVEJA BRAHMA CHOPP VD 300ML";"7891149104451";"28746"
"CERVEJA BRAHMA 600ML : CERVEJA BRAHMA 600ML";"7891149010400";"1717"
"CERVEJA BRAHMA 0,0% ALCOOL 350ML LATA : CERVEJA BRAHMA 0,0% ALCOOL 350ML";"7891149109616";"32815"
"CERVEJA BOHEMIA PURO MALTE VD 300ML : CERVEJA BOHEMIA PURO MALTE VD 300ML";"7891991013772";"53856"
"CERVEJA BOHEMIA LATA 350ML : CERVEJA BOHEMIA LATA 350ML";"7891991006125";"1567"
"CERVEJA BAVARIA PILSEN LATA 350ML : CERVEJA BAVARIA PILSEN LATA 350ML";"7896045506095";"1582"
"CERVEJA BADEN BADEN LATA 350ML WITBIER : CERVEJA BADEN BADEN LATA 350ML";"7898230716630";"58488"
"CERVEJA BADEN BADEN LATA 350ML PILSEN CRISTAL : CERVEJA BADEN BADEN LATA 350ML";"7898230716616";"58488"
"CERVEJA BADEN BADEN LATA 350ML IPA : CERVEJA BADEN BADEN LATA 350ML";"7898230716654";"58488"
"CERVEJA BADEN BADEN LATA 350ML GOLDEN ALE : CERVEJA BADEN BADEN LATA 350ML";"7898230716784";"58488"
"CERVEJA ANTARCTICA SUB ZERO 600ML : CERVEJA ANTARCTICA SUB ZERO 600ML";"7891991010016";"8445"
"CERVEJA ANTARCTICA SUB ZERO 350ML LATA : CERVEJA ANTARCTICA SUB ZERO 350ML";"7891991010030";"1557"
"CERVEJA ANTARCTICA LITRAO : CERVEJA ANTARCTICA LITRAO";"7891991009737";"50493"
"CERVEJA ANTARCTICA LATA 350ML 18UN EMB PROMOCIONAL : CERVEJA ANTARCTICA LATA 350ML 18UN";"7891991014670";"62604"
"CERVEJA ANTARCTICA BOA LATA 350ML  : CERVEJA ANTARCTICA BOA LATA 350ML";"7891991002141";"10487"
"CERVEJA ANTARCTICA BOA 300ML VD : CERVEJA ANTARCTICA BOA 300ML VD";"7891991011105";"48146"
"CERVEJA ANTARCTICA 600ML : CERVEJA ANTARCTICA 600ML";"78905276";"1714"
"CERVEJA AMSTEL ULTRA LN 275ML : CERVEJA AMSTEL ULTRA LN 275ML";"7896045506439";"61108"
"CERVEJA AMSTEL ULTRA LATA 269ML : CERVEJA AMSTEL ULTRA LATA 269ML";"7896045506415";"61109"
"CERVEJA AMSTEL LATA 350ML : CERVEJA AMSTEL LATA 350ML";"7896045506941";"43352"
"CERVEJA AMSTEL LATA 269ML : CERVEJA AMSTEL LATA 269ML";"7896045505319";"43812"
"CEREJA CURICO SEM TALO KG  : CEREJA CURICO SEM TALO KG";"7804620990009";"2418"
"CEREJA CURICO COM TALO KG : CEREJA CURICO COM TALO KG";"7801361000257";"12787"
"CEREAL VITALIN 200G ZERO : CEREAL VITALIN 200G";"7898904852015";"61703"
"CEREAL VITALIN 200G TRADICIONAL : CEREAL VITALIN 200G";"7898568901265";"61703"
"CEREAL SNOW FLAKES STARS 210G : CEREAL SNOW FLAKES STARS 210G";"7891000413296";"71651"
"CEREAL SNOW FLAKES SACHE 120G SACHE : CEREAL SNOW FLAKES SACHE 120G";"7891000050880";"26640"
"CEREAL SNOW FLAKES FRUITS 240G : CEREAL SNOW FLAKES FRUITS 240G";"7891000427917";"74726"
"CEREAL SNOW FLAKES 620G  : CEREAL SNOW FLAKES 620G";"7891000369500";"1116"
"CEREAL SNOW FLAKES 230G  : CEREAL SNOW FLAKES 230G";"7891000357460";"35453"
"CEREAL NESCAU+SNOW FLAKES 440G : CEREAL NESCAU+SNOW FLAKES 440G";"7891000361078";"63325"
"CEREAL NESCAU SACHE 120G : CEREAL NESCAU SACHE 120G";"7891000070673";"26641"
"CEREAL NESCAU EXTRA CACAU 170G : CEREAL NESCAU EXTRA CACAU 170G";"7891000372043";"64702"
"CEREAL NESCAU DUO 210G  : CEREAL NESCAU DUO 210G";"7891000258613";"50897"
"CEREAL NESCAU 770G : CEREAL NESCAU 770G";"7891000100455";"34665"
"CEREAL NESCAU 540G : CEREAL NESCAU 540G";"7891000361641";"63935"
"CEREAL NESCAU 210G  : CEREAL NESCAU 210G";"7891000111161";"48867"
"CEREAL NEGRESCO NESTLE 200G : CEREAL NEGRESCO NESTLE 200G";"7891000385791";"66839"
"CEREAL MOCA FLAKES 230G  : CEREAL MOCA FLAKES 230G";"7891000356838";"62402"
"CEREAL MOCA FLAKES 120G SACHE : CEREAL MOCA FLAKES 120G";"7891000050927";"26639"
"CEREAL KIT KAT+SNOW FLAKES 470G : CEREAL KIT KAT+SNOW FLAKES 470G";"7891000418376";"73960"
"CEREAL KIT KAT NESTLE 90G : CEREAL KIT KAT NESTLE 90G";"7891000396919";"69930"
"CEREAL KIT KAT NESTLE 210G : CEREAL KIT KAT NESTLE 210G";"7891000394939";"68642"
"CEREAL KELLOGGS FROOT LOOPS SACHE 230G : CEREAL KELLOGGS FROOT LOOPS SACHE";"7896004005928";"50811"
"CEREAL KELLOGGS FROOT LOOPS 230G : CEREAL KELLOGGS FROOT LOOPS 230G";"7896004006833";"3811"
"CEREAL KELLOGGS CORN FLAKES 200G SACHE : CEREAL KELLOGGS CORN FLAKES 200G";"7896004005898";"3806"
"CEREAL ITALAC MEU PAPA 180G MULTICEREAIS : CEREAL ITALAC MEU PAPA 180G";"7898080642837";"63879"
"CEREAL ITALAC MEU PAPA 180G ARROZ : CEREAL ITALAC MEU PAPA 180G";"7898080642820";"63879"
"CEREAL GRANOLATTI 500G TRADICIONAL : CEREAL GRANOLATTI 500G";"7897206800502";"7676"
"CEREAL CRUNCH NESTLE 230G  : CEREAL CRUNCH NESTLE 230G";"7891000356791";"5434"
"CEREAL CRUNCH NESTLE 120G SACHE : CEREAL CRUNCH NESTLE 120G";"7891000255445";"48588"
"CEREAL CHOCO KRISPIS KELLOGGS 200G CHOCOLATE : CEREAL CHOCO KRISPIS KELLOGGS 200G";"7896004007267";"1105"
"CERA TRIEX AUTO ROUXINOL 750ML VERMELHA : CERA TRIEX AUTO ROUXINOL 750ML";"7896527700294";"9348"
"CERA TRIEX AUTO ROUXINOL 750ML VERDE : CERA TRIEX AUTO ROUXINOL 750ML";"7896527700317";"9348"
"CERA TRIEX AUTO ROUXINOL 750ML INCOLOR : CERA TRIEX AUTO ROUXINOL 750ML";"7896527700300";"9348"
"CERA PROAUTO SUPER BRILHO 500ML GATILHO : CERA PROAUTO SUPER BRILHO 500ML";"7897520100838";"36828"
"CERA PROAUTO PASTA TRADICIONAL 200G  : CERA PROAUTO PASTA TRADICIONAL 200G";"7896189221021";"33873"
"CERA PROAUTO AUTO BRILHO 200ML  : CERA PROAUTO AUTO BRILHO 200ML";"7897520100593";"36871"
"CERA POLIFLOR PRATIC 750ML INCOLOR : CERA POLIFLOR PRATIC 750ML";"7891035320309";"4522"
"CERA POLIFLOR PRATIC 750ML -GTS 30% INCOLOR : CERA POLIFLOR PRATIC 750ML -GTS 30%";"7891035322495";"30922"
"CERA INGLEZA MAXX TABUAS E MADEIRAS 750ML : CERA INGLEZA MAXX TABUAS E MADEIRAS";"7891242000025";"36585"
"CERA INGLEZA MAXX 750ML VERMELHA : CERA INGLEZA MAXX 750ML";"7891242062443";"173"
"CERA INGLEZA MAXX 750ML INCOLOR : CERA INGLEZA MAXX 750ML";"7891242062429";"173"
"CERA INGLEZA MAXX 750ML AMARELA : CERA INGLEZA MAXX 750ML";"7891242062412";"173"
"CERA BRILHO FACIL REALCE 750ML VERMELHA : CERA BRILHO FACIL REALCE 750ML";"7896040701112";"172"
"CERA BRILHO FACIL REALCE 750ML INCOLOR : CERA BRILHO FACIL REALCE 750ML";"7896040701105";"172"
"CERA BRILHO FACIL REALCE 750ML ARDOSIA : CERA BRILHO FACIL REALCE 750ML";"7896040701136";"172"
"CERA BRILHO FACIL REALCE 750ML AMARELA : CERA BRILHO FACIL REALCE 750ML";"7896040701129";"172"
"CERA AUTOMOTIVA MUNDIAL PRIME 200G : CERA AUTOMOTIVA MUNDIAL PRIME 200G";"7898907527859";"65992"
"CERA ARDOSIA 750ML INCOLOR : CERA ARDOSIA 750ML";"7891242412422";"4040"
"CENOURA RALADA BANDEJA KG : CENOURA RALADA BANDEJA KG";"1264";"10949"
"CENOURA KG  : CENOURA KG";"474";"2927"
"CENOURA EMBALADA KG : CENOURA EMBALADA KG";"768";"5619"
"CENOURA CONSERVA FUGINI SACHE 160G : CENOURA CONSERVA FUGINI SACHE 160G";"7897517209452";"65511"
"CEBOLINHA DESIDRATADA ZILIO 7G : CEBOLINHA DESIDRATADA ZILIO 7G";"7896280400660";"1424"
"CEBOLINHA DESIDRATADA SIAMAR 7G : CEBOLINHA DESIDRATADA SIAMAR 7G";"7896069542086";"1446"
"CEBOLINHA CRISTAL KG : CEBOLINHA CRISTAL KG";"1224";"2417"
"CEBOLINHA CONSERVA TURMA MONICA 1KG : CEBOLINHA CONSERVA TURMA MONICA 1KG";"7897814700379";"74913"
"CEBOLAS SELECIONADAS FUGITA 1KG : CEBOLAS SELECIONADAS FUGITA 1KG";"7897814700249";"74916"
"CEBOLA TEMPERO FUGITA 400G : CEBOLA TEMPERO FUGITA 400G";"7897814700065";"74915"
"CEBOLA ROXA TURMA MONICA 400G : CEBOLA ROXA TURMA MONICA 400G";"7897814700409";"74912"
"CEBOLA ROXA KG : CEBOLA ROXA KG";"1086";"2906"
"CEBOLA PEQUENA KG : CEBOLA PEQUENA KG";"1036";"2904"
"CEBOLA KG : CEBOLA KG";"473";"2903"
"CEBOLA COLOSSAL TURMA MONICA 400G : CEBOLA COLOSSAL TURMA MONICA 400G";"7897814700386";"74911"
"CATUABA SELVAGEM 900ML TRAD. : CATUABA SELVAGEM 900ML";"7896336810740";"43367"
"CATUABA SELVAGEM 900ML ACAI : CATUABA SELVAGEM 900ML";"7896336810733";"43367"
"CATCHUP PREDILECTA LIGHT 380G TRADICIONAL : CATCHUP PREDILECTA LIGHT 380G";"7896292362468";"961"
"CASTANHA PARA S/ CASCA LARGE KG INTEIRA : CASTANHA PARA S/ CASCA LARGE KG";"470";"2569"
"CASTANHA CAJU W1 KG  : CASTANHA CAJU W1 KG";"5703";"3793"
"CASTANHA CAJU INTEIRA KG : CASTANHA CAJU INTEIRA";"7742";"2564"
"CASTANHA CAJU DUNORTE T/S 150G : CASTANHA CAJU DUNORTE T/S 150G";"7896029603161";"72112"
"CASTANHA CAJU DUNORTE NATURAL 150G : CASTANHA CAJU DUNORTE NATURAL 150G";"7896029601969";"72110"
"CASTANHA CAJU DUNORTE 150G TORRADO A SECO : CASTANHA CAJU DUNORTE 150G";"7896029601990";"72108"
"CASTANHA CAJU CAJUMIL 30G : CASTANHA CAJU CAJUMIL 30G";"7896029602737";"72118"
"CASADINHO DE GOIABADA CASARE 220G : CASADINHO DE GOIABADA CASARE 220G";"7898939259308";"13212"
"CASADINHO DE BRIGADEIRO KG : CASADINHO DE BRIGADEIRO KG";"7167";"58620"
"CARVAO TO ACESO 8 KG : CARVAO TO ACESO 8 KG";"7898871473411";"8766"
"CARVAO TO ACESO 4 KG : CARVAO TO ACESO 4 KG";"7898871473435";"8767"
"CARVAO GALETO 8KG : CARVAO GALETO 8KG";"7898902619030";"5615"
"CARVAO GALETO 4KG : CARVAO GALETO 4KG";"7898902619023";"5614"
"CARVAO DURA MAIS 5KG : CARVAO DURA MAIS 5KG";"7895098607667";"46319"
"CARREGADOR VEICULAR CONNECT INOVA : CARREGADOR VEICULAR CONNECT INOVA";"7898908418187";"47847"
"CARREGADOR V8 INOVA : CARREGADOR V8 INOVA";"7898908418514";"55956"
"CARREGADOR LIGHTNING INOVA : CARREGADOR LIGHTNING INOVA";"7898908418200";"55955"
"CAROLINA RECHEADA CHOCOLATE KG : CAROLINA RECHEADA CHOCOLATE KG";"253";"5827"
"CAROLINA LIMAO KG : CAROLINA LIMAO KG             ";"2734";"17075"
"CAROLINA DOCE DE LEITE RECHEADA KG  : CAROLINA DOCE DE LEITE RECHEADA KG";"2420";"13694"
"CAROLINA DOCE DE LEITE GRESPAN KG : CAROLINA DOCE DE LEITE GRESPAN KG";"8803";"74672"
"CAROLINA BRIGADEIRO GRESPAN KG : CAROLINA BRIGADEIRO GRESPAN KG";"8804";"74673"
"CARNE TEMPERADA FRALDINHA KG : CARNE TEMPERADA FRALDINHA KG";"40";"6243"
"CARNE SECA 5KG : CARNE SECA 5KG";"7898213800141";"19867"
"CARNE MOIDA COM LEGUMES KG : CARNE MOIDA COM LEGUMES KG";"2293";"12272"
"CARNE LOUCA KG : CARNE LOUCA KG                ";"6409";"51182"
"CARNE DE PANELA KG : CARNE DE PANELA KG";"2835";"17691"
"CARNE CHURRASCO KG : CARNE CHURRASCO KG";"2615";"15443"
"CARGA GILLETTE VENUS 4UN PELE SENSIVEL : CARGA GILLETTE VENUS 4UN";"7500435248440";"74002"
"CARGA GILLETTE MACH3 SENSITIVE L4P3 : CARGA GILLETTE MACH3 SENSITIVE L4P3";"7500435122627";"13768"
"CARGA GILLETTE MACH3 SENSITIVE 2UN : CARGA GILLETTE MACH3 SENSITIVE 2UN";"7702018037865";"13815"
"CARGA GILLETTE MACH3 REGULAR L4P3 : CARGA GILLETTE MACH3 REGULAR L4P3";"7506195194683";"70544"
"CARGA GILLETTE MACH3 CARBONO 2UN : CARGA GILLETTE MACH3 CARBONO 2UN";"7500435225366";"66723"
"CARGA GILLETTE MACH3 2UN : CARGA GILLETTE MACH3 2UN";"7506339337440";"1738"
"CARAMELO DE LEITE KIDOCURA 120G  : CARAMELO DE LEITE KIDOCURA 120G";"7896255585606";"937"
"CARAMBOLA KG  : CARAMBOLA KG";"4161";"32558"
"CARA KG : CARA KG";"940";"2901"
"CAQUI KG : CAQUI KG";"468";"2559"
"CAPSULA PILAO ESPRESSO 52G LUNGO 8 : CAPSULA PILAO ESPRESSO 52G";"7896089088380";"48211"
"CAPSULA PILAO ESPRESSO 52G LUNGO 10 : CAPSULA PILAO ESPRESSO 52G";"7896089088441";"48211"
"CAPSULA PILAO ESPRESSO 52G EXTREMO : CAPSULA PILAO ESPRESSO 52G";"7896089088298";"48211"
"CAPSULA PILAO ESPRESSO 52G ESPRESSO 7 : CAPSULA PILAO ESPRESSO 52G";"7896089088403";"48211"
"CAPSULA PILAO ESPRESSO 52G ESPRESSO 12 : CAPSULA PILAO ESPRESSO 52G";"7896089088427";"48211"
"CAPSULA LOR ESPRESSO 52G 10CP SONTUOSO : CAPSULA LOR ESPRESSO 52G 10CP";"8711000362556";"49693"
"CAPSULA LOR ESPRESSO 52G 10CP ONYX : CAPSULA LOR ESPRESSO 52G 10CP";"8711000362631";"49693"
"CAPSULA LOR ESPRESSO 52G 10CP LUNGO ESTREMO : CAPSULA LOR ESPRESSO 52G 10CP";"7896089088335";"49693"
"CAPSULA LOR ESPRESSO 52G 10CP INDIA : CAPSULA LOR ESPRESSO 52G 10CP";"8711000431108";"49693"
"CAPSULA LOR ESPRESSO 52G 10CP FORZA : CAPSULA LOR ESPRESSO 52G 10CP";"8711000362570";"49693"
"CAPSULA LOR ESPRESSO 52G 10CP ESPRESSO BAUN. : CAPSULA LOR ESPRESSO 52G 10CP";"8711000488218";"49693"
"CAPSULA 3 CORACOES GOURMET 10CP : CAPSULA 3 CORACOES GOURMET 10CP";"7896005805114";"37907"
"CAPSULA 3 CORACOES FILTRADO 10CP CLASSICO : CAPSULA 3 CORACOES FILTRADO 10CP";"7896005805107";"54891"
"CAPSULA 3 CORACOES ESPR VIBRAN 10CP : CAPSULA 3 CORACOES ESPR VIBRAN 10CP";"7896005805015";"45988"
"CAPSULA 3 CORACOES ESPR SUPREM 10CP : CAPSULA 3 CORACOES ESPR SUPREM 10CP";"7896005805008";"36255"
"CAPSULA 3 CORACOES ESPR PLENO 10CP : CAPSULA 3 CORACOES ESPR PLENO 10CP";"7896005804995";"36254"
"CAPSULA 3 CORACOES ESPR AMENO 10CP : CAPSULA 3 CORACOES ESPR AMENO 10CP";"7896005805701";"37908"
"CAPSULA 3 CORACOES CHOCOLATTO 10CP : CAPSULA 3 CORACOES CHOCOLATTO 10CP";"7896005805138";"36259"
"CAPSULA 3 CORACOES CARAMELLO 10CP : CAPSULA 3 CORACOES CARAMELLO 10CP";"7896005806203";"46293"
"CAPSULA 3 CORACOES CAPPUCCINO 10CP NAPOLITANO : CAPSULA 3 CORACOES CAPPUCCINO 10CP";"7896045114092";"36257"
"CAPSULA 3 CORACOES CAPPUCCINO 10CP DOCE DE LEITE : CAPSULA 3 CORACOES CAPPUCCINO 10CP";"7896045102570";"36257"
"CAPSULA 3 CORACOES CAPPUCCINO 10CP CLASSIC : CAPSULA 3 CORACOES CAPPUCCINO 10CP";"7896005805077";"36257"
"CAPSULA 3 CORACOES CAPPUCCINO 10CP AVELA : CAPSULA 3 CORACOES CAPPUCCINO 10CP";"7896005810323";"36257"
"CAPSULA 3 CORACOES CAFE LEITE 10CP : CAPSULA 3 CORACOES CAFE LEITE 10CP";"7896005805121";"36258"
"CAPPUCCINO UTAM TRADICIONAL 200G : CAPPUCCINO UTAM TRADICIONAL 200G";"7896656800179";"1405"
"CAPPUCCINO UTAM TRADICIONAL 1KG : CAPPUCCINO UTAM TRADICIONAL 1KG";"7896656800582";"8954"
"CAPPUCCINO UTAM LIGHT 140G : CAPPUCCINO UTAM LIGHT 140G";"7896656800353";"1404"
"CAPPUCCINO MELITTA 200G TRADICIONAL : CAPPUCCINO MELITTA 200G";"7891021007078";"1383"
"CAPPUCCINO LOR CHOCOLATE 19,6G  : CAPPUCCINO LOR CHOCOLATE 19,6G";"7896089051094";"74514"
"CAPPUCCINO LOR CARAMELO 20,3G : CAPPUCCINO LOR CARAMELO 20,3G";"7896089051070";"74804"
"CAPPUCCINO LOR BAUNILHA 20,3G  : CAPPUCCINO LOR BAUNILHA 20,3G";"7896089051056";"74515"
"CAPPUCCINO LA SANTE DIET 150G  : CAPPUCCINO LA SANTE DIET 150G";"7898510050195";"39552"
"CAPPUCCINO LA SANTE CLASSIC 200G  : CAPPUCCINO LA SANTE CLASSIC 200G";"7898510050188";"39554"
"CAPPUCCINO LA SANTE CARAMEL 200G  : CAPPUCCINO LA SANTE CARAMEL 200G";"7898510052502";"44790"
"CAPPUCCINO ITALAC 200G TRADICIONAL : CAPPUCCINO ITALAC 200G";"7898080643193";"74400"
"CAPPUCCINO ITALAC 200G CHOCOLATE : CAPPUCCINO ITALAC 200G";"7898080643209";"74400"
"CAPPUCCINO 3 CORACOES ZERO 260ML : CAPPUCCINO 3 CORACOES ZERO 260ML";"7896005809495";"60107"
"CAPPUCCINO 3 CORACOES REFIL 100G CLASSIC : CAPPUCCINO 3 CORACOES REFIL 100G";"7896005804513";"36618"
"CAPPUCCINO 3 CORACOES DIET 150G  : CAPPUCCINO 3 CORACOES DIET 150G";"7896005802519";"16527"
"CAPPUCCINO 3 CORACOES CHOC. 200G  : CAPPUCCINO 3 CORACOES CHOC. 200G";"7896005802892";"16538"
"CAPPUCCINO 3 CORACOES 260ML PINGADO : CAPPUCCINO 3 CORACOES 260ML";"7896045104482";"60106"
"CAPPUCCINO 3 CORACOES 260ML CLASSIC : CAPPUCCINO 3 CORACOES 260ML";"7896005809518";"60106"
"CAPPUCCINO 3 CORACOES 260ML CHOCOLATE : CAPPUCCINO 3 CORACOES 260ML";"7896005809501";"60106"
"CAPPUCCINO 3 CORACOES 20G CLASSIC : CAPPUCCINO 3 CORACOES 20G";"7896005802373";"70984"
"CAPPUCCINO 3 CORACOES 20G CHOCOLATE : CAPPUCCINO 3 CORACOES 20G";"7896005802397";"70984"
"CAPPUCCINO 3 CORACOES 20G CANELA : CAPPUCCINO 3 CORACOES 20G";"7896005802427";"70984"
"CAPPUCCINO 3 CORACOES 20G BAUNILHA : CAPPUCCINO 3 CORACOES 20G";"7896005802403";"70984"
"CAPPUCCINO 3 CORACOES 200G CLASSIC : CAPPUCCINO 3 CORACOES 200G";"7896005800157";"1379"
"CAPPUCCINO 3 CORACOES 200G BAUNILHA : CAPPUCCINO 3 CORACOES 200G";"7896005804629";"1379"
"CAPPUCCINO 3 CORACOES 200G AVELA : CAPPUCCINO 3 CORACOES 200G";"7896045104352";"1379"
"CAPPUCCINO 3 CORACOES 10UN 200G CLASSIC : CAPPUCCINO 3 CORACOES 10UN 200G";"7896005802625";"70989"
"CAPELETTI MEZZANI 400G FRANGO : CAPELETTI MEZZANI 400G";"7896216100541";"1936"
"CAPELETTI MEZZANI 400G CARNE : CAPELETTI MEZZANI 400G";"7896216100534";"1936"
"CAPELETTI MEZZANI 400G 4 QUEIJOS : CAPELETTI MEZZANI 400G";"7896216100558";"1936"
"CAPELETTI DE FRANGO KG : CAPELETTI DE FRANGO KG";"2336";"12688"
"CAPA PARA BOTIJAO BORDADA SANDRIQUE : CAPA PARA BOTIJAO BORDADA SANDRIQUE";"7898348660955";"4920"
"CANUDO PLASTICO REFRIG. JUNCO 80UN : CANUDO PLASTICO REFRIG. JUNCO 80UN";"7896523100197";"49605"
"CANUDO PLASTICO DOBRAVEL JUNCO 40UN (VIRA-VIRA) : CANUDO PLASTICO DOBRAVEL JUNCO 40UN";"7896523177304";"49604"
"CANUDINHO JUMBO BITE DOCILE 70G : CANUDINHO JUMBO BITE DOCILE 70G";"7896451926203";"70303"
"CANUDINHO DOCILE SUP. AZEDINHOS 70G : CANUDINHO DOCILE SUP. AZEDINHOS 70G";"7896451922915";"67544"
"CANUDINHO DOCILE 70G COLOR MORANGO : CANUDINHO DOCILE 70G";"7896451912480";"59069"
"CANUDINHO DOCILE 26G DINO TWIST : CANUDINHO DOCILE 26G";"7896451925589";"59080"
"CANUDINHO DOCILE 26G DINO : CANUDINHO DOCILE 26G";"7896451918079";"59080"
"CANO P/ CHUVEIRO BRANCO LORENZETTI MONOCANO : CANO P/ CHUVEIRO BRANCO LORENZETTI";"7896451855992";"33041"
"CANJIQUINHA ZILIO 500G : CANJIQUINHA ZILIO 500G";"7896280401599";"43159"
"CANJICA KG : CANJICA KG";"2378";"13416"
"CANJICA CRISTAL ZILIO 500G TIPO 1 : CANJICA CRISTAL ZILIO 500G";"7896280400073";"1512"
"CANJICA CRISTAL YOKI 400G  : CANJICA CRISTAL YOKI 400G";"7891095911264";"68733"
"CANJICA BRANCA SIAMAR 400G  : CANJICA BRANCA SIAMAR 400G";"7896069510276";"6432"
"CANJICA AMARELA ZILIO 500G  : CANJICA AMARELA ZILIO 500G";"7896280401148";"35650"
"CANJICA AMARELA SIAMAR 500G  : CANJICA AMARELA SIAMAR 500G";"7896069510306";"1666"
"CANETA NUTRICAO DE CUTÍCULAS RICCA : CANETA NUTRICAO DE CUTÍCULAS RICCA";"7897517928070";"71908"
"CANETA ESF. MENTOS POP 0.7MM 2UN AZUL : CANETA ESF. MENTOS POP 0.7MM 2UN";"7896572039639";"73427"
"CANETA ESF. MENTOS JET LUX 4 CORES : CANETA ESF. MENTOS JET LUX 4 CORES";"7896572039653";"73426"
"CANETA BIC MARCA TEXTO 1UN AMARELA : CANETA BIC MARCA TEXTO 1UN";"7501843506283";"37573"
"CANETA BIC CRISTAL FASHION DURA 10 CORES : CANETA BIC CRISTAL FASHION DURA";"070330529298";"63046"
"CANETA BIC CRISTAL FASHION 4 CORES : CANETA BIC CRISTAL FASHION 4 CORES";"70330163621";"53664"
"CANETA BIC CRISTAL AZUL 4UN : CANETA BIC CRISTAL AZUL 4UN";"70330144125";"7151"
"CANETA BIC CRISTAL 4UN 2AZ+1PR+1VM : CANETA BIC CRISTAL 4UN";"70330178281";"7153"
"CANELONE PRESUNTO E QUEIJO KG. : CANELONE PRESUNTO E QUEIJO KG.";"2834";"17547"
"CANELONE PIZZAOLA 500G PRES./MUSSARELA : CANELONE PIZZAOLA 500G";"7897206801028";"56183"
"CANELONE PIZZAOLA 500G 4 QUEIJOS : CANELONE PIZZAOLA 500G";"7898913799158";"56183"
"CANELA EM RAMA ZILIO 10G : CANELA EM RAMA ZILIO 10G";"7896280400455";"3691"
"CANELA EM PO ZILIO 10G : CANELA EM PO ZILIO 10G";"7896280400448";"1420"
"CANELA DA CHINA EM RAMA SIAMAR 20G : CANELA DA CHINA EM RAMA SIAMAR 20G";"7896069547111";"1449"
"CANELA DA CHINA EM PO SIAMAR 40G : CANELA DA CHINA EM PO SIAMAR 40G";"7896069547241";"3535"
"CANECAO FORT-LAR REFORCADO 14 1,9L POLIDO 3062 : CANECAO FORT-LAR REFORCADO 14 1,9L";"7897174430626";"8036"
"CANECAO FORT-LAR EXTRA FORTE 14 1,9L POLIDO : CANECAO FORT-LAR EXTRA FORTE 14";"7897174420177";"8793"
"CANECAO FORT-LAR EXTRA FORTE 12 1,4L POLIDO : CANECAO FORT-LAR EXTRA FORTE 12";"7897174420160";"8794"
"CANECAO FORT-LAR EXTRA FORTE 10 900ML POLIDO : CANECAO FORT-LAR EXTRA FORTE 10";"7897174420337";"29737"
"CANECA TRITEC ESCOLAR 270ML  : CANECA TRITEC ESCOLAR 270ML";"7896725306175";"62580"
"CANECA SF PORCELANA DECORADA 220ML : CANECA SF PORCELANA DECORADA 220ML";"7891119004637";"15608"
"CANECA PORCELANAS LU TULIPA 220ML. DECORADA : CANECA PORCELANAS LU TULIPA 220ML.";"7897903190685";"53866"
"CANECA PORCELANAS LU DECORADA 280ML : CANECA PORCELANAS LU DECORADA 280ML";"7897903190807";"53868"
"CANECA PLASUTIL TRIO 330ML URSA : CANECA PLASUTIL TRIO 330ML";"7896042082172";"28981"
"CANECA PLASUTIL TRIO 330ML MINNIE BABY : CANECA PLASUTIL TRIO 330ML";"7896042077475";"28981"
"CANECA PLASUTIL TRIO 330ML MICKEY BABY : CANECA PLASUTIL TRIO 330ML";"7896042071084";"28981"
"CANECA PLASUTIL TRIO 330ML MENINA : CANECA PLASUTIL TRIO 330ML";"7899808893166";"28981"
"CANECA PLASUTIL INFANTIL 360ML STITCH : CANECA PLASUTIL INFANTIL 360ML";"7899808852941";"39558"
"CANECA PLASUTIL INFANTIL 360ML PATRULHA CANINA : CANECA PLASUTIL INFANTIL 360ML";"7899808855584";"39558"
"CANECA PLASUTIL INFANTIL 360ML MINNIE : CANECA PLASUTIL INFANTIL 360ML";"7896042082530";"39558"
"CANECA PLASUTIL INFANTIL 360ML HOMEM ARANHA : CANECA PLASUTIL INFANTIL 360ML";"7896042083186";"39558"
"CANECA OXFORD CERAMICA TULIPA 330ML : CANECA OXFORD CERAMICA TULIPA 330ML";"7891361728206";"43477"
"CANECA EM CASA TEM 370ML : CANECA EM CASA TEM 370ML";"7908486105581";"69099"
"CANECA DALAS RELEVO 280ML COLORIDA : CANECA DALAS RELEVO 280ML";"7891361099641";"61927"
"CANECA CHOPP MIMO CAVEIRA 510ML : CANECA CHOPP MIMO CAVEIRA 510ML";"7908216107236";"62345"
"CAMPARI TRADICIONAL 748ML : CAMPARI TRADICIONAL 748ML";"7896010006308";"68441"
"CAMPARI NEGRONI 500ML : CAMPARI NEGRONI 500ML";"8000040011044";"66820"
"CAMOMILA ZILIO 7G : CAMOMILA ZILIO 7G";"7896280400240";"1419"
"CAMOMILA FLOR SIAMAR 10G : CAMOMILA FLOR SIAMAR 10G";"7896069547661";"1452"
"CAMARAO VANNAMEI SEM CASCA 300G : CAMARAO VANNAMEI SEM CASCA 300G";"7898937200418";"40442"
"CAMARAO IGLU SANTANA 300G : CAMARAO IGLU SANTANA 300G";"7898937200715";"74003"
"CAMAFEU KG : CAMAFEU KG";"2457";"14369"
"CALDO VERDE KG : CALDO VERDE KG";"6757";"54444"
"CALDO SEARA 300G VERDE/CALABR : CALDO SEARA 300G";"7894904296286";"70084"
"CALDO SEARA 300G MANDIOQ/FRANGO : CALDO SEARA 300G";"7894904296262";"70084"
"CALDO SEARA 300G FEIJAO/BACON : CALDO SEARA 300G";"7894904296279";"70084"
"CALDO ROYAL CURRY KARUI 120G MEDIO : CALDO ROYAL CURRY KARUI 120G";"7898270967382";"70030"
"CALDO MAGGI 57G LEGUMES : CALDO MAGGI 57G";"7891000529201";"1331"
"CALDO MAGGI 57G GALINHA : CALDO MAGGI 57G";"7891000528709";"1331"
"CALDO MAGGI 57G COSTELA : CALDO MAGGI 57G";"7891000249871";"1331"
"CALDO MAGGI 57G CARNE : CALDO MAGGI 57G";"7891000528907";"1331"
"CALDO MAGGI 57G BACON : CALDO MAGGI 57G";"7891000529102";"1331"
"CALDO MAGGI 152G GALINHA : CALDO MAGGI 152G";"7891000251430";"47302"
"CALDO MAGGI 152G CARNE : CALDO MAGGI 152G";"7891000251454";"47302"
"CALDO MAGGI 114G GALINHA : CALDO MAGGI 114G";"7891000528808";"3551"
"CALDO MAGGI 114G CARNE : CALDO MAGGI 114G";"7891000529003";"3551"
"CALDO MAGGI 114G BACON : CALDO MAGGI 114G";"7891000251492";"3551"
"CALDO KNORR ZERO SAL 48G LEGUMES : CALDO KNORR ZERO SAL 48G";"7891150072848";"54693"
"CALDO KNORR ZERO SAL 48G GALINHA : CALDO KNORR ZERO SAL 48G";"7891150072824";"54693"
"CALDO KNORR 57G LEGUMES : CALDO KNORR 57G";"7894000000268";"30637"
"CALDO KNORR 57G GALINHA : CALDO KNORR 57G";"7894000077475";"30637"
"CALDO KNORR 57G COSTELA : CALDO KNORR 57G";"7894000033808";"30637"
"CALDO KNORR 57G CARNE : CALDO KNORR 57G";"7891150012318";"30637"
"CALDO KNORR 57G BACON : CALDO KNORR 57G";"7894000033860";"30637"
"CALDO KNORR 114G GALINHA : CALDO KNORR 114G";"7894000000350";"1326"
"CALDO KNORR 114G CARNE : CALDO KNORR 114G";"7891150012363";"1326"
"CALDO EM PO MAGGI 35G LEGUMES : CALDO EM PO MAGGI 35G";"7891000310199";"53304"
"CALDO EM PO MAGGI 35G GALINHA : CALDO EM PO MAGGI 35G";"7891000285848";"53304"
"CALDO EM PO MAGGI 35G CARNE : CALDO EM PO MAGGI 35G";"7891000285800";"53304"
"CALDO DE MANDIOQUINHA COM FRANGO KG : CALDO DE MANDIOQUINHA COM FRANGO KG";"6756";"54443"
"CALDO DE MANDIOCA COM COSTELA KG : CALDO DE MANDIOCA COM COSTELA KG";"6763";"54451"
"CALDO DE LEGUMES KG : CALDO DE LEGUMES KG";"8114";"66319"
"CALDO DE CABOTIA COM CARNE KG : CALDO DE CABOTIA COM CARNE KG";"6755";"54442"
"CALDO ARISCO 57G GALINHA CAIPIRA : CALDO ARISCO 57G";"7891700080415";"9900"
"CALDO ARISCO 57G CARNE : CALDO ARISCO 57G";"7891700080354";"9900"
"CALDO ARISCO 114G GALINHA CAIPIRA : CALDO ARISCO 114G";"7891700080439";"7587"
"CALDO ARISCO 114G CARNE : CALDO ARISCO 114G";"7891700080378";"7587"
"CALDEIRAO REFORC. FORT-LAR 2,0L 16  : CALDEIRAO REFORC. FORT-LAR 2,0L 16";"7897174432385";"37718"
"CAJU BANDEJA 350G : CAJU BANDEJA 350G";"7899082300527";"46929"
"CAIXA TERMICA MOR 34L VERMELHO : CAIXA TERMICA MOR 34L";"7896020693949";"66366"
"CAIXA TERMICA MOR 34L AZUL : CAIXA TERMICA MOR 34L";"7896020693802";"66366"
"CAIXA TERMICA MOR 26L AZUL : CAIXA TERMICA MOR 26L";"7896020693963";"66365"
"CAIXA TERMICA ISOTERM 3L : CAIXA TERMICA ISOTERM 3L";"7897764800068";"15384"
"CAIXA PLASUTIL PALHA TAMPA 8L REF. 15053 : CAIXA PLASUTIL PALHA TAMPA 8L";"7899808861776";"64868"
"CAIXA PLASUTIL PALHA TAMPA 8L REF. 15052 : CAIXA PLASUTIL PALHA TAMPA 8L";"7899808861783";"64868"
"CAIXA ORGANIZADORA TOPA TUDO 14L : CAIXA ORGANIZADORA TOPA TUDO 14L";"7896355709209";"63338"
"CAFE/ LEITE LATISSIMO L. SANTE 200G : CAFE/ LEITE LATISSIMO L. SANTE 200G";"7898510052403";"41671"
"CAFE VASCONCELOS VACUO 500G EXTRA FORTE : CAFE VASCONCELOS VACUO 500G";"7898949924517";"66306"
"CAFE UTAM TRADICIONAL 500G : CAFE UTAM TRADICIONAL 500G";"7896656800018";"44942"
"CAFE UTAM TRADICIONAL 250G : CAFE UTAM TRADICIONAL 250G";"7896656800025";"1450"
"CAFE UTAM SOLUVEL SACHE 50G  : CAFE UTAM SOLUVEL SACHE 50G";"7896656800773";"1321"
"CAFE UTAM MOMENTOS FORTISSIMO 500G : CAFE UTAM MOMENTOS FORTISSIMO 500G";"7896656801169";"1447"
"CAFE UTAM MOMENTOS 500G TRADICIONAL : CAFE UTAM MOMENTOS 500G";"7896656801121";"41489"
"CAFE UTAM MOMENTOS 500G EXTRA FORTE : CAFE UTAM MOMENTOS 500G";"7896656801145";"41489"
"CAFE UTAM EXTRA FORTE 500G : CAFE UTAM EXTRA FORTE 500G";"7896656800681";"1445"
"CAFE UTAM EXTRA FORTE 250G : CAFE UTAM EXTRA FORTE 250G";"7896656800698";"50035"
"CAFE SOLUVEL 3 CORACOES VIDRO 100G GRANULADO : CAFE SOLUVEL 3 CORACOES VIDRO 100G";"7896005800669";"71007"
"CAFE PILAO SOLUVEL VIDRO 100G : CAFE PILAO SOLUVEL VIDRO 100G";"7896089088489";"64473"
"CAFE PILAO SOLUVEL SACHE 40G TRADICIONAL : CAFE PILAO SOLUVEL SACHE 40G";"7896089088656";"11399"
"CAFE PILAO SACHE 500G TRADICIONAL : CAFE PILAO SACHE 500G";"7896089013634";"48209"
"CAFE PILAO SACHE 500G EXTRA FORTE : CAFE PILAO SACHE 500G";"7896089013658";"48209"
"CAFE PILAO DESCAFEINADO VACUO 250G : CAFE PILAO DESCAFEINADO VACUO 250G";"7896089012118";"3696"
"CAFE PILAO A VACUO TRADICIONAL 500G : CAFE PILAO A VACUO TRADICIONAL 500G";"7896089011357";"1318"
"CAFE PILAO A VACUO EXTRA FORTE 500G : CAFE PILAO A VACUO EXTRA FORTE 500G";"7896089013405";"41361"
"CAFE PELE A VACUO 500G TRADICIONAL : CAFE PELE A VACUO 500G";"7892222310547";"44778"
"CAFE PELE A VACUO 500G EXTRA FORTE : CAFE PELE A VACUO 500G";"7892222300500";"44778"
"CAFE NILZA 500G : CAFE NILZA 500G";"7896656800056";"1311"
"CAFE MELITTA SACHE 500G TRADICIONAL : CAFE MELITTA SACHE 500G";"7891021005043";"42825"
"CAFE MELITTA SACHE 500G EXTRA FORTE : CAFE MELITTA SACHE 500G";"7891021005067";"42825"
"CAFE MELITTA A VACUO DESCAF. 250G : CAFE MELITTA A VACUO DESCAF. 250G";"7891021006309";"1298"
"CAFE MELITTA A VACUO 500G TRADICIONAL : CAFE MELITTA A VACUO 500G";"7891021006125";"1297"
"CAFE MELITTA A VACUO 500G EXTRA FORTE : CAFE MELITTA A VACUO 500G";"7891021006934";"1297"
"CAFE MATAO 500G : CAFE MATAO 500G";"7897021650016";"1312"
"CAFE LOR ULTIMO RGR 250G  : CAFE LOR ULTIMO RGR 250G";"7896089060195";"70276"
"CAFE LOR SOLUVEL VIDRO 130G CLASSIQUE : CAFE LOR SOLUVEL VIDRO 130G";"7896089089943";"49699"
"CAFE LOR SOLUVEL SACHE 40G INTENSE : CAFE LOR SOLUVEL SACHE 40G";"7896089089912";"66294"
"CAFE LOR SOLUVEL SACHE 40G CLASSIQUE : CAFE LOR SOLUVEL SACHE 40G";"7896089089905";"66294"
"CAFE LOR SOLUVE ESPRESSO VD 100G  : CAFE LOR SOLUVE ESPRESSO VD 100G";"7896089089875";"59114"
"CAFE LOR SOLUVE ESPRESSO 40G : CAFE LOR SOLUVE ESPRESSO 40G";"7896089089868";"25099"
"CAFE LOR INSTANTANEO VIDRO 90G INTENSE : CAFE LOR INSTANTANEO VIDRO 90G";"7896089089936";"55992"
"CAFE LOR 100% ARABICA GOURMET 250G INTENSO : CAFE LOR 100% ARABICA GOURMET 250G";"7896089060157";"66041"
"CAFE LOR 100% ARABICA GOURMET 250G EQUILIBRADO : CAFE LOR 100% ARABICA GOURMET 250G";"7896089060133";"66041"
"CAFE LOR 100% ARABICA GOURMET 250G DELICADO : CAFE LOR 100% ARABICA GOURMET 250G";"7896089060140";"66041"
"CAFE LA SANTE SUPREME BLEND 500G VACUO : CAFE LA SANTE SUPREME BLEND 500G";"7898510050157";"39551"
"CAFE LA SANTE A VACUO 500G TRADICIONAL : CAFE LA SANTE A VACUO 500G";"7898510050034";"44577"
"CAFE LA SANTE 500G TRADICIONAL : CAFE LA SANTE 500G";"7898510050010";"39549"
"CAFE LA SANTE 500G EXTRA FORTE : CAFE LA SANTE 500G";"7898510059143";"39549"
"CAFE COM LEITE 3 CORACOES RF 100G : CAFE COM LEITE 3 CORACOES RF 100G";"7896005804520";"36149"
"CAFE COM LEITE 3 CORACOES 300G : CAFE COM LEITE 3 CORACOES 300G";"7896045111077";"36150"
"CAFE CABOCLO VACUO 500G TRADICIONAL : CAFE CABOCLO VACUO 500G";"7896089010916";"1232"
"CAFE CABOCLO VACUO 500G EXTRA FORTE : CAFE CABOCLO VACUO 500G";"7896089016215";"1232"
"CAFE CABOCLO SACHE 500G TRADICIONAL : CAFE CABOCLO SACHE 500G";"7896089011470";"63361"
"CAFE CABOCLO SACHE 500G EXTRA FORTE : CAFE CABOCLO SACHE 500G";"7896089016239";"63361"
"CAFE BRASILEIRO VACUO 500G TRADICIONAL : CAFE BRASILEIRO VACUO 500G";"7891018427650";"70944"
"CAFE BRASILEIRO VACUO 500G EXTRA FORTE : CAFE BRASILEIRO VACUO 500G";"7891018427643";"70944"
"CAFE BRASILEIRO SACHE 500G TRADICIONAL : CAFE BRASILEIRO SACHE 500G";"7891018001386";"59928"
"CAFE BRASILEIRO SACHE 500G EXTRA FORTE : CAFE BRASILEIRO SACHE 500G";"7891018001393";"59928"
"CAFE BRASILEIRO SACHE 250G EXTRA FORTE : CAFE BRASILEIRO SACHE 250G";"7891018427599";"72594"
"CAFE 3 CORACOES VACUO 250G TRADICIONAL : CAFE 3 CORACOES VACUO 250G";"7896005800362";"74660"
"CAFE 3 CORACOES SOLUVEL VIDRO 50G GRANULADO : CAFE 3 CORACOES SOLUVEL VIDRO 50G";"7896005800652";"44079"
"CAFE 3 CORACOES SOLUVEL REFIL 40G EXTRA FORTE : CAFE 3 CORACOES SOLUVEL REFIL 40G";"7896045111398";"37644"
"CAFE 3 CORACOES PREMIUM 500G : CAFE 3 CORACOES PREMIUM 500G";"7896005800829";"33835"
"CAFE 3 CORACOES GOURMET 250G SUL DE MINAS : CAFE 3 CORACOES GOURMET 250G";"7896045101665";"66668"
"CAFE 3 CORACOES GOURMET 250G MOG. PAULISTA : CAFE 3 CORACOES GOURMET 250G";"7896045101641";"66668"
"CAFE 3 CORACOES GOURMET 250G CERRADO MINEIRO : CAFE 3 CORACOES GOURMET 250G";"7896045101658";"66668"
"CAFE 3 CORACOES ESTRADA REAL 500G PREMIUM : CAFE 3 CORACOES ESTRADA REAL 500G";"7896045102402";"58683"
"CAFE 3 CORACOES A VACUO 500G TRADICIONAL : CAFE 3 CORACOES A VACUO 500G";"7896045102440";"19830"
"CAFE 3 CORACOES A VACUO 500G EXTRA FORTE : CAFE 3 CORACOES A VACUO 500G";"7896045102396";"19830"
"CAFE 3 CORACOES 500G TRADICIONAL : CAFE 3 CORACOES 500G";"7896005800010";"19829"
"CAFE 3 CORACOES 500G EXTRA FORTE : CAFE 3 CORACOES 500G";"7896005801529";"19829"
"CADERNO SAO DOMINGOS BOM D+ 160FL MASCULINO : CADERNO SAO DOMINGOS BOM D+ 160FL";"7891321101476";"68217"
"CADERNO JANDAIA FLOW 240FL CAPA DURA 15X1 : CADERNO JANDAIA FLOW 240FL";"7894494687549";"73425"
"CADERNO FORONI CLIFF 80FL MASCULINO : CADERNO FORONI CLIFF 80FL";"7908077444877";"68219"
"CADERNO FORONI 4 ELEMENTOS 80FL CAPA DURA : CADERNO FORONI 4 ELEMENTOS 80FL";"7908077456016";"68215"
"CADEIRA ALTA MOR : CADEIRA ALTA MOR";"7896020620020";"66364"
"CADEADO PESADO 38MM NEDO REF. 293 : CADEADO PESADO 38MM NEDO REF. 293";"7896619802936";"41051"
"CADEADO PESADO 32MM NEDO REF. 292 : CADEADO PESADO 32MM NEDO REF. 292";"7896619802929";"4938"
"CADEADO PESADO 25MM NEDO REF. 291 : CADEADO PESADO 25MM NEDO REF. 291";"7896619802912";"4893"
"CADEADO PESADO 20MM NEDO REF. 290 : CADEADO PESADO 20MM NEDO REF. 290";"7896619802905";"6528"
"CACHORRO QUENTE UN : CACHORRO QUENTE UN";"3639";"31190"
"CACHACA DONA ODILA PRATA PET 2L : CACHACA DONA ODILA PRATA PET 2L";"7898583030742";"56633"
"CACHACA DONA ODILA OURO PET 2L : CACHACA DONA ODILA OURO PET 2L";"7898583030759";"56632"
"CACHACA COROTE SABORES 500ML TUTTI FRUTTI : CACHACA COROTE SABORES 500ML";"7896547501406";"45877"
"CACHACA COROTE SABORES 500ML MORANGO : CACHACA COROTE SABORES 500ML";"7896547501154";"45877"
"CACHACA COROTE SABORES 500ML MENTA : CACHACA COROTE SABORES 500ML";"7896547501390";"45877"
"CACHACA COROTE SABORES 500ML MARACUJA : CACHACA COROTE SABORES 500ML";"7896547501260";"45877"
"CACHACA COROTE SABORES 500ML LIMAO : CACHACA COROTE SABORES 500ML";"7896547501178";"45877"
"CACHACA COROTE SABORES 500ML BLUEBERRY : CACHACA COROTE SABORES 500ML";"7896547501277";"45877"
"CACHACA COROTE SABORES 500ML BAUNILHA/LIMAO : CACHACA COROTE SABORES 500ML";"7896547501444";"45877"
"CACHACA COROTE 500ML : CACHACA COROTE 500ML";"7896547500089";"4712"
"CACHACA CANELINHA DA ROCHA 900ML CANELA/GENGIBRE : CACHACA CANELINHA DA ROCHA 900ML";"7896685200223";"53373"
"CACHACA CABARE OURO 700ML : CACHACA CABARE OURO 700ML";"7898939469585";"49402"
"CACAU SOLUVEL DR. OETKER 150G : CACAU SOLUVEL DR. OETKER 150G";"7891048000427";"48141"
"CACAU PURO EM PO NATURAL LIFE 100G : CACAU PURO EM PO NATURAL LIFE 100G";"7896256041743";"41664"
"CACAU EM PO SIAMAR 100G : CACAU EM PO SIAMAR 100G";"7896069575299";"44575"
"CACAU EM PO 50% CACAU NESTLE 200G : CACAU EM PO 50% CACAU NESTLE 200G";"7891000451304";"851"
"CACAU EM PO 100% CACAU NESTLE 200G : CACAU EM PO 100% CACAU NESTLE 200G";"7891000120095";"43757"
"CACAROLA REFORCADA FORT-LAR 1,4L 16 POL. : CACAROLA REFORCADA FORT-LAR 1,4L 16";"7897174430343";"34652"
"CABOTIA PICADO KG : CABOTIA PICADO KG";"1455";"3089"
"CABOTIA LIMPA ART VERDE BANDEJA : CABOTIA LIMPA ART VERDE BANDEJA";"7898945773102";"27164"
"CABOTIA KG : CABOTIA KG";"465";"2900"
"CABO USB TYPE C ULTRA INOVA 1M  : CABO USB TYPE C ULTRA INOVA 1M";"7898908418460";"55969"
"CABO USB CONNECT V8 ULTRA INOVA 1M : CABO USB CONNECT V8 ULTRA INOVA 1M";"7898908418576";"55967"
"CABO USB CONNECT V8 INOVA 2M ULTRA RESIST : CABO USB CONNECT V8 INOVA 2M";"7898908418101";"55959"
"CABO USB CONNECT TYPE C INOVA 2M ULTRA RESIST : CABO USB CONNECT TYPE C INOVA 2M";"7898908418392";"55966"
"CABO USB CONNECT LIGHTNING INOVA 2M ULTRA RESIST : CABO USB CONNECT LIGHTNING INOVA 2M";"7898908418521";"55958"
"CABO USB CONNECT LIGHT. ULTRA INOVA 1M : CABO USB CONNECT LIGHT. ULTRA INOVA";"7898908418507";"55968"
"CABO CARREGADOR TYPE C INOVA : CABO CARREGADOR TYPE C INOVA";"7898908418088";"55965"
"CABIDE SANREMO PRIMAFER ADULTO 10PC PRETO : CABIDE SANREMO PRIMAFER ADULTO 10PC";"7896359033911";"67099"
"CABIDE SANREMO PENDURA MAIS L6P5 CINZA : CABIDE SANREMO PENDURA MAIS L6P5";"7896359034017";"71678"
"CABIDE SANREMO PENDURA MAIS L6P5 AZUL : CABIDE SANREMO PENDURA MAIS L6P5";"7896359033928";"71678"
"CABIDE SANREMO PENDURA MAIS 5PC PRETO : CABIDE SANREMO PENDURA MAIS 5PC";"7896359035502";"59750"
"CABIDE PRESSAO P/ AZULEJO NEDO REF. 20 : CABIDE PRESSAO P/ AZULEJO NEDO";"7896619800208";"12915"
"CABIDE ARQPLAST SUP. RESISTENTE 5PC PRETO : CABIDE ARQPLAST SUP. RESISTENTE 5PC";"7908439804523";"67098"
"BUTTER COOKIES DANCAKE LATA 454G : BUTTER COOKIES DANCAKE LATA 454G";"5601069102961";"52111"
"BURGUER GOURMET INCRIVEL SEARA 310G CARNE : BURGUER GOURMET INCRIVEL SEARA 310G";"7894904097234";"52828"
"BULE TRAMONTINA EXATA TERMICO 500ML VERMELHO : BULE TRAMONTINA EXATA TERMICO 500ML";"7891116184615";"55006"
"BULE TRAMONTINA EXATA TERMICO 500ML PRETO : BULE TRAMONTINA EXATA TERMICO 500ML";"7891116184608";"55006"
"BULE TRAMONTINA EXATA TERMICO 1L VERMELHO : BULE TRAMONTINA EXATA TERMICO 1L";"7891116169551";"55004"
"BULE TRAMONTINA EXATA TERMICO 1L PRETO : BULE TRAMONTINA EXATA TERMICO 1L";"7891116169544";"55004"
"BULE SANREMO 700ML + SUP. CAFE 102 SR1011/68 : BULE SANREMO 700ML + SUP. CAFE 102";"7896359042494";"52937"
"BULE SANREMO 700ML + SUP. CAFE 102 SR1011/61 : BULE SANREMO 700ML + SUP. CAFE 102";"7896359035465";"52937"
"BULE SANREMO 700ML + SUP. CAFE 102 SR1011/60 : BULE SANREMO 700ML + SUP. CAFE 102";"7896359035458";"52937"
"BULE REFORCADO POLIDO FORT-LAR 02 1,4L : BULE REFORCADO POLIDO FORT-LAR 02";"7897174430251";"1278"
"BULE MOR AMARE 650ML VERMELHO : BULE MOR AMARE 650ML";"7896020690597";"66393"
"BULE INVICTA VIENA GATILHO 1L PRETO : BULE INVICTA VIENA GATILHO 1L";"7891691005367";"62491"
"BULE INVICTA VIENA 750ML PRETO : BULE INVICTA VIENA 750ML";"7891691002113";"275"
"BULE INVICTA VIENA 400ML COLORIDO : BULE INVICTA VIENA 400ML";"7891691397097";"63129"
"BUCHA VEGETAL VALE DO SOL PEDACO : BUCHA VEGETAL VALE DO SOL PEDACO";"7898938990011";"43468"
"BUCHA VEGETAL VALE DO SOL LUVA GRANDE : BUCHA VEGETAL VALE DO SOL LUVA";"7898938990073";"43473"
"BUCHA VEGETAL VALE DO SOL INTEIRA : BUCHA VEGETAL VALE DO SOL INTEIRA";"7898938990035";"43474"
"BUCHA REDUCAO ROSCA 3/4 X 1/2 NEDO REF. 1736 : BUCHA REDUCAO ROSCA 3/4 X 1/2 NEDO";"7896619817367";"48403"
"BUCHA E PARAFUSO Nº10 NEDO C/ 6UN REF. 114 : BUCHA E PARAFUSO Nº10 NEDO C/ 6UN";"7896619801144";"7361"
"BUCHA E PARAFUSO Nº06 NEDO C/ 10UN : BUCHA E PARAFUSO Nº06 NEDO C/ 10UN";"7896619801120";"7353"
"BUCHA COM GANCHO Nº6 NEDO : BUCHA COM GANCHO Nº6 NEDO";"7896619800901";"55104"
"BROWNIE KG : BROWNIE KG";"3671";"31362"
"BROWNIE BELIVE ZERO PROTEIN 40G DOUBLE CHOC. : BROWNIE BELIVE ZERO PROTEIN 40G";"7898380411553";"57412"
"BROWNIE BELIVE SEM GLUTEN/LACT. 40G CHOCOLATE : BROWNIE BELIVE SEM GLUTEN/LACT. 40G";"7898380410938";"43890"
"BROCOLIS/COUVE/CENOURA KG : BROCOLIS/COUVE/CENOURA KG";"1823";"11511"
"BROCOLIS SEARA NATURE 300G : BROCOLIS SEARA NATURE 300G";"7894904574209";"28927"
"BROCOLIS PICADO BANDEJA KG : BROCOLIS PICADO BANDEJA KG";"464";"3087"
"BROCOLIS CONGELADO COPACOL 300G : BROCOLIS CONGELADO COPACOL 300G";"7891527064667";"40108"
"BROCOLIS CHINES UNIDADE : BROCOLIS CHINES UNIDADE";"7898994528630";"24641"
"BROCOLIS (BARBIERI) UNIDADE UN : BROCOLIS (BARBIERI) UNIDADE";"463";"3160"
"BROA PAULISTA GRESPAN KG : BROA PAULISTA GRESPAN KG";"8801";"74670"
"BROA FUBA KG : BROA FUBA KG";"2079";"2825"
"BROA FUBA ERVA DOCE GRESPAN KG : BROA FUBA ERVA DOCE GRESPAN KG";"8587";"70937"
"BROA FUBA CHOCOLATE GRESPAN KG : BROA FUBA CHOCOLATE GRESPAN KG";"8584";"70926"
"BRINQUEDOS DONNA BEEP : BRINQUEDOS DONNA BEEP";"7898908418040";"47843"
"BRIGADEIRO TRADICIONAL KG : BRIGADEIRO TRADICIONAL KG";"248";"2822"
"BRIGADEIRO SEDUCAO KG : BRIGADEIRO SEDUCAO KG";"7651";"62458"
"BRIGADEIRO PRESTIGIO KG : BRIGADEIRO PRESTIGIO KG";"7654";"62461"
"BRIGADEIRO NO CONFETE KG : BRIGADEIRO NO CONFETE KG";"8520";"70548"
"BRIGADEIRO KINDER BUENO KG : BRIGADEIRO KINDER BUENO KG";"7264";"59383"
"BRIGADEIRO JUNCO 400G : BRIGADEIRO JUNCO 400G";"7896523158358";"49731"
"BRIGADEIRO IGUAL QUI NEM VD 135G : BRIGADEIRO IGUAL QUI NEM VD 135G";"7898952542395";"72096"
"BRIGADEIRO FLORESTA NEGRA KG : BRIGADEIRO FLORESTA NEGRA KG";"7655";"62462"
"BRIGADEIRO FERRERO ROCHER KG : BRIGADEIRO FERRERO ROCHER KG";"7263";"59382"
"BRIGADEIRO E BEIJINHO KG                    : BRIGADEIRO E BEIJINHO         ";"2037";"2819"
"BRIGADEIRO DE OREO KG : BRIGADEIRO DE OREO KG";"7000";"57162"
"BRIGADEIRO DE NUTELLA KG : BRIGADEIRO DE NUTELLA KG";"6905";"55986"
"BRIGADEIRO DE MORANGO (BICHO PE) KG : BRIGADEIRO DE MORANGO (BICHO PE) KG";"6087";"47580"
"BRIGADEIRO DE LEITE NINHO/NUTELLA KG : BRIGADEIRO DE LEITE NINHO/NUTELLA";"6792";"54730"
"BRIGADEIRO DE FLORESTA BRANCA KG : BRIGADEIRO DE FLORESTA BRANCA KG";"7658";"62483"
"BRIGADEIRO DE CHURROS KG : BRIGADEIRO DE CHURROS KG";"6418";"51267"
"BRIGADEIRO CHOCOLATE BRANCO KG : BRIGADEIRO CHOCOLATE BRANCO KG";"7201";"58845"
"BRIGADEIRO CHOCO BOWL KG : BRIGADEIRO CHOCO BOWL KG";"6419";"51268"
"BRAJOLA KG : BRAJOLA KG";"29";"6079"
"BOWL PLASUTIL TWIST P 310 ML 15536 : BOWL PLASUTIL TWIST P 310 ML";"7899808856567";"68812"
"BOWL LYOR BAMBU 3UN  : BOWL LYOR BAMBU 3UN";"7899768024303";"64560"
"BORRACHA SIMILAR PANELA 7L REF.17 : BORRACHA SIMILAR PANELA 7L REF.17";"7896619800178";"6525"
"BORRACHA PANELA 4,5L NEDO REF.5 MULTIUSO BRANCA : BORRACHA PANELA 4,5L NEDO REF.5";"7896619800055";"6523"
"BORRACHA PANELA 4,5L NEDO REF.30 : BORRACHA PANELA 4,5L NEDO REF.30";"7896619800307";"4765"
"BORRACHA PANELA 4,5L NEDO REF.12 MULTIUSO PRETA : BORRACHA PANELA 4,5L NEDO REF.12";"7896619800123";"6524"
"BORRACHA BRANCA MERCUR 3UN RECORD 40 Nº1 : BORRACHA BRANCA MERCUR 3UN";"7896342411306";"7150"
"BOMBONZINHO DE MORANGO KG : BOMBONZINHO DE MORANGO KG";"4154";"32448"
"BOMBONZINHO DE COCO KG : BOMBONZINHO DE COCO KG";"3396";"29651"
"BOMBONZINHO DE CEREJA KG : BOMBONZINHO DE CEREJA KG";"4792";"36220"
"BOMBOM SONHO VALSA+OURO BRANCO 220G : BOMBOM SONHO VALSA+OURO BRANCO 220G";"7622210568601";"67608"
"BOMBOM SONHO DE VALSA LACTA UN : BOMBOM SONHO DE VALSA LACTA UN";"78939301";"9389"
"BOMBOM SONHO DE VALSA LACTA PCT 1KG : BOMBOM SONHO DE VALSA LACTA PCT 1KG";"7896019602006";"790"
"BOMBOM SERENATA DE AMOR UNID. : BOMBOM SERENATA DE AMOR UNID.";"7891008414127";"37842"
"BOMBOM SERENATA DE AMOR 825G : BOMBOM SERENATA DE AMOR 825G";"7891008210040";"39177"
"BOMBOM RAFFAELLO 90G : BOMBOM RAFFAELLO 90G";"8000500232057";"53978"
"BOMBOM RAFFAELLO 30G : BOMBOM RAFFAELLO 30G";"80052487";"43736"
"BOMBOM RAFFAELLO 150G : BOMBOM RAFFAELLO 150G";"8000500045121";"31354"
"BOMBOM OURO BRANCO LACTA UN : BOMBOM OURO BRANCO LACTA UN";"78939318";"9395"
"BOMBOM NO POTE FRANUI KG : BOMBOM NO POTE FRANUI KG";"8485";"69995"
"BOMBOM LACTA OURO BRANCO PCT 1KG : BOMBOM LACTA OURO BRANCO PCT 1KG";"7896019602105";"4755"
"BOMBOM LACTA FAVORITOS 250,6G : BOMBOM LACTA FAVORITOS 250,6G";"7622210596413";"50503"
"BOMBOM GAROTO CROC./CARIBE 215,2G : BOMBOM GAROTO CROC./CARIBE 215,2G";"7891000388754";"74198"
"BOMBOM GAROTO 250G : BOMBOM GAROTO 250G";"7891008116632";"53553"
"BOMBOM FERRERO ROCHER COLLEC. 77G : BOMBOM FERRERO ROCHER COLLEC. 77G";"7898024397151";"43802"
"BOMBOM FERRERO ROCHER COLLEC. 134G : BOMBOM FERRERO ROCHER COLLEC. 134G";"7898024397458";"34935"
"BOMBOM FERRERO ROCHER 50G : BOMBOM FERRERO ROCHER 50G";"7898024397861";"71327"
"BOMBOM FERRERO ROCHER 3UN 37,5G : BOMBOM FERRERO ROCHER 3UN 37,5G";"7898024390121";"16759"
"BOMBOM FERRERO ROCHER 300G : BOMBOM FERRERO ROCHER 300G";"8000500009673";"831"
"BOMBOM FERRERO ROCHER 150G : BOMBOM FERRERO ROCHER 150G";"7898024396994";"43737"
"BOMBOM FERRERO ROCHER 100G : BOMBOM FERRERO ROCHER 100G";"7861002900117";"34934"
"BOMBOM ESPECIALIDADES NESTLE 251G : BOMBOM ESPECIALIDADES NESTLE 251G";"7891000325131";"53427"
"BOMBOM DE UVA NO POTE KG : BOMBOM DE UVA NO POTE KG";"7833";"63597"
"BOMBOM DE UVA KG : BOMBOM DE UVA KG";"6670";"53440"
"BOMBOM DE MORANGO NO POTE KG : BOMBOM DE MORANGO NO POTE KG";"6662";"53405"
"BOMBOM ARCOR TORTUGUITA MIX 134,5G : BOMBOM ARCOR TORTUGUITA MIX 134,5G";"7898142865143";"51158"
"BOMBOM ARCOR SORTIDO 146G : BOMBOM ARCOR SORTIDO 146G";"7898142863774";"39648"
"BOMBA RECHEADA LEITE NINHO KG : BOMBA RECHEADA LEITE NINHO KG";"4432";"34164"
"BOMBA RECHEADA DOCE DE LEITE KG : BOMBA RECHEADA DOCE DE LEITE KG";"2003";"2813"
"BOMBA RECHEADA CHOCOLATE KG : BOMBA RECHEADA CHOCOLATE KG";"2002";"2807"
"BOMBA DE MORANGO KG : BOMBA DE MORANGO KG";"3357";"29291"
"BOM AR OLEOS REFIL 16ML LIRIO/ALGODAO : BOM AR OLEOS REFIL 16ML";"7891035918032";"66025"
"BOM AR OLEOS REFIL 16ML LAVANDA/GERANIO : BOM AR OLEOS REFIL 16ML";"7891035918018";"66025"
"BOM AR OLEOS REFIL 16ML FRAMB./JASMIN : BOM AR OLEOS REFIL 16ML";"7891035918025";"66025"
"BOM AR FRESHMATIC REFIL 250ML LAVANDA : BOM AR FRESHMATIC REFIL 250ML";"7891035539947";"15647"
"BOM AR FRESHMATIC AP + RF. 250ML LAVANDA : BOM AR FRESHMATIC AP + RF. 250ML";"7891035919787";"4815"
"BOM AR CLICK SPRAY REFIL 12ML LAVANDA : BOM AR CLICK SPRAY REFIL 12ML";"7891035539701";"17257"
"BOM AR CLICK SPRAY LV3PG2 12ML RF LAVANDA : BOM AR CLICK SPRAY LV3PG2 12ML RF";"7891035539527";"34322"
"BOM AR CLICK SPRAY APARELHO 12ML LAVANDA : BOM AR CLICK SPRAY APARELHO 12ML";"7891035539602";"30346"
"BOM AR CLICK SPRAY APARELHO 12ML CHEIRO DE TALCO : BOM AR CLICK SPRAY APARELHO 12ML";"7891035539404";"30346"
"BOM AR AIR WICK EMB. ECONOM. 360ML TALCO : BOM AR AIR WICK EMB. ECONOM. 360ML";"7891035918193";"14053"
"BOM AR AIR WICK EMB. ECONOM. 360ML PEONIA : BOM AR AIR WICK EMB. ECONOM. 360ML";"7891035325618";"14053"
"BOM AR AIR WICK EMB. ECONOM. 360ML LAVANDA : BOM AR AIR WICK EMB. ECONOM. 360ML";"7891035918209";"14053"
"BOM AR AIR WICK EMB. ECONOM. 360ML FRESCOR CAMPO : BOM AR AIR WICK EMB. ECONOM. 360ML";"7891035536700";"14053"
"BOM AR AIR WICK EMB. ECONOM. 360ML FLOR DE ALGODAO : BOM AR AIR WICK EMB. ECONOM. 360ML";"7891035534072";"14053"
"BOM AR AIR WICK AROMA SENSE 360ML ROMANCE : BOM AR AIR WICK AROMA SENSE 360ML";"7891035991134";"14216"
"BOM AR AIR WICK AROMA SENSE 360ML ALEGRIA : BOM AR AIR WICK AROMA SENSE 360ML";"7891035991141";"14216"
"BOLO VULCAO CENOURA KG : BOLO VULCAO CENOURA KG";"7214";"58963"
"BOLO SEVEN BOYS SABORES 250G CHOCOLATE : BOLO SEVEN BOYS SABORES 250G";"7891193020363";"41394"
"BOLO SALGADO DE FRANGO KG : BOLO SALGADO DE FRANGO KG";"363";"8038"
"BOLO PULLMAN 250G LARANJA : BOLO PULLMAN 250G";"7896002361033";"2518"
"BOLO PULLMAN 250G GOTAS CHOCOLATE : BOLO PULLMAN 250G";"7896002362146";"2518"
"BOLO PULLMAN 250G FRAPPE CALIF. : BOLO PULLMAN 250G";"7896002360982";"2518"
"BOLO PULLMAN 250G CHOCOLATE : BOLO PULLMAN 250G";"7896002361019";"2518"
"BOLO PE DE BOLO COBERTURA 500G LIMAO/MOUSSE : BOLO PE DE BOLO COBERTURA 500G";"0735201211381";"65908"
"BOLO PE DE BOLO COBERTURA 500G FORMIGUEIRO : BOLO PE DE BOLO COBERTURA 500G";"0735201211398";"65908"
"BOLO PE DE BOLO COBERTURA 500G CHOCOLATE : BOLO PE DE BOLO COBERTURA 500G";"0735201012339";"65908"
"BOLO PE DE BOLO COBERTURA 500G CENOURA : BOLO PE DE BOLO COBERTURA 500G";"0735201012346";"65908"
"BOLO PE DE BOLO 500G MESCLADO : BOLO PE DE BOLO 500G";"736532492395";"65909"
"BOLO PE DE BOLO 500G LARANJA : BOLO PE DE BOLO 500G";"735201012315";"65909"
"BOLO PE DE BOLO 500G FUBA/ERVA DOCE : BOLO PE DE BOLO 500G";"0735201012322";"65909"
"BOLO PANCO 300G. GOTAS CHOCOLATE : BOLO PANCO 300G.";"7891203063342";"24413"
"BOLO PANCO 300G. CHOCOBOY : BOLO PANCO 300G.";"7891203059345";"24413"
"BOLO PANCO 300G LARANJA : BOLO PANCO 300G";"7891203059314";"2450"
"BOLO PANCO 300G COCO : BOLO PANCO 300G";"7891203059338";"2450"
"BOLO PANCO 300G CHOCOLATE : BOLO PANCO 300G";"7891203059352";"2450"
"BOLO NO POTE SUFLAIR KG : BOLO NO POTE SUFLAIR KG";"7975";"65003"
"BOLO NO POTE SUFLAIR BRANCO KG : BOLO NO POTE SUFLAIR BRANCO KG";"8005";"65222"
"BOLO NO POTE SENSACAO KG : BOLO NO POTE SENSACAO KG";"8101";"66224"
"BOLO NO POTE NINHO/MORANGO KG  : BOLO NO POTE NINHO/MORANGO KG";"7572";"61682"
"BOLO NO POTE NINHO/FR. VERMELHAS KG : BOLO NO POTE NINHO/FR. VERMELHAS KG";"8227";"67371"
"BOLO NO POTE NINHO KG : BOLO NO POTE NINHO KG";"7246";"59271"
"BOLO NO POTE MARACUJA TRUFADO KG : BOLO NO POTE MARACUJA TRUFADO KG";"8152";"66692"
"BOLO NO POTE FRANUI KG : BOLO NO POTE FRANUI KG";"8484";"69994"
"BOLO NO POTE DE PAO DE MEL KG : BOLO NO POTE DE PAO DE MEL KG";"8015";"65343"
"BOLO NO POTE CHOCONINHO KG : BOLO NO POTE CHOCONINHO KG";"7976";"65005"
"BOLO NO POTE CENOURA KG : BOLO NO POTE CENOURA KG";"8273";"67790"
"BOLO NO POTE BRIGADEIRO KG : BOLO NO POTE BRIGADEIRO KG";"6988";"56997"
"BOLO NO POTE BOMBOM MORANGO KG : BOLO NO POTE BOMBOM MORANGO KG";"7834";"63600"
"BOLO NO POTE ALPINO KG : BOLO NO POTE ALPINO KG";"7974";"65002"
"BOLO NEWBREAD SABORES 200G MESCLADO : BOLO NEWBREAD SABORES 200G";"7896998706078";"34638"
"BOLO NEWBREAD SABORES 200G LARANJA : BOLO NEWBREAD SABORES 200G";"7896998706016";"34638"
"BOLO NEWBREAD SABORES 200G GOTAS CHOCOLATE : BOLO NEWBREAD SABORES 200G";"7896998706023";"34638"
"BOLO NEWBREAD SABORES 200G FORMIGUEIRO : BOLO NEWBREAD SABORES 200G";"7896998706054";"34638"
"BOLO NEWBREAD SABORES 200G COCO : BOLO NEWBREAD SABORES 200G";"7896998706030";"34638"
"BOLO NEWBREAD SABORES 200G CHOCOLATE : BOLO NEWBREAD SABORES 200G";"7896998706009";"34638"
"BOLO NEWBREAD SABORES 200G ABACAXI : BOLO NEWBREAD SABORES 200G";"7896998706047";"34638"
"BOLO GELADO PRESTIGIO KG : BOLO GELADO PRESTIGIO KG";"6565";"52233"
"BOLO GELADO LEITE NINHO/CHOC. KG : BOLO GELADO LEITE NINHO/CHOC. KG";"406";"9063"
"BOLO GELADO LEITE NINHO KG : BOLO GELADO LEITE NINHO KG";"6504";"51723"
"BOLO GELADO DOCE DE LEITE/AMEIXA KG : BOLO GELADO DOCE DE LEITE/AMEIXA KG";"8644";"71565"
"BOLO GELADO COCO KG : BOLO GELADO COCO KG";"6407";"51176"
"BOLO GELADO CHOCOLATUDO KG : BOLO GELADO CHOCOLATUDO KG";"4436";"34165"
"BOLO GELADO BRIGADEIRO KG : BOLO GELADO BRIGADEIRO KG";"8771";"73882"
"BOLO GELADO ABACAXI KG : BOLO GELADO ABACAXI KG";"5989";"51101"
"BOLO FORMIGUEIRO KG : BOLO FORMIGUEIRO KG           ";"176";"6589"
"BOLO FESTIVAL PACOCA KG : BOLO FESTIVAL PACOCA KG";"8490";"70141"
"BOLO FESTIVAL OREO KG : BOLO FESTIVAL OREO KG";"7439";"60578"
"BOLO FESTIVAL LEITE NINHO KG : BOLO FESTIVAL LEITE NINHO KG";"7354";"60238"
"BOLO FESTIVAL FUBA KG : BOLO FESTIVAL FUBA KG";"6378";"57855"
"BOLO FESTIVAL COCO KG : BOLO FESTIVAL COCO KG";"7075";"58046"
"BOLO FESTIVAL CENOURA KG : BOLO FESTIVAL CENOURA KG";"6374";"57852"
"BOLO FATIA SUPREMA CENOURA KG : BOLO FATIA SUPREMA CENOURA KG";"7199";"58840"
"BOLO DR OETKER CHOC. MOUSSE 330G : BOLO DR OETKER CHOC. MOUSSE 330G";"7891048000038";"71021"
"BOLO DE PRESTIGIO KG : BOLO DE PRESTIGIO KG";"244";"2944"
"BOLO DE MILHO KG : BOLO DE MILHO KG";"243";"2943"
"BOLO DE LIMAO KG : BOLO DE LIMAO KG";"2111";"5867"
"BOLO DE LEITE CONDENSADO KG : BOLO DE LEITE CONDENSADO KG";"1370";"2946"
"BOLO DE LARANJA KG : BOLO DE LARANJA KG";"241";"2937"
"BOLO DE FUBA KG : BOLO DE FUBA KG";"240";"5846"
"BOLO DE FUBA COM GOIABADA KG : BOLO DE FUBA COM GOIABADA KG";"5233";"39182"
"BOLO DE COCO KG : BOLO DE COCO KG";"238";"2930"
"BOLO DE CHOCOLATE KG : BOLO DE CHOCOLATE KG";"233";"2914"
"BOLO DE CENOURA COBERTURA CHOC. : BOLO DE CENOURA COBERTURA CHOC.";"7023";"57458"
"BOLO DE AIPIM KG : BOLO DE AIPIM KG";"235";"2918"
"BOLO CREMOSO CACAROLA KG : BOLO CREMOSO CACAROLA KG";"7441";"60580"
"BOLO CONFEITADO SUFLAIR BRANCO KG : BOLO CONFEITADO SUFLAIR BRANCO KG";"3420";"29942"
"BOLO CONFEITADO SUFLAIR AO LEITE KG : BOLO CONFEITADO SUFLAIR AO LEITE KG";"2375";"13413"
"BOLO CONFEITADO NINHO KG : BOLO CONFEITADO NINHO KG";"2362";"13386"
"BOLO CONFEITADO FLORESTA NEGRA KG : BOLO CONFEITADO FLORESTA NEGRA KG";"1492";"11119"
"BOLO CONFEITADO FLORESTA BRANCA KG : BOLO CONFEITADO FLORESTA BRANCA KG";"2773";"17125"
"BOLO CONFEITADO DOCE L./AMEIXA KG : BOLO CONFEITADO DOCE L./AMEIXA KG";"4777";"36020"
"BOLO CONFEITADO DANETTE KG : BOLO CONFEITADO DANETTE KG";"2372";"13410"
"BOLO CONFEITADO BRIGADEIRO KG : BOLO CONFEITADO BRIGADEIRO KG";"1362";"2922"
"BOLO CONFEITADO BOMBOM KG : BOLO CONFEITADO BOMBOM KG";"2586";"15345"
"BOLO CONFEITADO ALPINO KG : BOLO CONFEITADO ALPINO KG";"6233";"49862"
"BOLO CONF. CREME BELGA/ABACAXI KG : BOLO CONF. CREME BELGA/ABACAXI KG";"3112";"26820"
"BOLO COCADA KG : BOLO COCADA KG";"6726";"54193"
"BOLO CHOCONINHO CONFEITADO KG : BOLO CHOCONINHO CONFEITADO KG";"7973";"65001"
"BOLO CASEIRO PACOCA KG : BOLO CASEIRO PACOCA KG";"5272";"39416"
"BOLO CASEIRO MILHO KG  : BOLO CASEIRO MILHO KG";"2040";"2941"
"BOLO CASEIRO LEITE NINHO KG : BOLO CASEIRO LEITE NINHO KG";"3418";"29940"
"BOLO CASEIRO LEITE NINHO COBERT. KG KG : BOLO CASEIRO LEITE NINHO COBERT. KG";"7507";"61130"
"BOLO CASEIRO IOGURTE KG : BOLO CASEIRO IOGURTE KG";"117";"6398"
"BOLO CASEIRO FUBA KG : BOLO CASEIRO FUBA KG";"4771";"35977"
"BOLO CASEIRO FUBA BRIG./GOIABADA KG : BOLO CASEIRO FUBA BRIG./GOIABADA KG";"8769";"73880"
"BOLO CASEIRO DE OREO KG : BOLO CASEIRO DE OREO KG";"8770";"73881"
"BOLO CASEIRO COCO KG : BOLO CASEIRO COCO KG";"7502";"61125"
"BOLO CASEIRO CHURROS KG  : BOLO CASEIRO CHURROS KG";"5599";"41757"
"BOLO CASEIRO CHOCOLATE KG : BOLO CASEIRO CHOCOLATE KG";"1120";"30638"
"BOLO CASEIRO CENOURA KG : BOLO CASEIRO CENOURA KG";"2774";"17126"
"BOLO CASEIRO BANANA KG COBER. CARAMELO : BOLO CASEIRO BANANA KG";"1371";"2919"
"BOLO CANECA DR OETKER 70G. FORMIGUEIRO : BOLO CANECA DR OETKER 70G.";"7891048070246";"42502"
"BOLO CANECA DR OETKER 70G. BROWNIE : BOLO CANECA DR OETKER 70G.";"7891048070284";"42502"
"BOLO CANECA DR OETKER 70G CHOCOLATE : BOLO CANECA DR OETKER 70G";"7891048070215";"33696"
"BOLO CANECA DR OETKER 70G BRIGADEIRO : BOLO CANECA DR OETKER 70G";"7891048070253";"33696"
"BOLO CANECA DR OETKER 67G TODDY : BOLO CANECA DR OETKER 67G";"7891048000021";"71142"
"BOLO CAKE PRESTIGIO KG : BOLO CAKE PRESTIGIO KG";"7281";"59490"
"BOLO CAKE CENOURA KG : BOLO CAKE CENOURA KG          ";"5736";"43461"
"BOLO BAUDUCCO SABORES 280G LARANJA : BOLO BAUDUCCO SABORES 280G";"7891962066844";"11949"
"BOLO BAUDUCCO SABORES 280G CHOCOLATE : BOLO BAUDUCCO SABORES 280G";"7891962066851";"11949"
"BOLO AIR FRYER DR OETKER 240G BROWNIE : BOLO AIR FRYER DR OETKER 240G";"7891048084830";"75215"
"BOLINHO PANQUINHO PANCO 70G DOCE DE LEITE : BOLINHO PANQUINHO PANCO 70G";"7891203058058";"25101"
"BOLINHO PANQUINHO PANCO 70G BRIGADEIRO : BOLINHO PANQUINHO PANCO 70G";"7891203059413";"25101"
"BOLINHO DE MANDIOCA RECHEADO KG : BOLINHO DE MANDIOCA RECHEADO KG";"7929";"64533"
"BOLINHO DE CHUVA KG : BOLINHO DE CHUVA KG";"2071";"2804"
"BOLINHO DE CARNE COM REQUEIJAO KG. ARTE MINEIRA : BOLINHO DE CARNE COM REQUEIJAO KG.";"7747";"63063"
"BOLINHO DE BACALHAU KG : BOLINHO DE BACALHAU KG        ";"2041";"2911"
"BOLINHO DE ARROZ KG : BOLINHO DE ARROZ KG";"2347";"13040"
"BOLINHO BELIVE SEM GLUTEN/LACT. 40G DOUBLE CHOC. : BOLINHO BELIVE SEM GLUTEN/LACT. 40G";"7898380411119";"52397"
"BOLINHO BELIVE SEM GLUTEN/LACT. 40G COCO/CHOCOLATE : BOLINHO BELIVE SEM GLUTEN/LACT. 40G";"7898380410952";"52397"
"BOLINHO BEBEZINHO PANCO 70G CHOCOLATE : BOLINHO BEBEZINHO PANCO 70G";"7891203055262";"8658"
"BOLINHO BEBEZINHO PANCO 70G BRIGADEIRO : BOLINHO BEBEZINHO PANCO 70G";"7891203063427";"8658"
"BOLINHO BAUDUCCO 40G MORANGO : BOLINHO BAUDUCCO 40G";"7891962015620";"3445"
"BOLINHO BAUDUCCO 40G CHOCOLATE : BOLINHO BAUDUCCO 40G";"7891962000725";"3445"
"BOLINHO BAUDUCCO 40G CHOC./BAUNILHA : BOLINHO BAUDUCCO 40G";"7891962067346";"3445"
"BOLINHO ANA MARIA QD+ 35G DUPLO CHOCOLATE : BOLINHO ANA MARIA QD+ 35G";"7896002302661";"26341"
"BOLINHO ANA MARIA QD+ 35G CENOURA/CHOC. : BOLINHO ANA MARIA QD+ 35G";"7896002366557";"26341"
"BOLINHO ANA MARIA COBERTURA 42G NAPOLITANO : BOLINHO ANA MARIA COBERTURA 42G";"7896002368230";"26479"
"BOLINHO ANA MARIA COBERTURA 42G CREME DE AVELA : BOLINHO ANA MARIA COBERTURA 42G";"7896002311540";"26479"
"BOLINHO ANA MARIA COBERTURA 42G CHOCOLATE : BOLINHO ANA MARIA COBERTURA 42G";"7896002362054";"26479"
"BOLINHO ANA MARIA 70G TRIPLO CHOC. : BOLINHO ANA MARIA 70G";"7896002311830";"2413"
"BOLINHO ANA MARIA 70G GOTAS CHOCOLATE : BOLINHO ANA MARIA 70G";"7896002363259";"2413"
"BOLINHO ANA MARIA 70G CHOCOLATE : BOLINHO ANA MARIA 70G";"7896002362436";"2413"
"BOLINHO ANA MARIA 70G BAUNILHA : BOLINHO ANA MARIA 70G";"7896002362412";"2413"
"BOLINHO ANA MARIA 70G BANOFFEE : BOLINHO ANA MARIA 70G";"7896002311847";"2413"
"BOLINHO ANA MARIA 35G GOTAS CHOCOLATE : BOLINHO ANA MARIA 35G";"7896002301497";"47128"
"BOLINHO ANA MARIA 35G CHOCOLATE : BOLINHO ANA MARIA 35G";"7896002301510";"47128"
"BOLINHA PRE FRITA PIZZAOLA 500G : BOLINHA PRE FRITA PIZZAOLA 500G";"7897206800717";"56316"
"BOLEIRA PLASUTIL GLAMOUR BAIXA 14196 : BOLEIRA PLASUTIL GLAMOUR BAIXA";"7899808872055";"68263"
"BOLEIRA PLASUTIL ALCA/ROSCA DEC REF. 6692 : BOLEIRA PLASUTIL ALCA/ROSCA DEC";"7896042066929";"39553"
"BOLACHINHA CASARE 240G RECH. GOIABADA : BOLACHINHA CASARE 240G";"7898939259155";"8638"
"BOLACHINHA CASARE 240G NATA : BOLACHINHA CASARE 240G";"7898939259148";"8638"
"BOLACHINHA CASARE 200G COCO : BOLACHINHA CASARE 200G";"7898939259339";"29418"
"BOLACHAO ACUCARADO BOLAMEL 400G : BOLACHAO ACUCARADO BOLAMEL 400G";"7896372400011";"39981"
"BOLACHA SAMANTA KG : BOLACHA SAMANTA KG";"1788";"5876"
"BOLACHA CHAMPAGNE KG : BOLACHA CHAMPAGNE KG";"230";"2790"
"BODY SPLASH GIOVANA BABY 260ML CLASSIC : BODY SPLASH GIOVANA BABY 260ML";"7896044997177";"59444"
"BODY SPLASH GIOVANA BABY 260ML BLUE : BODY SPLASH GIOVANA BABY 260ML";"7896044997191";"59444"
"BODY SPLASH GIOVANA BABY 260ML BLANC VANILLA : BODY SPLASH GIOVANA BABY 260ML";"7896044997207";"59444"
"BODY SPLASH GIOVANA BABY 200ML SECRETS : BODY SPLASH GIOVANA BABY 200ML";"7898663111187";"71203"
"BOBINA EMBALAR FREEZER/MICROOND 5KG : BOBINA EMBALAR FREEZER/MICROOND 5KG";"7896492409840";"61722"
"BOBINA EMBALAR FREEZER/MICROOND 3KG : BOBINA EMBALAR FREEZER/MICROOND 3KG";"7896492409833";"61721"
"BOBINA EMBALAR FREEZER/MICROOND 2KG : BOBINA EMBALAR FREEZER/MICROOND 2KG";"7896492409826";"61720"
"BLOQUEADOR ODORES COALA N°2 60ML TUTTI FRUTTI : BLOQUEADOR ODORES COALA N°2 60ML";"7897744502807";"59346"
"BLOQUEADOR ODORES COALA N°2 60ML LEMONGRASS : BLOQUEADOR ODORES COALA N°2 60ML";"7897744502630";"59346"
"BLOQUEADOR ODORES COALA N°2 60ML LAVANDA : BLOQUEADOR ODORES COALA N°2 60ML";"7897744502616";"59346"
"BLOQUEADOR ODORES COALA N°2 60ML ESPECIARIAS : BLOQUEADOR ODORES COALA N°2 60ML";"7897744502623";"59346"
"BLOQUEADOR ODORES COALA N°2 60ML ALECRIM : BLOQUEADOR ODORES COALA N°2 60ML";"7897744502647";"59346"
"BISTECA SUINA FRITA KG : BISTECA SUINA FRITA KG";"2495";"15029"
"BISNAGUITO PULLMAN 300G : BISNAGUITO PULLMAN 300G";"7896002360234";"2447"
"BISNAGUINHA SEVEN BOYS 300G TRADICIONAL : BISNAGUINHA SEVEN BOYS 300G";"7891193010012";"41380"
"BISNAGUINHA PULLMAN ARTESANO 300G ORIGINAL : BISNAGUINHA PULLMAN ARTESANO 300G";"7896002311663";"67735"
"BISNAGUINHA PULLMAN ARTESANO 300G NA CHAPA : BISNAGUINHA PULLMAN ARTESANO 300G";"7896002311687";"67735"
"BISNAGUINHA POCOS DE CALDAS 240G : BISNAGUINHA POCOS DE CALDAS 240G";"7896998700328";"74058"
"BISNAGUINHA PANCO INTEGRAL 300G : BISNAGUINHA PANCO INTEGRAL 300G";"7891203069719";"24414"
"BISNAGUINHA PANCO 300G : BISNAGUINHA PANCO 300G";"7891203010605";"2443"
"BISNAGUINHA NEWBREAD INTEGRAL 240G FONTE DE FIBRAS : BISNAGUINHA NEWBREAD INTEGRAL 240G";"7896998700311";"34022"
"BISNAGUINHA NEWBREAD 300G : BISNAGUINHA NEWBREAD 300G";"7896998700304";"30556"
"BISNAGUINHA COM CREME E GOIABADA KG : BISNAGUINHA COM CREME E GOIABADA KG";"6414";"51262"
"BISNAGA SANREMO CONDIMENTOS 210ML SR326/3 : BISNAGA SANREMO CONDIMENTOS 210ML";"7896359027217";"59548"
"BISNAGA SANREMO CONDIMENTOS 210ML 326 : BISNAGA SANREMO CONDIMENTOS 210ML";"7896359012473";"59548"
"BISNAGA PLASUTIL 280ML MAIONESE : BISNAGA PLASUTIL 280ML";"7896042088259";"50785"
"BISNAGA PLASUTIL 280ML KETCHUP : BISNAGA PLASUTIL 280ML";"7896042088242";"50785"
"BISNAGA DECORA PLASUTIL 250ML MOSTARDA : BISNAGA DECORA PLASUTIL 250ML";"7896042057293";"28974"
"BISCOITO ZABET CREAM CRACKER 350G : BISCOITO ZABET CREAM CRACKER 350G";"7896085087011";"1072"
"BISCOITO VITARELLA MOUSSE 130G LIMAO : BISCOITO VITARELLA MOUSSE 130G";"7896085087202";"67812"
"BISCOITO VITARELLA MOUSSE 130G CHOCOLATE : BISCOITO VITARELLA MOUSSE 130G";"7896085087219";"67812"
"BISCOITO VITARELLA MOUSSE 130G BLACK MORANGO : BISCOITO VITARELLA MOUSSE 130G";"7896085087233";"67812"
"BISCOITO VITARELLA MOUSSE 130G BLACK BAUNILHA : BISCOITO VITARELLA MOUSSE 130G";"7896085087226";"67812"
"BISCOITO VITARELLA MARIA 350G LEITE : BISCOITO VITARELLA MARIA 350G";"7896213006389";"56401"
"BISCOITO VITARELLA MARIA 350G : BISCOITO VITARELLA MARIA 350G";"7896213006358";"56401"
"BISCOITO VITARELLA MAIZENA CHOC. 350G : BISCOITO VITARELLA MAIZENA CHOC.";"7896213006419";"61729"
"BISCOITO VITARELLA MAIZENA 350G TRADICIONAL : BISCOITO VITARELLA MAIZENA 350G";"7896213006396";"56398"
"BISCOITO VITARELLA MAIZENA 350G LEITE : BISCOITO VITARELLA MAIZENA 350G";"7896213006426";"56398"
"BISCOITO VITARELLA MAIZENA 350G BAUNILHA : BISCOITO VITARELLA MAIZENA 350G";"7896213006402";"56398"
"BISCOITO VITARELLA DELICITA 414G CRISTAL DOCE : BISCOITO VITARELLA DELICITA 414G";"7896213005771";"53902"
"BISCOITO VITARELLA CROCKS 350G TRADICIONAL : BISCOITO VITARELLA CROCKS 350G";"7896213006327";"61735"
"BISCOITO VITARELLA CREAM CRACKER 350G : BISCOITO VITARELLA CREAM CRACKER";"7896213006235";"61730"
"BISCOITO VITARELLA AGUA E SAL 350G : BISCOITO VITARELLA AGUA E SAL 350G";"7896213006242";"56397"
"BISCOITO TRIUNFO TORTINI 90G TRUFA : BISCOITO TRIUNFO TORTINI 90G";"7896058257670";"40482"
"BISCOITO TRIUNFO TORTINI 90G MORANGO : BISCOITO TRIUNFO TORTINI 90G";"7896058257663";"40482"
"BISCOITO TRIUNFO TORTINI 90G CHOCOLATE : BISCOITO TRIUNFO TORTINI 90G";"7896058257656";"40482"
"BISCOITO TRIUNFO MANTEIGA 345G MANTEIGA : BISCOITO TRIUNFO MANTEIGA 345G";"7896058258851";"69078"
"BISCOITO TRIUNFO MAIZENA 345G TRADICIONAL : BISCOITO TRIUNFO MAIZENA 345G";"7896058258530";"41823"
"BISCOITO TRIUNFO MAIZENA 345G MANTEIGA : BISCOITO TRIUNFO MAIZENA 345G";"7896058259353";"41823"
"BISCOITO TRIUNFO LEITE 345G : BISCOITO TRIUNFO LEITE 345G";"7896058258554";"44068"
"BISCOITO TRIUNFO CREAM CRACKER 345G : BISCOITO TRIUNFO CREAM CRACKER 345G";"7896058258844";"9405"
"BISCOITO TRIUNFO CREAM CRACKER 164G ORIGINAL : BISCOITO TRIUNFO CREAM CRACKER 164G";"7896058258738";"51094"
"BISCOITO TRIUNFO AMANTEIGADO 248G LEITE : BISCOITO TRIUNFO AMANTEIGADO 248G";"7896058259025";"51090"
"BISCOITO TRIUNFO AMANTEIGADO 248G GOTAS CHOCOLATE : BISCOITO TRIUNFO AMANTEIGADO 248G";"7896058259018";"51090"
"BISCOITO TRIUNFO AMANTEIGADO 248G COCO : BISCOITO TRIUNFO AMANTEIGADO 248G";"7896058259001";"51090"
"BISCOITO TRIUNFO AMANTEIGADO 248G CHOCOLATE : BISCOITO TRIUNFO AMANTEIGADO 248G";"7896058259032";"51090"
"BISCOITO TRIUNFO AGUA E SAL 345G : BISCOITO TRIUNFO AGUA E SAL 345G";"7896058258837";"41822"
"BISCOITO TRIUNFO AGUA E SAL 164G : BISCOITO TRIUNFO AGUA E SAL 164G";"7896058258721";"8316"
"BISCOITO TRAKINAS RECHEADO 126G TORTA LIMAO : BISCOITO TRAKINAS RECHEADO 126G";"7622210573933";"29140"
"BISCOITO TRAKINAS RECHEADO 126G MORANGO : BISCOITO TRAKINAS RECHEADO 126G";"7622300741044";"29140"
"BISCOITO TRAKINAS RECHEADO 126G CHOCOLATE : BISCOITO TRAKINAS RECHEADO 126G";"7622300741013";"29140"
"BISCOITO TRAKINAS RECHEADO 126G CHOC./MORANGO : BISCOITO TRAKINAS RECHEADO 126G";"7622300741235";"29140"
"BISCOITO TRAKINAS RECHEADO 126G CHOC. BRAN/PRET : BISCOITO TRAKINAS RECHEADO 126G";"7622300741297";"29140"
"BISCOITO TOSTINES LEITE MALTADO 160G : BISCOITO TOSTINES LEITE MALTADO";"7891000413579";"74602"
"BISCOITO TOSTINES ESPECIARIAS 93G CAPPUCINO : BISCOITO TOSTINES ESPECIARIAS 93G";"7891000424834";"74601"
"BISCOITO TOSTINES ESPECIARIAS 150G : BISCOITO TOSTINES ESPECIARIAS 150G";"7891000397975";"69931"
"BISCOITO TODDY RECHEADO 100G MORANGO : BISCOITO TODDY RECHEADO 100G";"7896071024433";"38495"
"BISCOITO TODDY RECHEADO 100G CHOCOLATE : BISCOITO TODDY RECHEADO 100G";"7896071024839";"38495"
"BISCOITO TODDY RECHEADO 100G BAUNILHA : BISCOITO TODDY RECHEADO 100G";"7896071024822";"38495"
"BISCOITO SOL MARIA 350G : BISCOITO SOL MARIA 350G";"7896005223758";"67689"
"BISCOITO SOL CREAM CRACKER 350G : BISCOITO SOL CREAM CRACKER 350G";"7896005223574";"67685"
"BISCOITO SOL AGUA E SAL 350G : BISCOITO SOL AGUA E SAL 350G";"7896005223598";"67687"
"BISCOITO SALGADO TUCS 100G TRADICIONAL : BISCOITO SALGADO TUCS 100G";"7896061300677";"909"
"BISCOITO SALGADO TUCS 100G QUEIJO : BISCOITO SALGADO TUCS 100G";"8590200005582";"909"
"BISCOITO SALGADO TUCS 100G PRESUNTO : BISCOITO SALGADO TUCS 100G";"7896061300875";"909"
"BISCOITO RANCHEIRO RECHEADO 90G MORANGO : BISCOITO RANCHEIRO RECHEADO 90G";"7896253401731";"67264"
"BISCOITO RANCHEIRO RECHEADO 90G CHOCOLATE/COCO : BISCOITO RANCHEIRO RECHEADO 90G";"7896253401809";"67264"
"BISCOITO RANCHEIRO RECHEADO 90G CHOCOLATE : BISCOITO RANCHEIRO RECHEADO 90G";"7896253401397";"67264"
"BISCOITO RANCHEIRO RECHEADO 90G BAUNILHA : BISCOITO RANCHEIRO RECHEADO 90G";"7896253401366";"67264"
"BISCOITO RANCHEIRO MAIZENA 300G : BISCOITO RANCHEIRO MAIZENA 300G";"7896253401892";"68792"
"BISCOITO PRESTIGIO NESTLE 140G : BISCOITO PRESTIGIO NESTLE 140G";"7891000089248";"28325"
"BISCOITO POLVILHO NAZINHA 70G : BISCOITO POLVILHO NAZINHA 70G";"7897042701414";"66844"
"BISCOITO POLVILHO NATURAL LIFE 90G S/GLUTEN : BISCOITO POLVILHO NATURAL LIFE 90G";"7896256042832";"69096"
"BISCOITO POLVILHO KG : BISCOITO POLVILHO KG";"229";"2778"
"BISCOITO POLVILHO FALEIRO 100G TRADICIONAL : BISCOITO POLVILHO FALEIRO 100G";"7898935727016";"25839"
"BISCOITO POLVILHO FALEIRO 100G BRANQUINHO : BISCOITO POLVILHO FALEIRO 100G";"7898935727061";"25839"
"BISCOITO POLVILHO FABITOS 180G : BISCOITO POLVILHO FABITOS 180G";"7896481033421";"2402"
"BISCOITO POLVILHO FABITOS 100G. : BISCOITO POLVILHO FABITOS 100G.";"7896481033414";"2401"
"BISCOITO POLVILHO FABITOS 100G PALITO : BISCOITO POLVILHO FABITOS 100G";"7896481056888";"47949"
"BISCOITO PIRAQUE ROLADINHO 75G GOIABA : BISCOITO PIRAQUE ROLADINHO 75G";"7896024760135";"57347"
"BISCOITO PIRAQUE RECHEADO 85G DOCE DE LEITE : BISCOITO PIRAQUE RECHEADO 85G";"7896024761330";"65447"
"BISCOITO PIRAQUE RECHEADO 85G CHOCOLATE : BISCOITO PIRAQUE RECHEADO 85G";"7896024761354";"65447"
"BISCOITO PIRAQUE RECHEADO 85G AVELA : BISCOITO PIRAQUE RECHEADO 85G";"7896024761347";"65447"
"BISCOITO PIRAQUE RECHEADO 76G CHOCOLATE : BISCOITO PIRAQUE RECHEADO 76G";"7896024761309";"68513"
"BISCOITO PIRAQUE NEWAFFER 100G LIMAO : BISCOITO PIRAQUE NEWAFFER 100G";"7896024726827";"9913"
"BISCOITO PIRAQUE NEWAFFER 100G CHOCOLATE : BISCOITO PIRAQUE NEWAFFER 100G";"7896024726582";"9913"
"BISCOITO PIRAQUE MALTADO BLACK 80G COBERTO : BISCOITO PIRAQUE MALTADO BLACK 80G";"7896024761811";"68483"
"BISCOITO PIRAQUE MALTADO 80G COBERTURA CHOC. : BISCOITO PIRAQUE MALTADO 80G";"7896024760289";"59981"
"BISCOITO PIRAQUE MALTADO 132G CHOCOLATE : BISCOITO PIRAQUE MALTADO 132G";"7896024761453";"56641"
"BISCOITO PIRAQUE AGUA GERGELIM 215G : BISCOITO PIRAQUE AGUA GERGELIM 215G";"7896024761729";"33243"
"BISCOITO PASSATEMPO RECHEADO 130G. CHOCOLATE : BISCOITO PASSATEMPO RECHEADO 130G.";"7891000241363";"52767"
"BISCOITO PASSATEMPO RECHEADO 130G MORANGO : BISCOITO PASSATEMPO RECHEADO 130G";"7891000241295";"43754"
"BISCOITO PASSATEMPO RECHEADO 130G LEITE : BISCOITO PASSATEMPO RECHEADO 130G";"7891000241387";"43754"
"BISCOITO PASSATEMPO MAISENA 170G  : BISCOITO PASSATEMPO MAISENA 170G";"7891000365335";"63764"
"BISCOITO PASSATEMPO FININHO 57G AVELA : BISCOITO PASSATEMPO FININHO 57G";"7891000389109";"69992"
"BISCOITO PASSATEMPO CHOCOMIX 150G CHOCOMIX : BISCOITO PASSATEMPO CHOCOMIX 150G";"7891000284032";"53849"
"BISCOITO PASSATEMPO CHOCOMIX 130G MORANGO : BISCOITO PASSATEMPO CHOCOMIX 130G";"7891000259351";"49489"
"BISCOITO PASSATEMPO CHOCOMIX 130G CHOCOLATE : BISCOITO PASSATEMPO CHOCOMIX 130G";"7891000259405";"49489"
"BISCOITO PASSATEMPO 150G LEITE MALTADO : BISCOITO PASSATEMPO 150G";"7891000365267";"23573"
"BISCOITO PASSATEMPO 150G LEITE : BISCOITO PASSATEMPO 150G";"7891000087633";"23573"
"BISCOITO PANCO WIND 500G : BISCOITO PANCO WIND 500G";"7891203021120";"883"
"BISCOITO PANCO SEQUILHINHO 500G : BISCOITO PANCO SEQUILHINHO 500G";"7891203021250";"873"
"BISCOITO PANCO SEQUILHINHO 200G : BISCOITO PANCO SEQUILHINHO 200G";"7891203020253";"887"
"BISCOITO PANCO MARIA 200G : BISCOITO PANCO MARIA 200G";"7891203050458";"905"
"BISCOITO PANCO MAISENA 200G : BISCOITO PANCO MAISENA 200G";"7891203058119";"38547"
"BISCOITO PANCO DELICIOSOS SALG 500G : BISCOITO PANCO DELICIOSOS SALG 500G";"7891203021601";"881"
"BISCOITO PANCO CREAM CRACKER 400G. MANTEIGA : BISCOITO PANCO CREAM CRACKER 400G.";"7891203058966";"58772"
"BISCOITO PANCO CREAM CRACKER 200G. MANTEIGA : BISCOITO PANCO CREAM CRACKER 200G.";"7891203058959";"59178"
"BISCOITO PANCO CRACKER VIDA 400G  : BISCOITO PANCO CRACKER VIDA 400G";"7891203069917";"899"
"BISCOITO PANCO CORN DROP MILHO 500G : BISCOITO PANCO CORN DROP MILHO 500G";"7891203021700";"916"
"BISCOITO PANCO COOKIES 365 500G : BISCOITO PANCO COOKIES 365 500G";"7891203021113";"918"
"BISCOITO PANCO AGUA E SAL 400G : BISCOITO PANCO AGUA E SAL 400G";"7891203056122";"902"
"BISCOITO OREO ORIGINAL 90G ORIGINAL : BISCOITO OREO ORIGINAL 90G";"7622300830151";"64460"
"BISCOITO OREO MINI 35G : BISCOITO OREO MINI 35G";"7622210933454";"49358"
"BISCOITO OREO 90G CHOCOLATE : BISCOITO OREO 90G";"7622300873554";"35010"
"BISCOITO OREO 144G - 4UN ORIGINAL : BISCOITO OREO 144G - 4UN";"7622300830090";"35011"
"BISCOITO OREO 144G - 4UN CHOCOLATE : BISCOITO OREO 144G - 4UN";"7622300873509";"35011"
"BISCOITO OCEANIX SHARK BITES 150G : BISCOITO OCEANIX SHARK BITES 150G";"8434165578531";"71051"
"BISCOITO NIKITO RECHEADO 120G MORANGO : BISCOITO NIKITO RECHEADO 120G";"7896085087127";"1136"
"BISCOITO NIKITO RECHEADO 120G CHOCOLATE : BISCOITO NIKITO RECHEADO 120G";"7896085087110";"1136"
"BISCOITO NIKITO RECHEADO 120G CHOC./MORANGO : BISCOITO NIKITO RECHEADO 120G";"7896085087134";"1136"
"BISCOITO NESFIT NESTLE 160G MORANGO : BISCOITO NESFIT NESTLE 160G";"7891000304594";"54126"
"BISCOITO NESFIT NESTLE 160G LIMAO : BISCOITO NESFIT NESTLE 160G";"7891000304716";"54126"
"BISCOITO NESFIT NESTLE 160G LARANJA/CENOURA : BISCOITO NESFIT NESTLE 160G";"7891000304754";"54126"
"BISCOITO NESFIT NESTLE 160G COCO : BISCOITO NESFIT NESTLE 160G";"7891000304792";"54126"
"BISCOITO NESFIT NESTLE 160G BANAN/AVEIA/MEL : BISCOITO NESFIT NESTLE 160G";"7891000304839";"54126"
"BISCOITO NESFIT DELICE NESTLE 140G. CACAU E AVELA : BISCOITO NESFIT DELICE NESTLE 140G.";"7891000289709";"52700"
"BISCOITO NESFIT CACAU NESTLE 160G CACAU E CEREAIS : BISCOITO NESFIT CACAU NESTLE 160G";"7891000304556";"54398"
"BISCOITO NESCAU NESTLE 140G : BISCOITO NESCAU NESTLE 140G";"7891000089286";"28328"
"BISCOITO NEGRESCO FININHO 57G TRADICIONAL : BISCOITO NEGRESCO FININHO 57G";"7891000357986";"52907"
"BISCOITO NEGRESCO 90G ORIGINAL : BISCOITO NEGRESCO 90G";"7891000376768";"22834"
"BISCOITO NEGRESCO 90G MORANGO : BISCOITO NEGRESCO 90G";"7891000376805";"22834"
"BISCOITO NEGRESCO 90G LIMAO SICILIANO : BISCOITO NEGRESCO 90G";"7891000377069";"22834"
"BISCOITO NEGRESCO 90G CHOCOLATE : BISCOITO NEGRESCO 90G";"7891000377130";"22834"
"BISCOITO MOCA NESTLE 140G : BISCOITO MOCA NESTLE 140G";"7891000089262";"28507"
"BISCOITO MILLEFOGLIE VICENZI 100G MILK CREAMY : BISCOITO MILLEFOGLIE VICENZI 100G";"8000350008208";"72587"
"BISCOITO MILLEFOGLIE VICENZI 100G CHOC. CREAMY : BISCOITO MILLEFOGLIE VICENZI 100G";"8000350008215";"72587"
"BISCOITO MILKA CHOCOMOO 120G : BISCOITO MILKA CHOCOMOO 120G";"7622210405302";"55604"
"BISCOITO MARILAN TORTINHAS 300G LIMAO : BISCOITO MARILAN TORTINHAS 300G";"7896003738827";"35274"
"BISCOITO MARILAN TORTINHAS 300G CHOCOLATE : BISCOITO MARILAN TORTINHAS 300G";"7896003738780";"35274"
"BISCOITO MARILAN TORTINHAS 140G MARACUJA : BISCOITO MARILAN TORTINHAS 140G";"7896003738896";"30710"
"BISCOITO MARILAN TORTINHAS 140G LIMAO : BISCOITO MARILAN TORTINHAS 140G";"7896003738834";"30710"
"BISCOITO MARILAN TORTINHAS 140G CHOCOLATE : BISCOITO MARILAN TORTINHAS 140G";"7896003738797";"30710"
"BISCOITO MARILAN TEENS 80G CHOCOLATE : BISCOITO MARILAN TEENS 80G";"7896003737394";"51169"
"BISCOITO MARILAN TEENS 80G CHOC. BRANCO : BISCOITO MARILAN TEENS 80G";"7896003737400";"51169"
"BISCOITO MARILAN PIT STOP RECH 98G CHOCOLATE : BISCOITO MARILAN PIT STOP RECH 98G";"7896003739657";"67789"
"BISCOITO MARILAN PIT STOP 137G. INTEGRAL : BISCOITO MARILAN PIT STOP 137G.";"7896003739466";"68400"
"BISCOITO MARILAN PIT STOP 137G PRESUNTO : BISCOITO MARILAN PIT STOP 137G";"7896003739442";"846"
"BISCOITO MARILAN PIT STOP 137G PIZZA : BISCOITO MARILAN PIT STOP 137G";"7896003739435";"846"
"BISCOITO MARILAN PIT STOP 137G PAO NA CHAPA : BISCOITO MARILAN PIT STOP 137G";"7896003739428";"846"
"BISCOITO MARILAN PIT STOP 137G ORIGINAL : BISCOITO MARILAN PIT STOP 137G";"7896003739404";"846"
"BISCOITO MARILAN MAIZENA INTEG 350G : BISCOITO MARILAN MAIZENA INTEG 350G";"7896003738537";"59388"
"BISCOITO MARILAN MAIZENA 350G : BISCOITO MARILAN MAIZENA 350G";"7896003738520";"845"
"BISCOITO MARILAN MAIZENA 170G : BISCOITO MARILAN MAIZENA 170G";"7896003738506";"852"
"BISCOITO MARILAN INTEGRAL 155G CRACKER : BISCOITO MARILAN INTEGRAL 155G";"7896003739169";"840"
"BISCOITO MARILAN DISTRACAO 320G CHOCOLATE : BISCOITO MARILAN DISTRACAO 320G";"7896003738704";"30709"
"BISCOITO MARILAN DISTRACAO 320G CHOC. BRANCO : BISCOITO MARILAN DISTRACAO 320G";"7896003738728";"30709"
"BISCOITO MARILAN CREAM CRACKER 365G INTEGRAL : BISCOITO MARILAN CREAM CRACKER 365G";"7896003738667";"3847"
"BISCOITO MARILAN CREAM CRACKER 350G ORIGINAL : BISCOITO MARILAN CREAM CRACKER 350G";"7896003738605";"842"
"BISCOITO MARILAN CREAM CRACKER 350G MANTEIGA : BISCOITO MARILAN CREAM CRACKER 350G";"7896003738612";"842"
"BISCOITO MARILAN CREAM CRACKER 170G : BISCOITO MARILAN CREAM CRACKER 170G";"7896003738599";"839"
"BISCOITO MARILAN CR. CRACKER 350G ESPECIAL : BISCOITO MARILAN CR. CRACKER 350G";"7896003738629";"838"
"BISCOITO MARILAN AMANTEIGADO 280G LEITE : BISCOITO MARILAN AMANTEIGADO 280G";"7896003738902";"4161"
"BISCOITO MARILAN AMANTEIGADO 280G CHOCOLATE : BISCOITO MARILAN AMANTEIGADO 280G";"7896003738940";"4161"
"BISCOITO MARILAN AGUA E SAL 350G : BISCOITO MARILAN AGUA E SAL 350G";"7896003738636";"837"
"BISCOITO MARILAN 350G. MANTEIGA : BISCOITO MARILAN 350G.";"7896003738551";"844"
"BISCOITO MARILAN 350G LEITE : BISCOITO MARILAN 350G";"7896003738582";"59373"
"BISCOITO MARILAN 350G COCO : BISCOITO MARILAN 350G";"7896003738568";"59373"
"BISCOITO MABEL MAIZENA 300G : BISCOITO MABEL MAIZENA 300G";"7896071030144";"7519"
"BISCOITO MABEL LEITE 300G : BISCOITO MABEL LEITE 300G";"7896071030151";"7521"
"BISCOITO MABEL CREAM CRACKER 300G : BISCOITO MABEL CREAM CRACKER 300G";"7896071030052";"7531"
"BISCOITO MABEL CHOCOLATE 300G : BISCOITO MABEL CHOCOLATE 300G";"7896071030168";"7514"
"BISCOITO MABEL AGUA E SAL 300G : BISCOITO MABEL AGUA E SAL 300G";"7896071030069";"68188"
"BISCOITO LOWCUCAR RECHEADO 120G MORANGO : BISCOITO LOWCUCAR RECHEADO 120G";"7896292000124";"40273"
"BISCOITO LOWCUCAR RECHEADO 120G LIMAO : BISCOITO LOWCUCAR RECHEADO 120G";"7896292000148";"40273"
"BISCOITO LOWCUCAR RECHEADO 120G CHOCOLATE : BISCOITO LOWCUCAR RECHEADO 120G";"7896292000100";"40273"
"BISCOITO LEV MARILAN 150G GRANOLA E MEL : BISCOITO LEV MARILAN 150G";"7896003706840";"48202"
"BISCOITO LEV MARILAN 150G CACAU/CEREAIS : BISCOITO LEV MARILAN 150G";"7896003706857";"48202"
"BISCOITO KIDS NATURAL LIFE S/GL 80G PANDA : BISCOITO KIDS NATURAL LIFE S/GL 80G";"7896256065954";"46709"
"BISCOITO FUNCIONAL NAT. LIFE 140G MEL/CHOCOLATE : BISCOITO FUNCIONAL NAT. LIFE 140G";"7896256065695";"44635"
"BISCOITO DOG CHOW FILHOTE 300G FRANGO/LEITE : BISCOITO DOG CHOW FILHOTE 300G";"7891000400548";"44538"
"BISCOITO DOG CHOW ADULTOS 500G MINIS/PEQUENOS : BISCOITO DOG CHOW ADULTOS 500G";"7891000403075";"44537"
"BISCOITO DOG CHOW ADULTOS 500G MEDIOS/GRANDES : BISCOITO DOG CHOW ADULTOS 500G";"7891000403037";"44537"
"BISCOITO DOCE SORTIDO TICA 500G : BISCOITO DOCE SORTIDO TICA 500G";"7891203022004";"879"
"BISCOITO DOCE BIJU FRANSILLI 210G : BISCOITO DOCE BIJU FRANSILLI 210G";"7897163402184";"66847"
"BISCOITO DANISA BUTTER COOKIES 200G TRADICIONAL : BISCOITO DANISA BUTTER COOKIES 200G";"8996001303764";"72582"
"BISCOITO DANISA BUTTER COOKIES 200G CHOCO CASHEW : BISCOITO DANISA BUTTER COOKIES 200G";"8996001303863";"72582"
"BISCOITO DANISA BUTTER COOKIES 162G TRADICIONAL : BISCOITO DANISA BUTTER COOKIES 162G";"8996001303634";"72581"
"BISCOITO DALLAS MAIZENA 345G : BISCOITO DALLAS MAIZENA 345G";"7896423705188";"31335"
"BISCOITO DALLAS CREAM CRAKER 345G TRADICIONAL : BISCOITO DALLAS CREAM CRAKER 345G";"7896423705140";"31290"
"BISCOITO DALLAS COCO 345G : BISCOITO DALLAS COCO 345G";"7896423705164";"31292"
"BISCOITO DALLAS BUTTER CRACKER 345G : BISCOITO DALLAS BUTTER CRACKER 345G";"7896423705157";"39268"
"BISCOITO DALLAS AGUA E SAL 345G : BISCOITO DALLAS AGUA E SAL 345G";"7896423705133";"31289"
"BISCOITO CUCA DE MEL RUSCHEL 350G : BISCOITO CUCA DE MEL RUSCHEL 350G";"7899542000097";"42913"
"BISCOITO CR. CRACKER RANCHEIRO 600G : BISCOITO CR. CRACKER RANCHEIRO 600G";"7896253401496";"68669"
"BISCOITO CR. CRACKER RANCHEIRO 300G : BISCOITO CR. CRACKER RANCHEIRO 300G";"7896253401489";"68668"
"BISCOITO COFFE JOY MAYORA 78G : BISCOITO COFFE JOY MAYORA 78G";"8996001301760";"72600"
"BISCOITO COFFE JOY MAYORA 156G : BISCOITO COFFE JOY MAYORA 156G";"8996001301777";"72583"
"BISCOITO CLUB SOCIAL SNACK 68G QUEIJO PARMESAO : BISCOITO CLUB SOCIAL SNACK 68G";"7622210574695";"68785"
"BISCOITO CLUB SOCIAL SNACK 68G PIZZA MARGUER. : BISCOITO CLUB SOCIAL SNACK 68G";"7622210574657";"68785"
"BISCOITO CLUB SOCIAL SNACK 68G BARBECUE : BISCOITO CLUB SOCIAL SNACK 68G";"7622210574671";"68785"
"BISCOITO CLUB SOCIAL RECHEADO 106G REQUEIJAO : BISCOITO CLUB SOCIAL RECHEADO 106G";"7622210661661";"43781"
"BISCOITO CLUB SOCIAL RECHEADO 106G QUEIJO/TOMATE : BISCOITO CLUB SOCIAL RECHEADO 106G";"7622300178956";"43781"
"BISCOITO CLUB SOCIAL ORIGINAL 144G : BISCOITO CLUB SOCIAL ORIGINAL 144G";"7622300990701";"43957"
"BISCOITO CLUB SOCIAL INTEGRAL 144G TRADICIONAL : BISCOITO CLUB SOCIAL INTEGRAL 144G";"7893333317456";"6869"
"BISCOITO CLUB SOCIAL CROSTINI 80G TOMATE SECO : BISCOITO CLUB SOCIAL CROSTINI 80G";"7622210782915";"46321"
"BISCOITO CLUB SOCIAL 288G ORIGINAL : BISCOITO CLUB SOCIAL 288G";"7622300990749";"42656"
"BISCOITO CLUB SOCIAL 288G INTEGRAL : BISCOITO CLUB SOCIAL 288G";"7622300992330";"42656"
"BISCOITO CLUB SOCIAL 141G SOUR CREAM : BISCOITO CLUB SOCIAL 141G";"7622210568816";"25142"
"BISCOITO CLUB SOCIAL 141G QUEIJO : BISCOITO CLUB SOCIAL 141G";"7622210644534";"25142"
"BISCOITO CLUB SOCIAL 141G PRESUNTO : BISCOITO CLUB SOCIAL 141G";"7622210641632";"25142"
"BISCOITO CLUB SOCIAL 141G PIZZA : BISCOITO CLUB SOCIAL 141G";"7622210641151";"25142"
"BISCOITO CLUB SOCIAL 141G BACON E PROVOLO : BISCOITO CLUB SOCIAL 141G";"7622210568847";"25142"
"BISCOITO CLASSIC NESTLE 140G : BISCOITO CLASSIC NESTLE 140G";"7891000089200";"28327"
"BISCOITO CHOCOBISCUIT NESTLE 78G AO LEITE : BISCOITO CHOCOBISCUIT NESTLE 78G";"7891000402979";"56407"
"BISCOITO CHOCOBISCUIT GAROTO 78G AO LEITE : BISCOITO CHOCOBISCUIT GAROTO 78G";"7891000402931";"72511"
"BISCOITO CHARGE 130G : BISCOITO CHARGE 130G";"7891000419939";"74604"
"BISCOITO CHAMPANHE BAUDUCCO 150G ACUCAR CRISTAL : BISCOITO CHAMPANHE BAUDUCCO 150G";"7891962035451";"1194"
"BISCOITO CANINO PEDIGREE 300G BISCROK JUNIOR : BISCOITO CANINO PEDIGREE 300G";"7896029041949";"271"
"BISCOITO CALIPSO NESTLE 130G COB. CHOCOLATE : BISCOITO CALIPSO NESTLE 130G";"7891000889701";"3794"
"BISCOITO CALIPSO NESTLE 130G COB. BRANCO : BISCOITO CALIPSO NESTLE 130G";"7891000367787";"3794"
"BISCOITO BONO TRIPLO CHOCOLATE 109G : BISCOITO BONO TRIPLO CHOCOLATE 109G";"7891000321164";"56228"
"BISCOITO BONO COBERTURA 109G LIMAO : BISCOITO BONO COBERTURA 109G";"7891000351925";"57987"
"BISCOITO BONO 90G MORANGO : BISCOITO BONO 90G";"7891000376959";"22833"
"BISCOITO BONO 90G LIMAO : BISCOITO BONO 90G";"7891000376881";"22833"
"BISCOITO BONO 90G DOCE DE LEITE : BISCOITO BONO 90G";"7891000376928";"22833"
"BISCOITO BONO 90G COCO : BISCOITO BONO 90G";"7891000377017";"22833"
"BISCOITO BONO 90G CHOCOLATE : BISCOITO BONO 90G";"7891000376843";"22833"
"BISCOITO BISCOFIBRAS NAT. LIFE 150G CEBOLA E SALSA : BISCOITO BISCOFIBRAS NAT. LIFE 150G";"7896256041644";"49187"
"BISCOITO BELVITA 75G MEL E CACAU : BISCOITO BELVITA 75G";"7622210661814";"26961"
"BISCOITO BELVITA 75G MACA E CANELA : BISCOITO BELVITA 75G";"7622210661777";"26961"
"BISCOITO BELVITA 75G LEITE E AVEIA : BISCOITO BELVITA 75G";"7622210661746";"26961"
"BISCOITO BELVITA 75G CACAU E CEREAIS : BISCOITO BELVITA 75G";"7622210661852";"26961"
"BISCOITO BAUDUCCO SPECULOOS 84G : BISCOITO BAUDUCCO SPECULOOS 84G";"7891962076317";"70843"
"BISCOITO BAUDUCCO RECHEADO 140G MORANGO : BISCOITO BAUDUCCO RECHEADO 140G";"7891962008325";"1224"
"BISCOITO BAUDUCCO RECHEADO 140G DUPLO CHOCOLATE : BISCOITO BAUDUCCO RECHEADO 140G";"7891962026138";"1224"
"BISCOITO BAUDUCCO RECHEADO 140G CHOCOLATE : BISCOITO BAUDUCCO RECHEADO 140G";"7891962008387";"1224"
"BISCOITO BAUDUCCO RECHEADO 140G BAUNILHA : BISCOITO BAUDUCCO RECHEADO 140G";"7891962066073";"1224"
"BISCOITO BAUDUCCO MAIZENA 170G : BISCOITO BAUDUCCO MAIZENA 170G";"7891962032450";"7930"
"BISCOITO BAUDUCCO CEREALE 170G CASTANHA : BISCOITO BAUDUCCO CEREALE 170G";"7891962047560";"37424"
"BISCOITO BAUDUCCO CEREALE 170G CACAU/AVEIA/MEL : BISCOITO BAUDUCCO CEREALE 170G";"7891962045160";"37424"
"BISCOITO BAUDUCCO CEREALE 147G LARANJA/DAMASCO : BISCOITO BAUDUCCO CEREALE 147G";"7891962051062";"44589"
"BISCOITO BAUDUCCO AMANTEIGADO 335G LEITE/GOT. CHO. : BISCOITO BAUDUCCO AMANTEIGADO 335G";"7891962068046";"1205"
"BISCOITO ARROZ NATURAL LIFE GR. 80G  : BISCOITO ARROZ NATURAL LIFE GR. 80G";"7896256065817";"46410"
"BISCOITO ARROZ CAMIL INTEGRAL 150G PIMENTA : BISCOITO ARROZ CAMIL INTEGRAL 150G";"7896006716464";"36494"
"BISCOITO ARROZ CAMIL INTEGRAL 150G CHIA E LINHACA : BISCOITO ARROZ CAMIL INTEGRAL 150G";"7896006716471";"36494"
"BISCOITO ARCOR TORTUGUITA 120G MORANGO : BISCOITO ARCOR TORTUGUITA 120G";"7896058258660";"40476"
"BISCOITO ARCOR TORTUGUITA 120G CHOCOLATE : BISCOITO ARCOR TORTUGUITA 120G";"7896058258653";"40476"
"BISCOITO ARCOR TORTUGUITA 120G CHOC./BAUNILHA : BISCOITO ARCOR TORTUGUITA 120G";"7896058258639";"40476"
"BISCOITO ARCOR TORTUGUITA 120G BRIGADEIRO : BISCOITO ARCOR TORTUGUITA 120G";"7896058258646";"40476"
"BISCOITO ARCOR PASSION 80G LIMAO : BISCOITO ARCOR PASSION 80G";"7896058257243";"45812"
"BISCOITO ARCOR PASSION 80G CHOCOLATE : BISCOITO ARCOR PASSION 80G";"7896058257236";"45812"
"BISCOITO ARCOR PASSION 80G CHOC. BRANCO : BISCOITO ARCOR PASSION 80G";"7896058257250";"45812"
"BISCOITO ARCOR PASSION 80G CHOC. AMARGO : BISCOITO ARCOR PASSION 80G";"7896058259193";"45812"
"BISCOITO AMARETTINI VICENZI 100G : BISCOITO AMARETTINI VICENZI 100G";"8000350002114";"72586"
"BISCOITO ADRIA TORTINHAS DUE 140G TRUFA/MORANGO : BISCOITO ADRIA TORTINHAS DUE 140G";"7896085086557";"7463"
"BISCOITO ADRIA PLUGADOS QUADR. 130G MORANGO : BISCOITO ADRIA PLUGADOS QUADR. 130G";"7896085076190";"43155"
"BISCOITO ADRIA PLUGADOS QUADR. 130G CHOCOLATE : BISCOITO ADRIA PLUGADOS QUADR. 130G";"7896085076183";"43155"
"BISCOITO ADRIA PLUGADOS 120G CHOCOLATE : BISCOITO ADRIA PLUGADOS 120G";"7896085087417";"68924"
"BISCOITO ADRIA CRACKER FOLHATA 170G : BISCOITO ADRIA CRACKER FOLHATA 170G";"7896085087189";"37747"
"BISC. BAUDUCCO CREAM CRACKERS 200G : BISC. BAUDUCCO CREAM CRACKERS 200G";"7891962014982";"1213"
"BISC CREAM CRACKER BAUDUCCO 165G : BISC CREAM CRACKER BAUDUCCO 165G";"7891962075228";"72540"
"BIJUTERIAS E ACESSORIOS DONNA : BIJUTERIAS E ACESSORIOS DONNA";"7898908418064";"38111"
"BIJU CROCANTE BIJU & CIA 80G : BIJU CROCANTE BIJU & CIA 80G";"7898312300023";"40391"
"BIG TEKITOS SEARA 900G TRADICIONAL : BIG TEKITOS SEARA 900G";"7894904283361";"66354"
"BIG TEKITOS SEARA 900G QUEIJO : BIG TEKITOS SEARA 900G";"7894904283378";"66354"
"BIG CHICKEN PERDIGAO QUEIJO 1KG  : BIG CHICKEN PERDIGAO QUEIJO 1KG";"7891515791179";"2010"
"BIFINHO DOGUITOS PURINA 65G FRANGO : BIFINHO DOGUITOS PURINA 65G";"7891000623107";"36395"
"BIFINHO DOGUITOS PURINA 65G CARNE : BIFINHO DOGUITOS PURINA 65G";"7891000623008";"36395"
"BIFINHO DOGUITOS PURINA 45G LINGUICINHA : BIFINHO DOGUITOS PURINA 45G";"7891000005620";"44536"
"BIFINHO BATUTA 60G FRANGO : BIFINHO BATUTA 60G";"7898599761302";"55714"
"BIFINHO BATUTA 60G CARNE : BIFINHO BATUTA 60G";"7898599761319";"55714"
"BIFINHO BATUTA 500G FRANGO : BIFINHO BATUTA 500G";"7898599760770";"55717"
"BIFINHO BATUTA 500G CARNE : BIFINHO BATUTA 500G";"7898599760138";"55717"
"BIFE BOVINO EMPANADO KG : BIFE BOVINO EMPANADO KG";"37";"6146"
"BIFE ACEBOLADO KG : BIFE ACEBOLADO KG";"208";"4645"
"BIFE A PARMEGIANA KG : BIFE A PARMEGIANA KG";"207";"4644"
"BICO SILICONE ORTODONTICA NEOPAN Nº2 : BICO SILICONE ORTODONTICA NEOPAN";"7896036512722";"73803"
"BICO SILICONE ORTODONTICA NEOPAN Nº1 : BICO SILICONE ORTODONTICA NEOPAN";"7896036512753";"73803"
"BICARBONATO DE SODIO ZILIO 500G : BICARBONATO DE SODIO ZILIO 500G";"7896280402381";"48291"
"BICARBONATO DE SODIO ZILIO 40G : BICARBONATO DE SODIO ZILIO 40G";"7896280400356";"1426"
"BICARBONATO DE SODIO SIAMAR 50G : BICARBONATO DE SODIO SIAMAR 50G";"7896069516902";"1432"
"BICARBONATO DE SODIO SIAMAR 250G : BICARBONATO DE SODIO SIAMAR 250G";"7896069575596";"45695"
"BICARBONATO DE SODIO FA 500G : BICARBONATO DE SODIO FA 500G";"7896523106168";"51382"
"BETERRABA KG : BETERRABA KG";"460";"2895"
"BETERRABA FUGINI CONSERVA 160G SACHE : BETERRABA FUGINI CONSERVA 160G";"7897517209469";"65510"
"BETERRABA FATIADA EMBALADA KG : BETERRABA FATIADA EMBALADA KG";"1254";"10937"
"BERINJELA RAJADA KG : BERINJELA RAJADA KG";"381";"8864"
"BERINJELA KG : BERINJELA KG";"457";"2894"
"BERINJELA FATIADA KG : BERINJELA FATIADA KG";"1649";"3078"
"BERINJELA EMBALADA KG : BERINJELA EMBALADA KG";"746";"3031"
"BERINJELA DE FORNO KG : BERINJELA DE FORNO KG";"1209";"10912"
"BERINJELA CURTIDA KG : BERINJELA CURTIDA KG";"795";"6273"
"BERINJELA A PARMEGIANA KG : BERINJELA A PARMEGIANA KG";"891";"5016"
"BELLA DUCHA LORENZETTI 4T 220V - 6800W : BELLA DUCHA LORENZETTI 4T";"7896451844859";"33029"
"BELLA DUCHA LORENZETTI 4T 127V - 5500W : BELLA DUCHA LORENZETTI 4T";"7896451844842";"33029"
"BELISCAO DE SALSICHA KG  : BELISCAO DE SALSICHA KG       ";"4692";"35369"
"BELISCAO DE GOIABADA CASARE 240G : BELISCAO DE GOIABADA CASARE 240G";"7898939259100";"8642"
"BEIJINHO KG : BEIJINHO KG";"1855";"2781"
"BEIJINHO JUNCO 400G : BEIJINHO JUNCO 400G";"7896523158334";"49729"
"BEIJINHO DO AMOR KG : BEIJINHO DO AMOR KG           ";"5697";"43023"
"BEBIDA YOPRO 25G DANONE 250ML MILK BAUNILHA : BEBIDA YOPRO 25G DANONE 250ML";"7891025118985";"65261"
"BEBIDA YOPRO 25G DANONE 250ML CHOCOLATE : BEBIDA YOPRO 25G DANONE 250ML";"7891025118978";"65261"
"BEBIDA YOPRO 15G DANONE 250ML. CAPPUCCINO : BEBIDA YOPRO 15G DANONE 250ML.";"7891025124252";"70992"
"BEBIDA YOPRO 15G DANONE 250ML. CAFE EXPRESSO : BEBIDA YOPRO 15G DANONE 250ML.";"7891025124269";"70992"
"BEBIDA YOPRO 15G DANONE 250ML MORANGO : BEBIDA YOPRO 15G DANONE 250ML";"7891025122067";"50689"
"BEBIDA YOPRO 15G DANONE 250ML DOCE LEITE HAV. : BEBIDA YOPRO 15G DANONE 250ML";"7891025125013";"50689"
"BEBIDA YOPRO 15G DANONE 250ML COCO/BAT. DOCE : BEBIDA YOPRO 15G DANONE 250ML";"7891025115649";"50689"
"BEBIDA YOPRO 15G DANONE 250ML CHOCOLATE : BEBIDA YOPRO 15G DANONE 250ML";"7891025115656";"50689"
"BEBIDA YOPRO 15G DANONE 250ML BAUNILHA : BEBIDA YOPRO 15G DANONE 250ML";"7891025124627";"50689"
"BEBIDA YOPRO 15G DANONE 250ML BANANA : BEBIDA YOPRO 15G DANONE 250ML";"7891025115632";"50689"
"BEBIDA VEGETAL AVEIA JUSSARA 1L : BEBIDA VEGETAL AVEIA JUSSARA 1L";"7896283800931";"72604"
"BEBIDA VEGETAL AMENDOA JUSSARA 1L : BEBIDA VEGETAL AMENDOA JUSSARA 1L";"7896283800948";"72204"
"BEBIDA SOJA ORIGINAL JUSSARA 1L : BEBIDA SOJA ORIGINAL JUSSARA 1L";"7896283800436";"50997"
"BEBIDA PIRACANJUBA WHEY 23G 250ML PASTA AMENDOIM : BEBIDA PIRACANJUBA WHEY 23G 250ML";"7898215157526";"68281"
"BEBIDA PIRACANJUBA WHEY 23G 250ML FR. VERMELHAS : BEBIDA PIRACANJUBA WHEY 23G 250ML";"7898215153207";"68281"
"BEBIDA PIRACANJUBA WHEY 23G 250ML CACAU : BEBIDA PIRACANJUBA WHEY 23G 250ML";"7898215153221";"68281"
"BEBIDA PIRACANJUBA WHEY 15G 250ML MORANGO : BEBIDA PIRACANJUBA WHEY 15G 250ML";"7898215157847";"48923"
"BEBIDA PIRACANJUBA WHEY 15G 250ML COCO : BEBIDA PIRACANJUBA WHEY 15G 250ML";"7898215157861";"48923"
"BEBIDA PIRACANJUBA WHEY 15G 250ML CHOCOLATE : BEBIDA PIRACANJUBA WHEY 15G 250ML";"7898215157854";"48923"
"BEBIDA PIRACANJUBA WHEY 15 1L COCO : BEBIDA PIRACANJUBA WHEY 15 1L";"7898215157892";"58717"
"BEBIDA PIRACANJUBA WHEY 15 1L CHOCOLATE : BEBIDA PIRACANJUBA WHEY 15 1L";"7898215157878";"58717"
"BEBIDA PIRACANJUBA PROFORCE 250ML 23G COOKIES : BEBIDA PIRACANJUBA PROFORCE 250ML";"7898215158837";"74280"
"BEBIDA PIRACANJUBA PROFORCE 250ML 23G BANOFFEE : BEBIDA PIRACANJUBA PROFORCE 250ML";"7898215158820";"74280"
"BEBIDA NESCAFE PRO ENERGY 270ML CHOCOCINO : BEBIDA NESCAFE PRO ENERGY 270ML";"7891000417331";"74727"
"BEBIDA NESCAFE PRO ENERGY 270ML CAPPUC/CLASSICO : BEBIDA NESCAFE PRO ENERGY 270ML";"7891000417409";"74727"
"BEBIDA NESCAFE PRO ENERGY 270ML CAPPUC/CANELA : BEBIDA NESCAFE PRO ENERGY 270ML";"7891000417348";"74727"
"BEBIDA NESCAFE 270ML SMOOVLATTE : BEBIDA NESCAFE 270ML";"7891000110829";"40874"
"BEBIDA NESCAFE 270ML LATTE : BEBIDA NESCAFE 270ML";"7891000389185";"40874"
"BEBIDA NESCAFE 270ML CHOCOCINO : BEBIDA NESCAFE 270ML";"7891000389314";"40874"
"BEBIDA NESCAFE 270ML CAPPUC. CANELA : BEBIDA NESCAFE 270ML";"7891000389239";"40874"
"BEBIDA NATURES HEART 1L. CACAU & ARROZ : BEBIDA NATURES HEART 1L.";"7891000288146";"62887"
"BEBIDA NATURES HEART 1L CASTANHA CAJU : BEBIDA NATURES HEART 1L";"7891000288238";"58122"
"BEBIDA MISTA CABARE ICE 275ML TANGERINA : BEBIDA MISTA CABARE ICE 275ML";"7897395001513";"57296"
"BEBIDA MISTA CABARE ICE 275ML LIMAO : BEBIDA MISTA CABARE ICE 275ML";"7898377661862";"57296"
"BEBIDA MISTA CABARE ICE 275ML FRUTAS AMARELAS : BEBIDA MISTA CABARE ICE 275ML";"7897395001469";"57296"
"BEBIDA MISTA CABARE ICE 275ML FR. VERMELHAS : BEBIDA MISTA CABARE ICE 275ML";"7897395001438";"57296"
"BEBIDA MAIS MU COM WHEY 250ML CHOCOLATE : BEBIDA MAIS MU COM WHEY 250ML";"0736532573964";"56957"
"BEBIDA MAIS MU COM WHEY 250ML CAPPUCCINO : BEBIDA MAIS MU COM WHEY 250ML";"0736532573988";"56957"
"BEBIDA LACTEA UHT PIRAKIDS 200ML. CHOCOLATE : BEBIDA LACTEA UHT PIRAKIDS 200ML.";"7898215151807";"41320"
"BEBIDA LACTEA UHT PIRAKIDS 1L CHOCOLATE : BEBIDA LACTEA UHT PIRAKIDS 1L";"7898215151814";"29484"
"BEBIDA LACTEA TODDYNHO 200ML ORIGINAL : BEBIDA LACTEA TODDYNHO 200ML";"7894321722016";"2276"
"BEBIDA LACTEA POLPA ITAMBE 540G MORANGO/COCO : BEBIDA LACTEA POLPA ITAMBE 540G";"7896051167006";"37129"
"BEBIDA LACTEA POLPA ITAMBE 540G MORANGO : BEBIDA LACTEA POLPA ITAMBE 540G";"7896051166986";"37129"
"BEBIDA LACTEA PIRACANJUBA 200ML MORANGO/BANANA : BEBIDA LACTEA PIRACANJUBA 200ML";"7898215152897";"36345"
"BEBIDA LACTEA NESQUIK 180ML : BEBIDA LACTEA NESQUIK 180ML";"7891000366141";"34889"
"BEBIDA LACTEA NESCAU 1L : BEBIDA LACTEA NESCAU 1L";"7891000379707";"4476"
"BEBIDA LACTEA NESCAU 180ML : BEBIDA LACTEA NESCAU 180ML";"7891000379103";"3832"
"BEBIDA LACTEA MATILAT MORANGO 800G : BEBIDA LACTEA MATILAT MORANGO 800G";"7896238105111";"42300"
"BEBIDA LACTEA MATILAT 800G SALADA FRUTAS : BEBIDA LACTEA MATILAT 800G";"7896238101557";"5055"
"BEBIDA LACTEA MATILAT 800G FRUT. VERMELHAS : BEBIDA LACTEA MATILAT 800G";"7896238100741";"5055"
"BEBIDA LACTEA MATILAC 1,2KG MORANGO : BEBIDA LACTEA MATILAC 1,2KG";"7896238105845";"71339"
"BEBIDA LACTEA JUSSARA GARRAFA 1L CHOCOLATE : BEBIDA LACTEA JUSSARA GARRAFA 1L";"7896283800573";"50998"
"BEBIDA LACTEA ITAMBE WHEY 250ML MORANGO : BEBIDA LACTEA ITAMBE WHEY 250ML";"7896051168249";"65006"
"BEBIDA LACTEA ITAMBE WHEY 250ML COCO : BEBIDA LACTEA ITAMBE WHEY 250ML";"7896051166818";"65006"
"BEBIDA LACTEA ITAMBE WHEY 250ML CHOCOLATE : BEBIDA LACTEA ITAMBE WHEY 250ML";"7896051166412";"65006"
"BEBIDA LACTEA ITAMBE WHEY 250ML CAPPUCCINO : BEBIDA LACTEA ITAMBE WHEY 250ML";"7896051168256";"65006"
"BEBIDA LACTEA ITAMBE WHEY 250ML BAUNILHA : BEBIDA LACTEA ITAMBE WHEY 250ML";"7896051166382";"65006"
"BEBIDA LACTEA ITALAKINHO TP 200ML. CHOCOLATE : BEBIDA LACTEA ITALAKINHO TP 200ML.";"7898080640239";"63896"
"BEBIDA LACTEA ITALAKINHO TP 200ML MORANGO : BEBIDA LACTEA ITALAKINHO TP 200ML";"7898080642844";"47694"
"BEBIDA LACTEA ITALAC ZERO L. 200ML CHOCOLATE : BEBIDA LACTEA ITALAC ZERO L. 200ML";"7898080641533";"47695"
"BEBIDA LACTEA ITALAC ZERO L. 1L CHOCOLATE : BEBIDA LACTEA ITALAC ZERO L. 1L";"7898080641540";"60610"
"BEBIDA LACTEA ITALAC UHT 200ML MIX DE FRUTAS : BEBIDA LACTEA ITALAC UHT 200ML";"7898080640826";"60726"
"BEBIDA LACTEA ITALAC CHOCKY 190ML : BEBIDA LACTEA ITALAC CHOCKY 190ML";"7898080643216";"74402"
"BEBIDA LACTEA ITALAC 1L CHOCOLATE : BEBIDA LACTEA ITALAC 1L";"7898080640925";"31434"
"BEBIDA LACTEA DANETTE 200ML CHOCOLATE : BEBIDA LACTEA DANETTE 200ML";"7891025021117";"4479"
"BEBIDA LACT. TODDYNHO LEVINHO 200ML : BEBIDA LACT. TODDYNHO LEVINHO 200ML";"7894321242521";"48328"
"BEBIDA LACT. PIRAKIDS ZERO LACTOSE 200ML - CHOC. : BEBIDA LACT. PIRAKIDS ZERO LACTOSE";"7898215152880";"32945"
"BEBIDA LAC. NESCAU ZERO LACT. 180ML : BEBIDA LAC. NESCAU ZERO LACT. 180ML";"7891000381113";"67805"
"BEBIDA ITALAC WHEY ZERO LACT. 250ML PASTA AMENDOIM : BEBIDA ITALAC WHEY ZERO LACT. 250ML";"7898080643162";"63657"
"BEBIDA ITALAC WHEY ZERO LACT. 250ML COCO/BAT. DOCE : BEBIDA ITALAC WHEY ZERO LACT. 250ML";"7898080643070";"63657"
"BEBIDA ITALAC WHEY ZERO LACT. 250ML CHOCOLATE : BEBIDA ITALAC WHEY ZERO LACT. 250ML";"7898080642882";"63657"
"BEBIDA ITALAC WHEY 250ML FR. VERMELHAS : BEBIDA ITALAC WHEY 250ML";"7898080642912";"63874"
"BEBIDA ITALAC WHEY 250ML BAUNILHA : BEBIDA ITALAC WHEY 250ML";"7898080642905";"63874"
"BEBIDA ITALAC WHEY 250ML BANANA : BEBIDA ITALAC WHEY 250ML";"7898080642899";"63874"
"BEBIDA FAST NESTLE NESTON 280ML : BEBIDA FAST NESTLE NESTON 280ML";"7891000090732";"30544"
"BEBIDA FAST NESTLE NESCAU 270ML : BEBIDA FAST NESTLE NESCAU 270ML";"7891000101940";"35648"
"BEBIDA FAST NESTLE ALPINO 280ML : BEBIDA FAST NESTLE ALPINO 280ML";"7891000067062";"8459"
"BEBIDA DE SOJA PURITY ZERO 1L : BEBIDA DE SOJA PURITY ZERO 1L";"7897001050539";"65442"
"BEBIDA DE SOJA PURITY SABORES 1L UVA : BEBIDA DE SOJA PURITY SABORES 1L";"7897001050799";"45329"
"BEBIDA DE SOJA PURITY SABORES 1L PESSEGO : BEBIDA DE SOJA PURITY SABORES 1L";"7897001050751";"45329"
"BEBIDA DE SOJA PURITY SABORES 1L MARACUJA : BEBIDA DE SOJA PURITY SABORES 1L";"7897001050980";"45329"
"BEBIDA DE SOJA PURITY SABORES 1L MACA : BEBIDA DE SOJA PURITY SABORES 1L";"7897001050676";"45329"
"BEBIDA DE SOJA PURITY SABORES 1L LARANJA : BEBIDA DE SOJA PURITY SABORES 1L";"7897001050638";"45329"
"BEBIDA DE SOJA PURITY 1L ORIGINAL : BEBIDA DE SOJA PURITY 1L";"7897001050515";"45328"
"BEBIDA A TAL DA CASTANHA 1L CHOCONUTS : BEBIDA A TAL DA CASTANHA 1L";"7898692300392";"48259"
"BEBIDA A TAL DA CASTANHA 1L CAJU+AVEIA : BEBIDA A TAL DA CASTANHA 1L";"7898955705988";"48259"
"BEBIDA A TAL DA CASTANHA 1L CAJU ORIGINAL : BEBIDA A TAL DA CASTANHA 1L";"7898955705049";"48259"
"BEBIDA A TAL DA CASTANHA 1L CAJU +CHOCONUTS : BEBIDA A TAL DA CASTANHA 1L";"7898955705179";"48259"
"BEBIDA A TAL DA CASTANHA 1L CAJU + PARA : BEBIDA A TAL DA CASTANHA 1L";"7898955705162";"48259"
"BEBIDA A TAL DA CASTANHA 1L CAJU + COCO : BEBIDA A TAL DA CASTANHA 1L";"7898955705186";"48259"
"BEBIDA A TAL DA CASTANHA 1L AVEIA : BEBIDA A TAL DA CASTANHA 1L";"7898692300040";"48259"
"BEBIDA A TAL DA CASTANHA 1L AMENDOA : BEBIDA A TAL DA CASTANHA 1L";"7898955705490";"48259"
"BEB. LACTEA ITAMBEZINHO CHOC. 200ML TRADICIONAL : BEB. LACTEA ITAMBEZINHO CHOC. 200ML";"7896051111856";"42556"
"BAYGON ISCAS MATA BARATA 2,6G : BAYGON ISCAS MATA BARATA 2,6G";"7894650079133";"181"
"BAYGON ESPIRAL 10 UNID. : BAYGON ESPIRAL 10 UNID.";"7894650079089";"4001"
"BAYGON AEROSOL 360G EUCALIPTO : BAYGON AEROSOL 360G";"7894650004227";"34873"
"BAYGON AEROSOL 360G ACAO TOTAL : BAYGON AEROSOL 360G";"7894650003787";"34873"
"BAURU PRESUNTO E MUSSARELA UNID. : BAURU PRESUNTO E MUSSARELA UNID.";"1897";"3272"
"BAURU GRESPAN KG PRESUNTO/QUEIJO : BAURU GRESPAN KG";"7887";"64098"
"BAURU GRESPAN KG FRANGO : BAURU GRESPAN KG";"7886";"64098"
"BAURU CACHORRO QUENTE GRESPAN KG : BAURU CACHORRO QUENTE GRESPAN KG";"8705";"74674"
"BATIDA BAIANINHA COCO 900ML : BATIDA BAIANINHA COCO 900ML";"7896092501326";"1859"
"BATIDA BAIANINHA AMENDOIM 900ML : BATIDA BAIANINHA AMENDOIM 900ML";"7896092501302";"1864"
"BATERIA PANASONIC ALCALINA 9V : BATERIA PANASONIC ALCALINA 9V";"7896067203460";"48661"
"BATERIA PANASONIC ALCALINA 12V : BATERIA PANASONIC ALCALINA 12V";"7896067200551";"48656"
"BATEDOR OVOS INOX COOK 28,5CM : BATEDOR OVOS INOX COOK 28,5CM";"7899653781434";"41338"
"BATATA STAX 163G ORIGINAL : BATATA STAX 163G";"7892840225810";"1680"
"BATATA SENSACOES 40G PEITO DE PERU : BATATA SENSACOES 40G";"7892840820244";"1629"
"BATATA SENSACOES 40G FRANGO GRELHADO : BATATA SENSACOES 40G";"7892840820183";"1629"
"BATATA RUSTICA KG : BATATA RUSTICA KG";"8672";"72219"
"BATATA RUFLES 115G SAL : BATATA RUFLES 115G";"7892840817978";"58605"
"BATATA RUFFLES TIRA ONDA TUBO 100G ORIGINAL : BATATA RUFFLES TIRA ONDA TUBO 100G";"7892840822040";"69761"
"BATATA RUFFLES TIRA ONDA TUBO 100G CREAM E CEBOLA : BATATA RUFFLES TIRA ONDA TUBO 100G";"7892840822026";"69761"
"BATATA RUFFLES 76G SAL : BATATA RUFFLES 76G";"7892840818203";"41926"
"BATATA RUFFLES 76G CHURRASCO : BATATA RUFFLES 76G";"7892840818210";"41926"
"BATATA RUFFLES 68G ORIGINAL : BATATA RUFFLES 68G";"7892840823054";"74371"
"BATATA RUFFLES 68G CHURRASCO : BATATA RUFFLES 68G";"7892840823047";"74371"
"BATATA RUFFLES 68G CEBOLA E SALSA : BATATA RUFFLES 68G";"7892840823030";"74371"
"BATATA RUFFLES 32G ORIGINAL : BATATA RUFFLES 32G";"7892840822996";"69125"
"BATATA RUFFLES 32G CHURRASCO : BATATA RUFFLES 32G";"7892840823009";"69125"
"BATATA RUFFLES 32G CEBOLA & SALSA : BATATA RUFFLES 32G";"7892840822989";"69125"
"BATATA RECHEADA PRESUNTO/QUEIJO KG : BATATA RECHEADA PRESUNTO/QUEIJO KG";"2382";"13447"
"BATATA RECHEADA PALMITO KG : BATATA RECHEADA PALMITO KG";"2385";"13450"
"BATATA RECHEADA FRANGO KG : BATATA RECHEADA FRANGO KG";"2387";"13453"
"BATATA RECHEADA CARNE KG : BATATA RECHEADA CARNE KG";"2395";"13483"
"BATATA RECHEADA BROCOLIS KG : BATATA RECHEADA BROCOLIS KG";"447";"10044"
"BATATA PRINGLES 109G QUEIJO : BATATA PRINGLES 109G";"7896004006284";"65884"
"BATATA PRINGLES 109G CREME CEBOLA : BATATA PRINGLES 109G";"7896004006239";"65884"
"BATATA PRINGLES 109G CHURRASCO : BATATA PRINGLES 109G";"7896004006406";"65884"
"BATATA PRINGLES 105G CHEDDAR E BACON : BATATA PRINGLES 105G";"7896004008998";"63401"
"BATATA PRINGLES 104G ORIGINAL : BATATA PRINGLES 104G";"7896004006482";"40972"
"BATATA PIRULITO KG : BATATA PIRULITO KG";"651";"2893"
"BATATA PALITO EMBALADA KG : BATATA PALITO EMBALADA KG";"456";"3024"
"BATATA PALHA ZILIO 100G TRADICIONAL : BATATA PALHA ZILIO 100G";"7896280402459";"54440"
"BATATA PALHA ZILIO 100G EXTRA FINA : BATATA PALHA ZILIO 100G";"7896280402466";"54440"
"BATATA PALHA YOKI 105G TRADICIONAL : BATATA PALHA YOKI 105G";"7891095031115";"15541"
"BATATA PALHA SIAMAR EXTRA FINA 100G  : BATATA PALHA SIAMAR EXTRA FINA 100G";"7896069575800";"47297"
"BATATA PALHA SIAMAR 100G : BATATA PALHA SIAMAR 100G";"7896069573974";"36704"
"BATATA PALHA FRITISCO 150G : BATATA PALHA FRITISCO 150G";"7897630700096";"8694"
"BATATA PALHA FABITOS 100G EXT.FINA : BATATA PALHA FABITOS 100G";"7896481056925";"47951"
"BATATA PALHA ELMA CHIPS 100G TRADICIONAL : BATATA PALHA ELMA CHIPS 100G";"7892840820381";"14215"
"BATATA PALHA BATATINHA DOURADA 500G : BATATA PALHA BATATINHA DOURADA 500G";"7898039010045";"43110"
"BATATA MCCAIN TRADICIONAL 720G : BATATA MCCAIN TRADICIONAL 720G";"7896105800880";"5031"
"BATATA MCCAIN TRADICIONAL 1,5KG : BATATA MCCAIN TRADICIONAL 1,5KG";"7896105800798";"51667"
"BATATA MCCAIN SMILES 400G : BATATA MCCAIN SMILES 400G";"7896105800897";"5030"
"BATATA MCCAIN CLASSIC 1,05KG FININHA : BATATA MCCAIN CLASSIC 1,05KG";"7896105801269";"69405"
"BATATA KG  : BATATA KG";"454";"2888"
"BATATA GRATINADA KG : BATATA GRATINADA KG";"6281";"50159"
"BATATA FRITA LAYS 70G SOUR CREAM : BATATA FRITA LAYS 70G";"7892840823399";"69070"
"BATATA FRITA LAYS 70G CLASSICA : BATATA FRITA LAYS 70G";"7892840823375";"69070"
"BATATA FRITA LAYS 115G CLASSICA : BATATA FRITA LAYS 115G";"7892840823405";"74403"
"BATATA DOCE KG : BATATA DOCE KG";"455";"2891"
"BATATA DOCE BRANCA KG : BATATA DOCE BRANCA KG";"4254";"32879"
"BATATA CURTIDA KG : BATATA CURTIDA KG";"1001";"5018"
"BATATA COPACOL PALITO 2KG PRE FRITAS : BATATA COPACOL PALITO 2KG";"7891527059885";"31486"
"BATATA CANOA COPACOL 1,05KG : BATATA CANOA COPACOL 1,05KG";"7891527069396";"63473"
"BATATA BEM BRASIL PALITO 2KG : BATATA BEM BRASIL PALITO 2KG";"7898921567121";"44848"
"BATATA BEM BRASIL CHIC 2KG : BATATA BEM BRASIL CHIC 2KG";"7898921567565";"70127"
"BATATA BEM BRASIL CARINHAS 400G : BATATA BEM BRASIL CARINHAS 400G";"7898921567275";"48976"
"BATATA ASTERIX KG : BATATA ASTERIX KG";"2557";"15309"
"BASTONES DE SURUMI CONG. KANI 250G : BASTONES DE SURUMI CONG. KANI 250G";"7898937200777";"33964"
"BARRINHA GOIABINHA BAUDUCCO 30G : BARRINHA GOIABINHA BAUDUCCO 30G";"7891962003962";"34240"
"BARRIL CERVEJA HEINEKEN 5L : BARRIL CERVEJA HEINEKEN 5L";"8712000025649";"27043"
"BARRA WHEY GREGO BAR NUTRATA 40G TORTA DE LIMAO : BARRA WHEY GREGO BAR NUTRATA 40G";"7898599212712";"54796"
"BARRA WHEY GREGO BAR NUTRATA 40G MOUSSE MARACUJA : BARRA WHEY GREGO BAR NUTRATA 40G";"7898599212736";"54796"
"BARRA WHEY GREGO BAR NUTRATA 40G MORANGO/CHANT. : BARRA WHEY GREGO BAR NUTRATA 40G";"7898599212743";"54796"
"BARRA WHEY GREGO BAR NUTRATA 40G DOCE L./MORANGO : BARRA WHEY GREGO BAR NUTRATA 40G";"7898599217144";"54796"
"BARRA WHEY GREGO BAR NUTRATA 40G DOCE DE LEITE : BARRA WHEY GREGO BAR NUTRATA 40G";"7898599216376";"54796"
"BARRA WHEY GREGO BAR NUTRATA 40G COFFE CHOCOLATE : BARRA WHEY GREGO BAR NUTRATA 40G";"7898599214914";"54796"
"BARRA WHEY GREGO BAR NUTRATA 40G BRIGADEIRO : BARRA WHEY GREGO BAR NUTRATA 40G";"7898599213610";"54796"
"BARRA PROTEICA BOLD TUBE 40G AVELA : BARRA PROTEICA BOLD TUBE 40G";"7898755180367";"71940"
"BARRA PROTEICA BOLD TUBE 30G TRUFA CHOCOLATE : BARRA PROTEICA BOLD TUBE 30G";"0618231302994";"66653"
"BARRA PROTEICA BOLD THIN 40G TRUFA MORANGO : BARRA PROTEICA BOLD THIN 40G";"7898755180268";"63157"
"BARRA PROTEICA BOLD THIN 40G COOKIES CREAM : BARRA PROTEICA BOLD THIN 40G";"7898755180220";"63157"
"BARRA PROTEICA BOLD CRUNCH 50G MORANGO/CHANT. : BARRA PROTEICA BOLD CRUNCH 50G";"7898755180558";"71092"
"BARRA PROTEICA BOLD CRUNCH 50G COOKIES CREAM : BARRA PROTEICA BOLD CRUNCH 50G";"7898755180534";"71092"
"BARRA PROTEICA BOLD CRUNCH 50G CARAMELO/CHOC. : BARRA PROTEICA BOLD CRUNCH 50G";"7898755180510";"71092"
"BARRA PROTEICA BOLD 60G TRUFA CHOCOLATE : BARRA PROTEICA BOLD 60G";"7898755180084";"60844"
"BARRA PROTEICA BOLD 60G TORTA DE LIMAO : BARRA PROTEICA BOLD 60G";"7898755180206";"60844"
"BARRA PROTEICA BOLD 60G LEITE E AVELA : BARRA PROTEICA BOLD 60G";"7898755180107";"60844"
"BARRA PROTEICA BOLD 60G COOKIES E CREAM : BARRA PROTEICA BOLD 60G";"7898755180060";"60844"
"BARRA PROTEICA BOLD 60G BROWNIE/CRISP. : BARRA PROTEICA BOLD 60G";"7898755180145";"60844"
"BARRA PROTEICA BOLD 60G BANOFFEE : BARRA PROTEICA BOLD 60G";"7898755180329";"60844"
"BARRA POWER PROTEIN BAR 41G PEANUT BUTTER : BARRA POWER PROTEIN BAR 41G";"7899941201668";"66726"
"BARRA POWER PROTEIN BAR 41G CHOC. TRUFFLE : BARRA POWER PROTEIN BAR 41G";"7899941201651";"66726"
"BARRA DE FRUTA FIBRITOS LIGHT 25G MORANGO/CHOC. : BARRA DE FRUTA FIBRITOS LIGHT 25G";"7896837101248";"68853"
"BARRA DE FRUTA FIBRITOS 25G CASTANHA/CHOC. : BARRA DE FRUTA FIBRITOS 25G";"7896837100432";"68852"
"BARRA DE FRUTA FIBRITOS 25G BANANA : BARRA DE FRUTA FIBRITOS 25G";"7896837100449";"68852"
"BARRA CEREAIS NATURAL LIFE 25G SEMENTES : BARRA CEREAIS NATURAL LIFE 25G";"7896256042436";"43617"
"BARRA CEREAIS NATURAL LIFE 25G SACIEDADE : BARRA CEREAIS NATURAL LIFE 25G";"7896256065855";"43617"
"BARRA CEREAIS NATURAL LIFE 25G ORIGINAL : BARRA CEREAIS NATURAL LIFE 25G";"7896256042429";"43617"
"BARRA CEREAIS NATURAL LIFE 25G CRANBERRY : BARRA CEREAIS NATURAL LIFE 25G";"7896256065848";"43617"
"BARRA BEST WHEY ATLHETICA 32G BROWNIE CHOC : BARRA BEST WHEY ATLHETICA 32G";"7899621108881";"44462"
"BARATICIDA USO DOMESTICO TIAU 100ML : BARATICIDA USO DOMESTICO TIAU 100ML";"7896506000032";"4017"
"BANQUETA ADULTA SANTANA PRETA : BANQUETA ADULTA SANTANA";"7896355740028";"30377"
"BANHA USO CULINARIO FRIMESA 450G : BANHA USO CULINARIO FRIMESA 450G";"7896275921101";"48083"
"BANHA SADIA 500G : BANHA SADIA 500G";"7891515556914";"56923"
"BANHA SADIA 1KG : BANHA SADIA 1KG";"7893000084605";"1892"
"BANHA FRIMESA 1KG : BANHA FRIMESA 1KG";"7896275950316";"29904"
"BANDEJA LAMINADA JUNCO ROCAMBOLE 33X18CM : BANDEJA LAMINADA JUNCO ROCAMBOLE";"7896523102047";"63891"
"BANDEJA LAMINADA JUNCO Nº07 50X40CM : BANDEJA LAMINADA JUNCO Nº07";"7896523101880";"49728"
"BANDEJA LAMINADA JUNCO Nº06 46X37CM : BANDEJA LAMINADA JUNCO Nº06";"7896523101873";"49727"
"BANDEJA LAMINADA JUNCO Nº05 39X32CM : BANDEJA LAMINADA JUNCO Nº05";"7896523101866";"49726"
"BANDEJA LAMINADA JUNCO Nº04 32X26CM : BANDEJA LAMINADA JUNCO Nº04";"7896523101859";"49725"
"BANDEJA LAMINADA JUNCO Nº03 27X22CM : BANDEJA LAMINADA JUNCO Nº03";"7896523101835";"55309"
"BANDEJA LAMINADA JUNCO Nº02 22,5X17,5CM : BANDEJA LAMINADA JUNCO Nº02";"7896523101842";"64021"
"BAND-AID TRANSPARENTES 10UN  : BAND-AID TRANSPARENTES 10UN";"7891010504779";"37228"
"BAND-AID 40UN TRANSPARENTES : BAND-AID 40UN";"7891010504755";"3967"
"BANDA SUINA KG PORCO : BANDA SUINA KG";"1161";"2337"
"BANANADA TACHAO TRADICIONAL 250G : BANANADA TACHAO TRADICIONAL 250G";"7897594100031";"40392"
"BANANADA TACHAO SEM ACUCAR 200G : BANANADA TACHAO SEM ACUCAR 200G";"7897594100086";"40393"
"BANANA PRATA KG : BANANA PRATA KG";"453";"2556"
"BANANA OURO KG : BANANA OURO KG";"1198";"10904"
"BANANA NANICA KG : BANANA NANICA KG";"452";"2554"
"BANANA MACA KG : BANANA MACA KG";"451";"2552"
"BANANA DE FRITAR KG : BANANA DE FRITAR KG";"450";"2550"
"BANANA DA TERRA KG : BANANA DA TERRA KG";"887";"21107"
"BANANA CRISTALIZADA QUERO MAIS 360G : BANANA CRISTALIZADA QUERO MAIS 360G";"7897785300301";"3848"
"BALDINHO DECORADO INJETEMP 3L : BALDINHO DECORADO INJETEMP 3L";"7896900294235";"64062"
"BALDE PLASUTIL LAVANDA 9L 2785 : BALDE PLASUTIL LAVANDA 9L";"7896042027852";"13789"
"BALDE PLASUTIL FLUIR 12L REF. 1427 : BALDE PLASUTIL FLUIR 12L";"7896042014272";"50916"
"BALDE PLASUTIL DECORA 8L : BALDE PLASUTIL DECORA 8L";"7896042044002";"17787"
"BALDE PLASDORTA CLEAN COLOR 12L : BALDE PLASDORTA CLEAN COLOR 12L";"7898959522765";"65253"
"BALDE ARQPLAST PRETO 12L  : BALDE ARQPLAST PRETO 12L";"7908439800808";"57698"
"BALDE ARQPLAST ALCA DE FERRO 30L : BALDE ARQPLAST ALCA DE FERRO 30L";"7908439800792";"8846"
"BALDE ARQPLAST 8L : BALDE ARQPLAST 8L";"7908439800082";"22010"
"BALDE ARQPLAST 20L COM ALCA : BALDE ARQPLAST 20L";"7908439800105";"58739"
"BALDE ARQPLAST 15L : BALDE ARQPLAST 15L";"7908439800099";"12930"
"BALAS FINI MASTIGAVEIS FRUTIE 70G SOBREMESA : BALAS FINI MASTIGAVEIS FRUTIE 70G";"7908228802266";"59040"
"BALAO METALIZADO JUNCO ROSE 40CM N° 8 : BALAO METALIZADO JUNCO ROSE 40CM";"7896523100029";"63890"
"BALAO METALIZADO JUNCO ROSE 40CM N° 7 : BALAO METALIZADO JUNCO ROSE 40CM";"7896523105703";"63890"
"BALAO METALIZADO JUNCO ROSE 40CM N° 6 : BALAO METALIZADO JUNCO ROSE 40CM";"7896523100036";"63890"
"BALAO METALIZADO JUNCO ROSE 40CM N° 4 : BALAO METALIZADO JUNCO ROSE 40CM";"7896523100074";"63890"
"BALAO METALIZADO JUNCO ROSE 40CM N° 3 : BALAO METALIZADO JUNCO ROSE 40CM";"7896523100548";"63890"
"BALAO METALIZADO JUNCO ROSE 40CM N° 2 : BALAO METALIZADO JUNCO ROSE 40CM";"7896523100081";"63890"
"BALAO METALIZADO JUNCO ROSE 40CM N° 0 : BALAO METALIZADO JUNCO ROSE 40CM";"7896523100012";"63890"
"BALAO METALIZADO JUNCO PRATA 40CM N° 5 : BALAO METALIZADO JUNCO PRATA 40CM";"7896523100647";"63889"
"BALAO METALIZADO JUNCO PRATA 40CM N° 3 : BALAO METALIZADO JUNCO PRATA 40CM";"7896523100654";"63889"
"BALAO METALIZADO JUNCO PRATA 40CM N° 0 : BALAO METALIZADO JUNCO PRATA 40CM";"7896523100098";"63889"
"BALAO METALIZADO JUNCO DOURADO 40CM N° 9 : BALAO METALIZADO JUNCO DOURADO 40CM";"7896523100685";"63685"
"BALAO METALIZADO JUNCO DOURADO 40CM N° 8 : BALAO METALIZADO JUNCO DOURADO 40CM";"7896523100234";"63685"
"BALAO METALIZADO JUNCO DOURADO 40CM N° 7 : BALAO METALIZADO JUNCO DOURADO 40CM";"7896523100708";"63685"
"BALAO METALIZADO JUNCO DOURADO 40CM N° 5 : BALAO METALIZADO JUNCO DOURADO 40CM";"7896523100876";"63685"
"BALAO METALIZADO JUNCO DOURADO 40CM N° 4 : BALAO METALIZADO JUNCO DOURADO 40CM";"7896523101187";"63685"
"BALAO METALIZADO JUNCO DOURADO 40CM N° 2 : BALAO METALIZADO JUNCO DOURADO 40CM";"7896523101156";"63685"
"BALAO METALIZADO JUNCO DOURADO 40CM N° 1 : BALAO METALIZADO JUNCO DOURADO 40CM";"7896523105697";"63685"
"BALAO METALIZADO JUNCO DOURADO 40CM N° 0 : BALAO METALIZADO JUNCO DOURADO 40CM";"7896523100227";"63685"
"BALAO METALIZADO JUNCO CORACAO 45CM VERMELHO 18" : BALAO METALIZADO JUNCO CORACAO 45CM";"7897778536014";"63884"
"BALAO METALIZADO JUNCO CORACAO 25CM VERMELHO 10" : BALAO METALIZADO JUNCO CORACAO 25CM";"7896523107615";"63883"
"BALAO LATEX SALPICADO Nº65 JUNCO 10UN : BALAO LATEX SALPICADO Nº65 JUNCO";"7896523100371";"64147"
"BALAO LATEX LISO Nº 65 JUNCO 50UN VERMELHO : BALAO LATEX LISO Nº 65 JUNCO 50UN";"7896523107844";"54805"
"BALAO LATEX LISO Nº 65 JUNCO 50UN VERDE ESCURO : BALAO LATEX LISO Nº 65 JUNCO 50UN";"7896523107738";"54805"
"BALAO LATEX LISO Nº 65 JUNCO 50UN SORTIDOS : BALAO LATEX LISO Nº 65 JUNCO 50UN";"7896523106700";"54805"
"BALAO LATEX LISO Nº 65 JUNCO 50UN ROSA : BALAO LATEX LISO Nº 65 JUNCO 50UN";"7896523107721";"54805"
"BALAO LATEX LISO Nº 65 JUNCO 50UN PRETO : BALAO LATEX LISO Nº 65 JUNCO 50UN";"7896523113692";"54805"
"BALAO LATEX LISO Nº 65 JUNCO 50UN LILAS : BALAO LATEX LISO Nº 65 JUNCO 50UN";"7896523107707";"54805"
"BALAO LATEX LISO Nº 65 JUNCO 50UN BRANCO : BALAO LATEX LISO Nº 65 JUNCO 50UN";"7896523107684";"54805"
"BALAO LATEX LISO Nº 65 JUNCO 50UN AZUL ESCURO : BALAO LATEX LISO Nº 65 JUNCO 50UN";"7896523180533";"54805"
"BALAO LATEX LISO Nº 65 JUNCO 50UN AZUL CLARO : BALAO LATEX LISO Nº 65 JUNCO 50UN";"7896523113685";"54805"
"BALAO LATEX LISO Nº 65 JUNCO 50UN AMARELO : BALAO LATEX LISO Nº 65 JUNCO 50UN";"7896523107660";"54805"
"BALAO LATEX LISO Nº 65 JUNCO 10UN SORTIDOS : BALAO LATEX LISO Nº 65 JUNCO 10UN";"7896523101668";"50526"
"BALAO LATEX ESPAG. Nº260 JUNCO 10UN CANUDO SORT. : BALAO LATEX ESPAG. Nº260 JUNCO 10UN";"7896523109596";"50525"
"BALAO LATEX CORACAO Nº 06 JUNCO VERMELHO : BALAO LATEX CORACAO Nº 06 JUNCO";"7896523102191";"50441"
"BALA TOY BUBBLES KIDOCURA 70G : BALA TOY BUBBLES KIDOCURA 70G";"7896255586504";"67846"
"BALA TOFFE SORTIDAS KIDOCURA 120G  : BALA TOFFE SORTIDAS KIDOCURA 120G";"7896255500333";"942"
"BALA SKITTLES 38G FR. SILVESTRES : BALA SKITTLES 38G";"7896423481020";"52176"
"BALA OLHO DE SOGRO KG : BALA OLHO DE SOGRO KG";"4457";"34269"
"BALA MENTA MINT KIDOCURA 140G : BALA MENTA MINT KIDOCURA 140G";"7896255501293";"972"
"BALA KIDOCURA CANELA 140G : BALA KIDOCURA CANELA 140G";"7896255500456";"74750"
"BALA KIDOCURA CANELA 100G  : BALA KIDOCURA CANELA 100G";"7896255528108";"53468"
"BALA GELATINA HARIBO 80G WUMMIS : BALA GELATINA HARIBO 80G";"7898629571833";"55765"
"BALA GELATINA HARIBO 80G URSINHOS OURO : BALA GELATINA HARIBO 80G";"7898629572113";"55765"
"BALA GELATINA HARIBO 80G HOT WHEELS FIRE : BALA GELATINA HARIBO 80G";"7898629571574";"55765"
"BALA GELATINA HARIBO 80G HOT WHEELS - FR : BALA GELATINA HARIBO 80G";"7898629571260";"55765"
"BALA GELATINA HARIBO 80G GOTINHAS : BALA GELATINA HARIBO 80G";"7898629571840";"55765"
"BALA GELATINA HARIBO 80G DENTINHOS : BALA GELATINA HARIBO 80G";"7898629571727";"55765"
"BALA GELATINA HARIBO 80G CREAM KISS : BALA GELATINA HARIBO 80G";"7898629571710";"55765"
"BALA GELATINA HARIBO 80G BARBIE URSINHOS : BALA GELATINA HARIBO 80G";"7898629571246";"55765"
"BALA GELATINA HARIBO 80G BANANA : BALA GELATINA HARIBO 80G";"7898629571734";"55765"
"BALA GELATINA HARIBO 80G AVIOES : BALA GELATINA HARIBO 80G";"7898629571802";"55765"
"BALA FRUIT-TELLA SWIRL 41G MORANGO : BALA FRUIT-TELLA SWIRL 41G";"7895144228532";"16738"
"BALA FRUIT-TELLA SWIRL 41G FRAMB/CREME : BALA FRUIT-TELLA SWIRL 41G";"7895144296906";"16738"
"BALA FRUIT-TELLA MASTIGAVEL BAG 92G MORANGO : BALA FRUIT-TELLA MASTIGAVEL BAG 92G";"7895144207742";"62509"
"BALA FRUIT-TELLA MASTIGAVEL BAG 92G FRUIT MIX : BALA FRUIT-TELLA MASTIGAVEL BAG 92G";"7895144207759";"62509"
"BALA FRUIT-TELLA MASTIGAVEL 40G MORANGO : BALA FRUIT-TELLA MASTIGAVEL 40G";"7896262305075";"38854"
"BALA DORI YOGURTE 100 RECHEADA 100G MORANGO : BALA DORI YOGURTE 100 RECHEADA 100G";"7896058599640";"4352"
"BALA DORI YOGURTE 100 ORIGINAL 100G MORANGO : BALA DORI YOGURTE 100 ORIGINAL 100G";"7896058505962";"4201"
"BALA DORI LUA CHEIA 100G CHANTILLY : BALA DORI LUA CHEIA 100G";"7896058599695";"4202"
"BALA DORI HORTELA MINT 600G  : BALA DORI HORTELA MINT 600G";"7896058591613";"40575"
"BALA DORI HORTELA MINT 100G  : BALA DORI HORTELA MINT 100G";"7896058599244";"4205"
"BALA DORI CHICLE BOLETE 100G TUTTI FRUTTI : BALA DORI CHICLE BOLETE 100G";"7896058505979";"4209"
"BALA CONFEITO KIDOCURA 140G COLORIDOS : BALA CONFEITO KIDOCURA 140G";"7896255500180";"943"
"BALA COFFEE KIDOCURA 80G  : BALA COFFEE KIDOCURA 80G";"7896255507011";"9409"
"BALA BUTTER TOFFEES BARISTA 90G MACCHIATO : BALA BUTTER TOFFEES BARISTA 90G";"7891118026401";"51082"
"BALA BUTTER TOFFEES 500G LEITE : BALA BUTTER TOFFEES 500G";"7891118025503";"43613"
"BALA BUTTER TOFFEES 500G COCO : BALA BUTTER TOFFEES 500G";"7891118025497";"43613"
"BALA BUBBALOO 82,5G PATINHAS : BALA BUBBALOO 82,5G";"7622210561909";"63967"
"BALA BUBBALOO 82,5G BLUEBERRY : BALA BUBBALOO 82,5G";"7622210527837";"63967"
"BALA BAIANA KG : BALA BAIANA KG                ";"6224";"49682"
"BALA ARCOR KIDS HORTELA 100G : BALA ARCOR KIDS HORTELA 100G";"7891118025817";"43792"
"BALA ARCOR BUTTER TOFFEES 53% 90G TRUFA : BALA ARCOR BUTTER TOFFEES 53% 90G";"7891118026326";"52994"
"BALA ARCOR BUTTER TOFFEES 53% 90G PISTACHE : BALA ARCOR BUTTER TOFFEES 53% 90G";"7891118026340";"52994"
"BALA ARCOR BUTTER TOFFEES 53% 90G MENTA : BALA ARCOR BUTTER TOFFEES 53% 90G";"7891118026302";"52994"
"BALA ARCOR BUTTER TOFFEES 100G COCO : BALA ARCOR BUTTER TOFFEES 100G";"7891118015405";"43402"
"BALA ARCOR BUTTER TOFFEES 100G CHOCOLATE : BALA ARCOR BUTTER TOFFEES 100G";"7891118015283";"43402"
"BALA ARCOR BUTTER TOFFEES 100G CARAMELO SALG. : BALA ARCOR BUTTER TOFFEES 100G";"7891118026852";"43402"
"BALA ARCOR 7 BELO 500G FRAMBOESA : BALA ARCOR 7 BELO 500G";"7891118025855";"41760"
"BALA ARCOR 7 BELO 100G IOGURTE : BALA ARCOR 7 BELO 100G";"7891118025954";"4379"
"BALA ARCOR 7 BELO 100G FRAMBOESA : BALA ARCOR 7 BELO 100G";"7891118025824";"4379"
"BALA ANIVERSARIO JUNCO 400G IOGURTE/MORANGO : BALA ANIVERSARIO JUNCO 400G";"7896523103440";"49724"
"BALA ANIVERSARIO JUNCO 400G COCO : BALA ANIVERSARIO JUNCO 400G";"7896523100784";"49724"
"BAGUETE ESPANHOLA KG : BAGUETE ESPANHOLA KG          ";"4411";"34143"
"BAGUETE DE CALABRESA UNID. : BAGUETE DE CALABRESA UNID.";"2492";"14975"
"BAER MATE LONG NECK 350ML : BAER MATE LONG NECK 350ML";"7898694491432";"72403"
"BACON SEARA MANTA PECA KG : BACON SEARA MANTA PECA KG";"8636";"71475"
"BACON SEARA MANTA KG : BACON SEARA MANTA KG";"7894904238965";"11361"
"BACON SEARA GOURMET FATIAS 250G : BACON SEARA GOURMET FATIAS 250G";"7894904203420";"8703"
"BACON EM MANTA FRIMESA KG  : BACON EM MANTA FRIMESA KG";"7896275940102";"29241"
"BACIA SANTANA TOPA TUDO 8L : BACIA SANTANA TOPA TUDO 8L";"7896355700343";"67668"
"BACIA ARQPLAST COM ALCA 12L : BACIA ARQPLAST COM ALCA 12L";"7898919089048";"16747"
"BACIA ARQPLAST 5L : BACIA ARQPLAST 5L";"7908439800044";"62626"
"BACIA ARQPLAST 18L : BACIA ARQPLAST 18L";"7908439800013";"21991"
"BACALHAU DESFIADO AURORA 500G : BACALHAU DESFIADO AURORA 500G";"7891164035082";"68629"
"AZEITONA VERDE VALE FERTIL VD 500G C/ CAROCO : AZEITONA VERDE VALE FERTIL VD 500G";"7896272001622";"2995"
"AZEITONA VERDE VALE FERTIL VD 160G SEM CAROCO : AZEITONA VERDE VALE FERTIL VD 160G";"7896272000830";"2836"
"AZEITONA VERDE VALE FERTIL 500G C/ CAROCO SACHE : AZEITONA VERDE VALE FERTIL 500G";"7896272003343";"37581"
"AZEITONA VERDE VALE FERTIL 1,010KG COM CAROCO : AZEITONA VERDE VALE FERTIL 1,010KG";"7896272004678";"44794"
"AZEITONA VERDE PREDILECTA VD 200G COM CAROCO : AZEITONA VERDE PREDILECTA VD 200G";"7896292305212";"46996"
"AZEITONA VERDE PREDILECTA 200G COM CAROCO : AZEITONA VERDE PREDILECTA 200G";"7896292308794";"46783"
"AZEITONA VERDE PREDILECTA 150G RECHEADA : AZEITONA VERDE PREDILECTA 150G";"7896292314863";"46785"
"AZEITONA VERDE PREDILECTA 120G SEM CAROCO : AZEITONA VERDE PREDILECTA 120G";"7896292314887";"46788"
"AZEITONA VERDE PREDILECTA 100G COM CAROCO : AZEITONA VERDE PREDILECTA 100G";"7896292310100";"46784"
"AZEITONA VERDE FAT. PREDILECTA 120G : AZEITONA VERDE FAT. PREDILECTA 120G";"7896292314870";"46787"
"AZEITONA VERDE C/CAROCO HEMMER 180G SACHE : AZEITONA VERDE C/CAROCO HEMMER 180G";"7891031116906";"37504"
"AZEITONA VALE FERTIL SACHE 150G COM CAROCO : AZEITONA VALE FERTIL SACHE 150G";"7896272004180";"2699"
"AZEITONA VALE FERTIL SACHE 1,010KG VERDE S/ CAROCO : AZEITONA VALE FERTIL SACHE 1,010KG";"7896272004692";"47041"
"AZEITONA VALE FERTIL S/ CAROCO 120G SACHE : AZEITONA VALE FERTIL S/ CAROCO 120G";"7896272004203";"2709"
"AZEITONA VALE FERTIL PRETA FAT 120G SACHE : AZEITONA VALE FERTIL PRETA FAT 120G";"7896272009079";"46507"
"AZEITONA VALE FERTIL LIGHT 150G SACHE : AZEITONA VALE FERTIL LIGHT 150G";"7896272004227";"2731"
"AZEITONA VALE FERTIL GORDAL 360G : AZEITONA VALE FERTIL GORDAL 360G";"7896272002223";"3469"
"AZEITONA VALE FERTIL FATIADA 120G SACHE : AZEITONA VALE FERTIL FATIADA 120G";"7896272004197";"2695"
"AZEITONA VALE FERTIL FATIADA 1,01KG VERDE SACHE : AZEITONA VALE FERTIL FATIADA 1,01KG";"7896272004708";"47042"
"AZEITONA VALE FERTIL AZAPA PR. 300G VD : AZEITONA VALE FERTIL AZAPA PR. 300G";"7896272012529";"73692"
"AZEITONA VALE FERTIL AZAPA 200G : AZEITONA VALE FERTIL AZAPA 200G";"7896272001431";"3465"
"AZEITONA VALE FERTIL ARAUCO 200G VERDE C CAROCO : AZEITONA VALE FERTIL ARAUCO 200G";"7896272000199";"3462"
"AZEITONA LA EXPLANADA GOUMERT 150G QUEIJO AZUL : AZEITONA LA EXPLANADA GOUMERT 150G";"8410791126483";"71055"
"AZEITONA ARAUCO VALE FERTIL PR 300G : AZEITONA ARAUCO VALE FERTIL PR 300G";"7896272012512";"73694"
"AZEITE VALE FERTIL ARGENTINO 500ML EXTRA VIRGEM : AZEITE VALE FERTIL ARGENTINO 500ML";"7896272010631";"51087"
"AZEITE RAHMA EXTRA VIRGEM 1L : AZEITE RAHMA EXTRA VIRGEM 1L";"6194017200196";"72440"
"AZEITE PORTO OLIVA BLEND 5,01 5,1L : AZEITE PORTO OLIVA BLEND 5,01 5,1L";"7898930950266";"75121"
"AZEITE GALLO TIPO UNICO VD. 500ML : AZEITE GALLO TIPO UNICO VD. 500ML";"5601252106103";"24275"
"AZEITE GALLO OLIVA DIA A DIA 400ML : AZEITE GALLO OLIVA DIA A DIA 400ML";"5601252120215";"70784"
"AZEITE GALLO EXTRA VIRGEM VD. 500ML CLASSICO : AZEITE GALLO EXTRA VIRGEM VD. 500ML";"5601252231164";"1153"
"AZEITE GALLO EXTRA VIRGEM VD. 250ML : AZEITE GALLO EXTRA VIRGEM VD. 250ML";"5601252102433";"7100"
"AZEITE GALLO EXTRA VIRGEM 5L CLASSICO : AZEITE GALLO EXTRA VIRGEM 5L";"5601252118939";"71791"
"AZEITE DE DENDE SIAMAR 100ML : AZEITE DE DENDE SIAMAR 100ML";"7896069574186";"4182"
"AZEITE COMPOSTO ESSENCIA PORTUGUESA 500ML - VD : AZEITE COMPOSTO ESSENCIA PORTUGUESA";"7898930950358";"64920"
"AZEITE COCINERO DE OLIVA 500ML EXTRA VIRGEM : AZEITE COCINERO DE OLIVA 500ML";"7790070218216";"19729"
"AZEITE BORGES VIRGEM 5L : AZEITE BORGES VIRGEM 5L";"8410179099965";"53014"
"AZEITE BORGES EXT. CLASSICO 500ML : AZEITE BORGES EXT. CLASSICO 500ML";"8410179100036";"43922"
"AZEITE AVOCADO HASS 250ML EXTRA VIRGEM : AZEITE AVOCADO HASS 250ML";"7898952857024";"66846"
"AZEITE ANDORINHA EXT. VIRGEM VIDRO 500ML : AZEITE ANDORINHA EXT. VIRGEM VIDRO";"5601216120152";"19749"
"AZEITE ALMA LUSA EXTRA VIRGEM 500ML : AZEITE ALMA LUSA EXTRA VIRGEM 500ML";"5601855119005";"57667"
"AVENTAL CORACAO PLASTICO 62X42CM : AVENTAL CORACAO PLASTICO 62X42CM";"7898956546146";"59801"
"AVELA SEM CASCA KG : AVELA SEM CASCA KG";"2531";"15283"
"AVEIA ZILIO FLOCOS FINOS 400G  : AVEIA ZILIO FLOCOS FINOS 400G";"7896280402480";"62360"
"AVEIA ZILIO FLOCOS 400G  : AVEIA ZILIO FLOCOS 400G";"7896280402497";"62361"
"AVEIA YOKI FLOCOS 170G FLOCOS FINOS : AVEIA YOKI FLOCOS 170G";"7891095028337";"43779"
"AVEIA YOKI FLOCOS 170G  : AVEIA YOKI FLOCOS 170G";"7891095028344";"43779"
"AVEIA VITALIN FLOCOS FINOS 200G : AVEIA VITALIN FLOCOS FINOS 200G";"7898568900855";"59028"
"AVEIA SIAMAR FLOCOS FINOS 170G CAIXA : AVEIA SIAMAR FLOCOS FINOS 170G";"7896069575213";"47216"
"AVEIA SIAMAR FLOCOS 500G  : AVEIA SIAMAR FLOCOS 500G";"7896069580668";"16448"
"AVEIA SIAMAR FLOCOS 170G CAIXA : AVEIA SIAMAR FLOCOS 170G";"7896069573158";"30477"
"AVEIA QUAKER FLOCOS FINOS 165G : AVEIA QUAKER FLOCOS FINOS 165G";"7894321219721";"31164"
"AVEIA NESTLE FLOCOS 450G FINOS : AVEIA NESTLE FLOCOS 450G";"7891000381042";"66840"
"AVEIA NESTLE FLOCOS 450G : AVEIA NESTLE FLOCOS 450G";"7891000381004";"66840"
"AVEIA NESTLE FLOCOS 170G FLOCOS FINOS : AVEIA NESTLE FLOCOS 170G";"7891000102626";"38623"
"AVEIA NESTLE FLOCOS 170G : AVEIA NESTLE FLOCOS 170G";"7891000102640";"38623"
"AVEIA NATURAL LIFE FLOCOS 500G  : AVEIA NATURAL LIFE FLOCOS 500G";"7896256040227";"1090"
"AVEIA NAT. LIFE FLOCOS FINOS 500G : AVEIA NAT. LIFE FLOCOS FINOS 500G";"7896256040852";"37518"
"AVEIA ITALAC FLOCOS FINOS 165G : AVEIA ITALAC FLOCOS FINOS 165G";"7898080643179";"71532"
"AVEIA ITALAC FLOCOS 165G  : AVEIA ITALAC FLOCOS 165G";"7898080642936";"63881"
"AUROGGETS AURORA TRADICIONAL 900G : AUROGGETS AURORA TRADICIONAL 900G";"7891164110703";"36887"
"ATUM GOMES DA COSTA SOLIDO 170G. : ATUM GOMES DA COSTA SOLIDO 170G.";"7891167011731";"2282"
"ATUM GOMES DA COSTA RALADO 170G. DEFUMADO : ATUM GOMES DA COSTA RALADO 170G.";"7891167012103";"41500"
"ATUM GOMES DA COSTA RALADO 170G PICANTE : ATUM GOMES DA COSTA RALADO 170G";"7891167011960";"2281"
"ATUM GOMES DA COSTA RALADO 170G OLEO : ATUM GOMES DA COSTA RALADO 170G";"7891167011748";"2281"
"ATUM GOMES DA COSTA NATURAL 170G : ATUM GOMES DA COSTA NATURAL 170G";"7891167012066";"2285"
"ATUM GOMES DA COSTA EM PEDACOS 170G OLEO : ATUM GOMES DA COSTA EM PEDACOS 170G";"7891167011717";"2283"
"ATUM GOMES DA COSTA EM PEDACOS 170G NATURAL : ATUM GOMES DA COSTA EM PEDACOS 170G";"7891167011724";"2283"
"ATUM GOMES COSTA RALADO NAT. 170G  : ATUM GOMES COSTA RALADO NAT. 170G";"7891167011779";"2284"
"ATUM GOMES COSTA MOLHO TOMATE 170G RALADO : ATUM GOMES COSTA MOLHO TOMATE 170G";"7891167011953";"38483"
"ATUM COQUEIRO SOLIDO NATURAL 170G : ATUM COQUEIRO SOLIDO NATURAL 170G";"7896009301148";"2387"
"ATUM COQUEIRO RALADO OLEO 170G : ATUM COQUEIRO RALADO OLEO 170G";"7896009301131";"2385"
"ATUM COQUEIRO RALADO NATURAL 170G : ATUM COQUEIRO RALADO NATURAL 170G";"7896009301124";"53986"
"ATUM COQUEIRO RALADO 160G MOLHO TOMATE : ATUM COQUEIRO RALADO 160G";"7896009301117";"48799"
"ATUM COQUEIRO PEDACOS OLEO 170G : ATUM COQUEIRO PEDACOS OLEO 170G";"7896009301100";"33950"
"ATUM COQUEIRO PEDACOS NATURAL 170G : ATUM COQUEIRO PEDACOS NATURAL 170G";"7896009301094";"2389"
"ATEMOYA KG : ATEMOYA KG";"724";"2545"
"ASSENTO LORENZETTI DURATTI BRANCO : ASSENTO LORENZETTI DURATTI";"7896451884763";"54134"
"ASSARAPIDO WYDA COZINHA : ASSARAPIDO WYDA COZINHA";"7898930672625";"29594"
"ASSARAPIDO WYDA CHURRASCO 5MX45CM CHURRASCO : ASSARAPIDO WYDA CHURRASCO 5MX45CM";"7898930672618";"16526"
"ASSADEIRA REDONDA ALUMINIO SOLAR 20 FUNDO REMOVIVE : ASSADEIRA REDONDA ALUMINIO SOLAR 20";"7898563383264";"46066"
"ASSADEIRA MARINEX TAMPA VERMELHA REF. 1576 : ASSADEIRA MARINEX TAMPA VERMELHA";"7891155070450";"67555"
"ASSADEIRA FORT-LAR TUBO 26 26X8,5CM : ASSADEIRA FORT-LAR TUBO 26";"7897174431135";"4667"
"ASSADEIRA FORT-LAR TUBO 24 24X8,5CM : ASSADEIRA FORT-LAR TUBO 24";"7897174431166";"8029"
"ASSADEIRA FORT-LAR RETANG. BAIXA 02 FOSCA : ASSADEIRA FORT-LAR RETANG. BAIXA 02";"7897174432514";"8942"
"ASSADEIRA FORT-LAR RETANG. ALTA 05 FOSCA : ASSADEIRA FORT-LAR RETANG. ALTA 05";"7897174432606";"8770"
"ASSADEIRA FORT-LAR PUDIM 22 ACETINADA : ASSADEIRA FORT-LAR PUDIM 22";"7897174431005";"4664"
"ASSADEIRA FORT-LAR PUDIM 18 ACETINADA : ASSADEIRA FORT-LAR PUDIM 18";"7897174432354";"40063"
"ASSADEIRA FORT-LAR PIZZA 35 ACETINADA : ASSADEIRA FORT-LAR PIZZA 35";"7897174430053";"4633"
"ASSADEIRA FORT-LAR PAO FOSCA 03 REFORCADA : ASSADEIRA FORT-LAR PAO FOSCA 03";"7897174431364";"37045"
"ASSADEIRA FORT-FLON PUDIM 20 20X8,50CM : ASSADEIRA FORT-FLON PUDIM 20";"7897174450457";"48926"
"ARROZ VASCONCELOS TIPO 1 5KG : ARROZ VASCONCELOS TIPO 1 5KG";"7898949924074";"8095"
"ARROZ VASCONCELOS TIPO 1 2KG : ARROZ VASCONCELOS TIPO 1 2KG";"7898949924555";"66301"
"ARROZ VASCONCELOS TIPO 1 1KG : ARROZ VASCONCELOS TIPO 1 1KG";"7898949924333";"16522"
"ARROZ VASCONCELOS PARBOILIZADO 5KG : ARROZ VASCONCELOS PARBOILIZADO 5KG";"7898949924104";"39913"
"ARROZ URBANO BASMATI 1KG : ARROZ URBANO BASMATI 1KG";"7896038300129";"62899"
"ARROZ URBANO ARBORIO 1KG : ARROZ URBANO ARBORIO 1KG";"7896038357017";"16517"
"ARROZ URBANO 7 GRAOS 1KG : ARROZ URBANO 7 GRAOS 1KG";"7896038300013";"62900"
"ARROZ TIPO 1 PATEKO 5 KG : ARROZ TIPO 1 PATEKO 5 KG";"7896086419774";"28441"
"ARROZ TEMPERADO KG : ARROZ TEMPERADO KG";"7914";"64437"
"ARROZ TAIYO-MAI TIPO 1 5KG : ARROZ TAIYO-MAI TIPO 1 5KG";"7896086420213";"28481"
"ARROZ SOLITO TIPO 1 5KG : ARROZ SOLITO TIPO 1 5KG";"7896062699961";"68663"
"ARROZ PROVINCIAS DO SUL TIPO 1 5KG : ARROZ PROVINCIAS DO SUL TIPO 1 5KG";"7896062601032";"68664"
"ARROZ PATOSUL TIPO 1 5KG : ARROZ PATOSUL TIPO 1 5KG";"7898949924128";"45399"
"ARROZ PARA CAES FIEL 5KG : ARROZ PARA CAES FIEL 5KG";"7896337600074";"298"
"ARROZ ORIENTAL TAIYO-MAI 1KG : ARROZ ORIENTAL TAIYO-MAI 1KG";"7896086420237";"28495"
"ARROZ MARCON TIPO 1 5KG : ARROZ MARCON TIPO 1 5KG";"7896337600012";"6"
"ARROZ MARCON TIPO 1 2KG : ARROZ MARCON TIPO 1 2KG";"7896337600111";"2038"
"ARROZ MARCON PREMIUM TIPO 1 1KG : ARROZ MARCON PREMIUM TIPO 1 1KG";"7896337600135";"47011"
"ARROZ MARCON PREMIUM 5KG : ARROZ MARCON PREMIUM 5KG";"7896337600067";"34357"
"ARROZ MARCON MIX 5KG : ARROZ MARCON MIX 5KG";"7896337600104";"2037"
"ARROZ MARCON INTEGRAL 1KG : ARROZ MARCON INTEGRAL 1KG";"7896337600036";"35851"
"ARROZ MARCON ARBORIO TIPO 1 1KG : ARROZ MARCON ARBORIO TIPO 1 1KG";"7896337600043";"67630"
"ARROZ INTEGRAL TIPO 1 CAMIL 1KG : ARROZ INTEGRAL TIPO 1 CAMIL 1KG";"7896006755517";"31004"
"ARROZ FACINHO PARBOILIZADO 5KG : ARROZ FACINHO PARBOILIZADO 5KG";"7896337600050";"2028"
"ARROZ EMPORIO SAO JOAO PARB. 5KG : ARROZ EMPORIO SAO JOAO PARB. 5KG";"7896086419781";"47329"
"ARROZ EMPORIO SAO JOAO PARB. 1KG : ARROZ EMPORIO SAO JOAO PARB. 1KG";"7896086419811";"61990"
"ARROZ EMPORIO SAO JOAO INTEGRAL 1KG : ARROZ EMPORIO SAO JOAO INTEGRAL 1KG";"7896086420121";"42670"
"ARROZ EMPORIO SAO JOAO CULIN. 500G : ARROZ EMPORIO SAO JOAO CULIN. 500G";"7896086420367";"61051"
"ARROZ EMPORIO SAO JOAO CULIN. 1KG ITALIANA : ARROZ EMPORIO SAO JOAO CULIN. 1KG";"7896086420305";"46516"
"ARROZ EMPORIO SAO JOAO 5KG TIPO 1 : ARROZ EMPORIO SAO JOAO 5KG";"7896086420312";"1976"
"ARROZ EMPORIO SAO JOAO 2KG : ARROZ EMPORIO SAO JOAO 2KG";"7896086420350";"8087"
"ARROZ DOCE KG : ARROZ DOCE KG";"2432";"14107"
"ARROZ COMETA TIPO 1 5KG : ARROZ COMETA TIPO 1 5KG";"7896337600029";"30946"
"ARROZ COM COSTELINHA DE PORCO KG : ARROZ COM COSTELINHA DE PORCO KG";"8788";"74229"
"ARROZ COM CARNE SECA KG : ARROZ COM CARNE SECA KG";"7830";"63574"
"ARROZ CARRETEIRO SEARA 300G : ARROZ CARRETEIRO SEARA 300G";"7894904296309";"70086"
"ARROZ CARRETEIRO KG : ARROZ CARRETEIRO KG";"8621";"71076"
"ARROZ CARAMELIZADO FRANSILLI 105G INTEGRAL : ARROZ CARAMELIZADO FRANSILLI 105G";"7897163401781";"42026"
"ARROZ CARAMELIZADO FRANSILLI 100G TRADICIONAL : ARROZ CARAMELIZADO FRANSILLI 100G";"7897163401033";"66848"
"ARROZ CAMIL TIPO 1 5KG : ARROZ CAMIL TIPO 1 5KG";"7896006711155";"31003"
"ARROZ BROTO LEGAL TIPO 1 5KG : ARROZ BROTO LEGAL TIPO 1 5KG";"7896901200143";"1975"
"ARROZ BROTO LEGAL TIPO 1 2KG : ARROZ BROTO LEGAL TIPO 1 2KG";"7896901200150";"2013"
"ARROZ BROTO LEGAL TIPO 1 1KG : ARROZ BROTO LEGAL TIPO 1 1KG";"7896901200235";"4444"
"ARROZ BROTO LEGAL SUSHI 500G : ARROZ BROTO LEGAL SUSHI 500G";"7896901200952";"74372"
"ARROZ BROTO LEGAL INTEGRAL 1KG TIPO 1 : ARROZ BROTO LEGAL INTEGRAL 1KG";"7896901200457";"35280"
"ARROZ BREJEIRO TIPO 1 5KG : ARROZ BREJEIRO TIPO 1 5KG";"7896003511154";"2030"
"ARROZ BRANCO KG : ARROZ BRANCO KG";"4664";"35330"
"ARROZ A GREGA ART VERDE BANDEJA : ARROZ A GREGA ART VERDE BANDEJA";"7898945773201";"27161"
"AROMATIZANTE TRIEX 140ML TALCO : AROMATIZANTE TRIEX 140ML";"7896527700690";"348"
"AROMATIZANTE TRIEX 140ML LAVANDA : AROMATIZANTE TRIEX 140ML";"7896527700706";"348"
"AROMATIZANTE TRIEX 140ML FLORAL : AROMATIZANTE TRIEX 140ML";"7896527700683";"348"
"AROMATIZANTE TRIEX 140ML EUCALIPTO : AROMATIZANTE TRIEX 140ML";"7896527700676";"348"
"AROMATIZANTE TRIEX 140ML CAPIM LIMAO : AROMATIZANTE TRIEX 140ML";"7896527700713";"348"
"AROMATIZANTE MUNDIAL PRIME 60ML PREMIUM : AROMATIZANTE MUNDIAL PRIME 60ML";"7898567705079";"66007"
"AROMATIZANTE MUNDIAL PRIME 60ML LAVENDER : AROMATIZANTE MUNDIAL PRIME 60ML";"7898915994803";"66007"
"AREJADOR TORNEIRA NEDO REF 11  : AREJADOR TORNEIRA NEDO REF 11";"7896619800116";"9753"
"AREIA HIGIENICA TIDY CATS PURINA 2KG : AREIA HIGIENICA TIDY CATS PURINA";"7896015601164";"36394"
"AREIA HIGIENICA GATO PROCAO 4KG : AREIA HIGIENICA GATO PROCAO 4KG";"7898645221798";"64357"
"APONTADOR FABER CASTELL DEPOSITO TRANSP. : APONTADOR FABER CASTELL DEPOSITO";"7891360200116";"9496"
"APERITIVO APEROL 750ML : APERITIVO APEROL 750ML";"7891136057012";"30716"
"APARELHO PRESTOBARBA ULTRAGRIP 2UN CABECA FIXA : APARELHO PRESTOBARBA ULTRAGRIP 2UN";"7501009222729";"31788"
"APARELHO DESCARTAVEL ENOX 2 (PAR) : APARELHO DESCARTAVEL ENOX 2 (PAR)";"7897517917616";"71859"
"APARELHO DEPIL VENUS SIMPLY L4P3  : APARELHO DEPIL VENUS SIMPLY L4P3";"7500435172561";"43484"
"APARELHO DEPIL VENUS SIMPLY 2UN  : APARELHO DEPIL VENUS SIMPLY 2UN";"7702018314836";"32594"
"APARELHO DEPIL VENUS SIMPLY 1UN  : APARELHO DEPIL VENUS SIMPLY 1UN";"7702018265619";"43961"
"APARELHO DEPIL VENUS RECARREGAVEL PELE SENSIVEL : APARELHO DEPIL VENUS RECARREGAVEL";"7500435248419";"74000"
"APARELHO DEPIL VENUS 3 INTIMA 4UN  : APARELHO DEPIL VENUS 3 INTIMA 4UN";"7500435203999";"66720"
"APARELHO DEPIL VENUS 2UN SENSITIVE : APARELHO DEPIL VENUS 2UN";"7702018072217";"32595"
"APARELHO DE BARBEAR CLASSICO ENOX : APARELHO DE BARBEAR CLASSICO ENOX";"7897517917470";"71864"
"APARELHO BARBEAR PROBAK L7 P5  : APARELHO BARBEAR PROBAK L7 P5";"7891051040410";"6814"
"APAR THE RAZOR6 DR. JONES 1UN : APAR THE RAZOR6 DR. JONES 1UN";"7891033570485";"68767"
"APAR THE RAZOR4 DR. JONES 1UN : APAR THE RAZOR4 DR. JONES 1UN";"7891033570492";"68766"
"APAR PRESTOBARBA ULTRAGRIP 2 2UN MOVEL MASC. : APAR PRESTOBARBA ULTRAGRIP 2 2UN";"7500435169677";"64444"
"APAR PRESTOBARBA ULTRAGRIP 1UN CABECA MOVEL : APAR PRESTOBARBA ULTRAGRIP 1UN";"8667";"28429"
"APAR PRESTOBARBA SENSITIVE 3 L4P3 : APAR PRESTOBARBA SENSITIVE 3 L4P3";"7500435121736";"56359"
"APAR PRESTOBARBA FEMININO REG. 2UN : APAR PRESTOBARBA FEMININO REG. 2UN";"7501009224082";"28970"
"APAR PRESTOBARBA DERMAPROTECAO L4P3 : APAR PRESTOBARBA DERMAPROTECAO L4P3";"7500435190534";"66721"
"APAR PRESTOBARBA DERMA PROTECAO 2UN : APAR PRESTOBARBA DERMA PROTECAO 2UN";"7500435190541";"66090"
"APAR PRESTOBARBA CORPO L4P3 : APAR PRESTOBARBA CORPO L4P3";"7500435178600";"66187"
"APAR PRESTOBARBA CORPO 2UN : APAR PRESTOBARBA CORPO 2UN";"7500435178594";"66186"
"APAR PRESTOBARBA 3 SENSECARE 2UN : APAR PRESTOBARBA 3 SENSECARE 2UN";"7506339337525";"14907"
"APAR PRESTOBARBA 3 MASCULINO L4P3  : APAR PRESTOBARBA 3 MASCULINO L4P3";"7501001109653";"1713"
"APAR PRESTOBARBA 3 MASCULINO 2UN : APAR PRESTOBARBA 3 MASCULINO 2UN";"7702018874729";"6962"
"APAR PRESTOBARBA 3 ICE 2UN  : APAR PRESTOBARBA 3 ICE 2UN";"7702018983872";"1724"
"APAR PRESTOBARBA 3 FEMININO L4P3  : APAR PRESTOBARBA 3 FEMININO L4P3";"7501001109660";"40358"
"APAR PRESTOBARBA 3 FEMININO 2UN : APAR PRESTOBARBA 3 FEMININO 2UN";"7702018874781";"6964"
"APAR PRESTOBARBA 3 COOL L4P3  : APAR PRESTOBARBA 3 COOL L4P3";"7500435160650";"57422"
"APAR PRESTOBARBA 3 CHAMPIONS 1UN. SUAVE : APAR PRESTOBARBA 3 CHAMPIONS 1UN.";"7500435244688";"71140"
"APAR PRESTOBARBA 3 CHAMPIONS 1UN : APAR PRESTOBARBA 3 CHAMPIONS 1UN";"7500435154772";"54551"
"APAR PRESTOBARBA 3 CARVAO 1UN : APAR PRESTOBARBA 3 CARVAO 1UN";"7500435248716";"71501"
"APAR PRESTOBARBA 3 CARBONO 4UN : APAR PRESTOBARBA 3 CARBONO 4UN";"7500435245807";"71114"
"APAR PRESTOBARBA 3 CARBONO 2UN : APAR PRESTOBARBA 3 CARBONO 2UN";"7500435245821";"71085"
"APAR PRESTOBARBA 3 CARBONO 1UN  : APAR PRESTOBARBA 3 CARBONO 1UN";"7500435219334";"66722"
"APAR GILLETTE MACH3 SENSITIVE : APAR GILLETTE MACH3 SENSITIVE";"7702018037803";"13808"
"APAR GILLETTE MACH3 REGULAR : APAR GILLETTE MACH3 REGULAR";"7702018853410";"8360"
"APAR GILLETTE MACH3 CORPO : APAR GILLETTE MACH3 CORPO";"7500435178631";"68072"
"APAR GILLETTE MACH3 ACQUA REGULAR 1UN : APAR GILLETTE MACH3 ACQUA REGULAR";"7500435141536";"52838"
"APAR DEPIL BIC SOLEIL WOMEN 1UN ROSA : APAR DEPIL BIC SOLEIL WOMEN 1UN";"70330731806";"43918"
"APAR BIC SENSITIVE SHAVER L7P5  : APAR BIC SENSITIVE SHAVER L7P5";"70330728509";"37367"
"APAR BIC COMFORT 3 1UN PELE SENSIVEL : APAR BIC COMFORT 3 1UN";"70330717565";"35396"
"APAR BIC COMFORT 3 1UN PELE NORMAL : APAR BIC COMFORT 3 1UN";"70330717534";"35396"
"APAR BIC COMFORT 3 1UN BLACK NIGHT : APAR BIC COMFORT 3 1UN";"70330727984";"35396"
"ANTITRANSPIRANTE AERO MOOD 150ML WOMEN : ANTITRANSPIRANTE AERO MOOD 150ML";"7898567703402";"65989"
"ANTITRANSPIRANTE AERO MOOD 150ML UNISSEX : ANTITRANSPIRANTE AERO MOOD 150ML";"7898567703426";"65989"
"ANTITRANSPIRANTE AERO MOOD 150ML TEEN GIRL : ANTITRANSPIRANTE AERO MOOD 150ML";"7898567704430";"65989"
"ANTITRANSPIRANTE AERO MOOD 150ML TEEN BOY : ANTITRANSPIRANTE AERO MOOD 150ML";"7898567704447";"65989"
"ANTITRANSPIRANTE AERO MOOD 150ML SPORT WOMEN : ANTITRANSPIRANTE AERO MOOD 150ML";"7898567704461";"65989"
"ANTITRANSPIRANTE AERO MOOD 150ML SPORT UNISSEX : ANTITRANSPIRANTE AERO MOOD 150ML";"7898567704454";"65989"
"ANTITRANSPIRANTE AERO MOOD 150ML SPORT MEN : ANTITRANSPIRANTE AERO MOOD 150ML";"7898567704478";"65989"
"ANTITRANSPIRANTE AERO MOOD 150ML SEM PERFUME : ANTITRANSPIRANTE AERO MOOD 150ML";"7898567704928";"65989"
"ANTITRANSPIRANTE AERO MOOD 150ML MEN : ANTITRANSPIRANTE AERO MOOD 150ML";"7898567703419";"65989"
"ANTITRANSPIRANTE AERO MOOD 150ML INVISIBLE : ANTITRANSPIRANTE AERO MOOD 150ML";"7898567704539";"65989"
"ANTISSEPTICO ORAL-B 100% 500ML : ANTISSEPTICO ORAL-B 100% 500ML";"7506195114735";"28420"
"ANTISSEPTICO LISTERINE ZERO 500ML TARTAR CONTROL : ANTISSEPTICO LISTERINE ZERO 500ML";"7891010245245";"49282"
"ANTISSEPTICO LISTERINE ZERO 250ML TARTAR CONTROL : ANTISSEPTICO LISTERINE ZERO 250ML";"7891010245238";"29671"
"ANTISSEPTICO LISTERINE ZERO 250ML MENTA SUAVE : ANTISSEPTICO LISTERINE ZERO 250ML";"7891010973902";"29671"
"ANTISSEPTICO LISTERINE ZERO 250ML ANTICARIES : ANTISSEPTICO LISTERINE ZERO 250ML";"7891010987770";"29671"
"ANTISSEPTICO LISTERINE ZERO 1L COOL MINT : ANTISSEPTICO LISTERINE ZERO 1L";"7702031098287";"67025"
"ANTISSEPTICO LISTERINE 500ML L+P-. ANTITARTARO : ANTISSEPTICO LISTERINE 500ML L+P-.";"7891268400212";"74447"
"ANTISSEPTICO LISTERINE 500ML L+P- MELANCIA/HORT. : ANTISSEPTICO LISTERINE 500ML L+P-";"7891010256050";"7808"
"ANTISSEPTICO LISTERINE 500ML L+P- COOL MINT ZERO : ANTISSEPTICO LISTERINE 500ML L+P-";"7891010974312";"7808"
"ANTISSEPTICO LISTERINE 500ML L+P- COOL MINT : ANTISSEPTICO LISTERINE 500ML L+P-";"7891268400113";"7808"
"ANTISSEPTICO LISTERINE 500ML ANTICARIES : ANTISSEPTICO LISTERINE 500ML";"7891010987787";"7878"
"ANTISSEPTICO LISTERINE 473ML EXTREME : ANTISSEPTICO LISTERINE 473ML";"7702031988274";"64352"
"ANTISSEPTICO LISTERINE 250ML. ANTITARTARO : ANTISSEPTICO LISTERINE 250ML.";"7891268400076";"6334"
"ANTISSEPTICO LISTERINE 250ML MELANCIA/HORT. : ANTISSEPTICO LISTERINE 250ML";"7891010256043";"538"
"ANTISSEPTICO LISTERINE 250ML COOL MINT : ANTISSEPTICO LISTERINE 250ML";"7891268400014";"538"
"ANTISSEPTICO LISTERINE 236ML EXTREME : ANTISSEPTICO LISTERINE 236ML";"7702031988250";"4698"
"ANTISSEPTICO LISTERINE 1L L+P- COOL MINT : ANTISSEPTICO LISTERINE 1L L+P-";"7891010256760";"67026"
"ANTISSEPTICO JADEPRO ZERO 500ML CRYSTAL MINT : ANTISSEPTICO JADEPRO ZERO 500ML";"7897217404034";"61598"
"ANTISSEPTICO JADEPRO 500ML CRYSTAL ICE : ANTISSEPTICO JADEPRO 500ML";"7897217404041";"61599"
"ANTISSEPTICO DENTICS L500 P350ML SEM ALCOOL : ANTISSEPTICO DENTICS L500 P350ML";"7896269691423";"8702"
"ANTISSEPTICO DENTICS L500 P350ML MINT : ANTISSEPTICO DENTICS L500 P350ML";"7896269691362";"8702"
"ANTISSEPTICO DENTICS L500 P350ML COOL MINT : ANTISSEPTICO DENTICS L500 P350ML";"7896269691355";"8702"
"ANTISSEPTICO COLGATE TOTAL 12 500ML CARVAO ATIVADO : ANTISSEPTICO COLGATE TOTAL 12 500ML";"7509546686615";"51435"
"ANTISSEPTICO COLGATE PLAX 500ML ODOR CONTROL : ANTISSEPTICO COLGATE PLAX 500ML";"7509546679532";"37729"
"ANTISSEPTICO COLGATE PLAX 500ML CLEAN MINT : ANTISSEPTICO COLGATE PLAX 500ML";"7891024028018";"37729"
"ANTISSEPTICO COLGATE PLAX 250ML ODOR CONTROL : ANTISSEPTICO COLGATE PLAX 250ML";"7509546679525";"535"
"ANTISSEPTICO COLGATE PLAX 250ML FRESH MINT : ANTISSEPTICO COLGATE PLAX 250ML";"7891024136409";"535"
"ANTISSEPTICO COLGATE PLAX 250ML CLASSICO : ANTISSEPTICO COLGATE PLAX 250ML";"7891024136300";"535"
"ANTISSEPTICO COLGATE LUMINOUS 500ML CARVAO : ANTISSEPTICO COLGATE LUMINOUS 500ML";"7509546666983";"59177"
"ANTISSEPTICO COLGATE L500 P350ML PLAX ICE INF. : ANTISSEPTICO COLGATE L500 P350ML";"7891024027622";"30395"
"ANTISSEPTICO COLGATE L500 P350ML PLAX ICE : ANTISSEPTICO COLGATE L500 P350ML";"7891024136133";"30395"
"ANTISSEPTICO COLGATE L500 P350ML PLAX FRESH MINT : ANTISSEPTICO COLGATE L500 P350ML";"7891024131183";"30395"
"ANTISSEPTICO COLGATE L500 P350ML PLAX CLASSIC : ANTISSEPTICO COLGATE L500 P350ML";"7891024131459";"30395"
"ANTISSEPTICO COLGATE L+P- 750ML ODOR CONTROL : ANTISSEPTICO COLGATE L+P- 750ML";"7509546685939";"65263"
"ANTISSEPTICO COLGATE L+P- 750ML FRESH MINT : ANTISSEPTICO COLGATE L+P- 750ML";"7509546679617";"65263"
"ANTISSEPTICO COLGATE KIDS 250ML MINIONS : ANTISSEPTICO COLGATE KIDS 250ML";"7891024030806";"42640"
"ANTISSEPTICO CARMED FINI 250ML DENTADURA : ANTISSEPTICO CARMED FINI 250ML";"7897947620513";"73765"
"ANTISSEPTICO CARMED FINI 250ML CEREJA : ANTISSEPTICO CARMED FINI 250ML";"7897947620742";"73765"
"ANTISSEPTICO CARMED FINI 250ML BEIJOS : ANTISSEPTICO CARMED FINI 250ML";"7897947620520";"73765"
"ANTISSEPTICO BUCAL ORAL-B 250ML HORTELA : ANTISSEPTICO BUCAL ORAL-B 250ML";"7891051037939";"4668"
"ANTISSEPTICO BUCAL CLOSEUP L500P350 RED HOT - S/AL : ANTISSEPTICO BUCAL CLOSEUP L500P350";"7891150071797";"35395"
"ANTISSEPTICO BUCAL CLOSEUP L500P350 ICE - S/ALCOOL : ANTISSEPTICO BUCAL CLOSEUP L500P350";"7891150071803";"35395"
"ANTISSEPTICO BUCAL CLOSE UP 250ML RED HOT - S/ALC : ANTISSEPTICO BUCAL CLOSE UP 250ML";"7891150084162";"34493"
"ANTISSEPTICO BUCAL CLOSE UP 250ML ICE : ANTISSEPTICO BUCAL CLOSE UP 250ML";"7891150071827";"34493"
"ANTISSEP. LISTERINE ZERO L500P350ML CUIDADO TOTAL : ANTISSEP. LISTERINE ZERO L500P350ML";"7891010880859";"29672"
"ANIMAIS PRE HISTORIA JUNCO 5UN : ANIMAIS PRE HISTORIA JUNCO 5UN";"7896523112176";"49619"
"ANIL IMPERIAL COLMAN 90G : ANIL IMPERIAL COLMAN 90G";"7891035010200";"7744"
"ANIL COLMAN LIQUIDO 200ML TRADICIONAL : ANIL COLMAN LIQUIDO 200ML";"7891035012501";"50"
"ANEIS DE CEBOLA MCCAIN 400G : ANEIS DE CEBOLA MCCAIN 400G";"7896105800118";"44669"
"ANEIS DE CEBOLA COPACOL 400G : ANEIS DE CEBOLA COPACOL 400G";"7891527065756";"50852"
"ANEIS DE CEBOLA COPACOL 1,1KG : ANEIS DE CEBOLA COPACOL 1,1KG";"7891527065916";"48651"
"ANEIS DE CEBOLA BEM BRASIL 400G : ANEIS DE CEBOLA BEM BRASIL 400G";"7898921567688";"39173"
"AMORA CONGELADA COLUCI 1,02KG : AMORA CONGELADA COLUCI 1,02KG";"7898994470700";"69861"
"AMIDO DE MILHO ZILIO 500G : AMIDO DE MILHO ZILIO 500G";"7896280402336";"44003"
"AMIDO DE MILHO SIAMAR CAIXA 500G : AMIDO DE MILHO SIAMAR CAIXA 500G";"7896069572717";"33947"
"AMIDO DE MILHO SIAMAR CAIXA 200G : AMIDO DE MILHO SIAMAR CAIXA 200G";"7896069575756";"46510"
"AMIDO DE MILHO SIAMAR 500G : AMIDO DE MILHO SIAMAR 500G";"7896069518296";"4269"
"AMIDO DE MILHO KIMIMO 500G : AMIDO DE MILHO KIMIMO 500G";"7896490288805";"49501"
"AMIDO DE MILHO KIMIMO 200G : AMIDO DE MILHO KIMIMO 200G";"7896490288812";"49503"
"AMIDO DE MILHO DR. OETKER 200G : AMIDO DE MILHO DR. OETKER 200G";"7891048042298";"46204"
"AMENDOIM TORRADO QUERO MAIS 500G COM PELE : AMENDOIM TORRADO QUERO MAIS 500G";"7897785300967";"33409"
"AMENDOIM SEM SAL S/P SOTELO 500G : AMENDOIM SEM SAL S/P SOTELO 500G";"7898924794135";"39599"
"AMENDOIM SEM SAL S/P SOTELO 1KG : AMENDOIM SEM SAL S/P SOTELO 1KG";"7898924794012";"39598"
"AMENDOIM SALGADO SIAMAR 150G SEM PELE : AMENDOIM SALGADO SIAMAR 150G";"7896069576074";"50743"
"AMENDOIM SALGADO S/P SOTELO 500G : AMENDOIM SALGADO S/P SOTELO 500G";"7898924794081";"38865"
"AMENDOIM SALGADO S/P SOTELO 1KG : AMENDOIM SALGADO S/P SOTELO 1KG";"7898924794036";"38864"
"AMENDOIM SALGADO MANDUBIM 170G JALAPENO : AMENDOIM SALGADO MANDUBIM 170G";"7898126321054";"73392"
"AMENDOIM SALGADO MANDUBIM 170G BACON/QUEIJO : AMENDOIM SALGADO MANDUBIM 170G";"7898126321078";"73392"
"AMENDOIM SALGADO C/P SOTELO 500G : AMENDOIM SALGADO C/P SOTELO 500G";"7898924794388";"52986"
"AMENDOIM SALGADO BARRETAO 100G SEM PELE : AMENDOIM SALGADO BARRETAO 100G";"0602883059467";"55555"
"AMENDOIM SALGADO BARRETAO 100G PIMENTA E LIMAO : AMENDOIM SALGADO BARRETAO 100G";"0602883059443";"55555"
"AMENDOIM SALGADO BARRETAO 100G COM PELE : AMENDOIM SALGADO BARRETAO 100G";"0602883167100";"55555"
"AMENDOIM SALGADO BARRETAO 100G CEBOLA : AMENDOIM SALGADO BARRETAO 100G";"0602883167070";"55555"
"AMENDOIM SALGADO BARRETAO 100G BACON : AMENDOIM SALGADO BARRETAO 100G";"0602883059474";"55555"
"AMENDOIM SALGADO BARRETAO 100G ALHO : AMENDOIM SALGADO BARRETAO 100G";"0602883167063";"55555"
"AMENDOIM PETTIZ CROCANTE DORI 120G NATURAL : AMENDOIM PETTIZ CROCANTE DORI 120G";"7896058599831";"4318"
"AMENDOIM JAPONES YOKI 150G : AMENDOIM JAPONES YOKI 150G";"7891095002177";"33417"
"AMENDOIM JAPONES SIAMAR 150G : AMENDOIM JAPONES SIAMAR 150G";"7896069576067";"50742"
"AMENDOIM ELMA CHIPS SEM PELE 100G : AMENDOIM ELMA CHIPS SEM PELE 100G";"7892840814748";"31324"
"AMENDOIM DORI CONFEITADO 100G COLORIDO : AMENDOIM DORI CONFEITADO 100G";"7896058599633";"4356"
"AMENDOIM DESCASCADO YOKI 150G SALGADO : AMENDOIM DESCASCADO YOKI 150G";"7891095002146";"33415"
"AMENDOIM CROKISSIMO 400G SALSA E CEBOLA : AMENDOIM CROKISSIMO 400G";"7896336010065";"1678"
"AMENDOIM CROKISSIMO 400G SALGADO : AMENDOIM CROKISSIMO 400G";"7896336010072";"1678"
"AMENDOIM CROKISSIMO 400G PIMENTA : AMENDOIM CROKISSIMO 400G";"7896336010058";"1678"
"AMENDOIM CROKISSIMO 150G SALSA E CEBOLA : AMENDOIM CROKISSIMO 150G";"7896336003715";"8692"
"AMENDOIM CROKISSIMO 150G SALGADO : AMENDOIM CROKISSIMO 150G";"7896336003708";"8692"
"AMENDOIM CROKISSIMO 1,01KG SALSA E CEBOLA : AMENDOIM CROKISSIMO 1,01KG";"7896336009304";"54790"
"AMENDOIM CROKISSIMO 1,01KG SALGADO : AMENDOIM CROKISSIMO 1,01KG";"7896336009298";"54790"
"AMENDOIM CROKISSIMO 1,01KG CHURRASCO : AMENDOIM CROKISSIMO 1,01KG";"7896336009328";"54790"
"AMENDOIM CROCANTE SIAMAR 120G TRADICIONAL : AMENDOIM CROCANTE SIAMAR 120G";"7896069576159";"58974"
"AMENDOIM CROCANTE SIAMAR 120G CEBOLA/SALSA : AMENDOIM CROCANTE SIAMAR 120G";"7896069576166";"58974"
"AMENDOIM CARAMELADO BARRETAO 100G : AMENDOIM CARAMELADO BARRETAO 100G";"0602883059450";"55556"
"AMENDOIM BRANCO SIAMAR 400G  : AMENDOIM BRANCO SIAMAR 400G";"7896069572595";"51587"
"AMENDOIM BRANCO (RUNNER) ZILIO 500G : AMENDOIM BRANCO (RUNNER) ZILIO 500G";"7896280402251";"34270"
"AMENDOA TORRADA E SALGADA KG : AMENDOA TORRADA E SALGADA KG";"3628";"3780"
"AMENDOA S/ CASCA TORRADA SALG IMP K TOSTADA KG : AMENDOA S/ CASCA TORRADA SALG IMP K";"619";"2541"
"AMENDOA CHILENA DUNORTE 150G NATURAL : AMENDOA CHILENA DUNORTE 150G";"7896029601921";"72117"
"AMEIXA NACIONAL KG  : AMEIXA NACIONAL KG";"444";"6150"
"AMEIXA IMPORTADA KG : AMEIXA IMPORTADA KG";"443";"2538"
"AMEIXA EM CALDA TOZZI LATA 150G : AMEIXA EM CALDA TOZZI LATA 150G";"7898909755540";"42584"
"AMEIXA ARGENTINA SEM CAROC 88.110KG : AMEIXA ARGENTINA SEM CAROC 88.110KG";"218";"2370"
"AMEIXA ARGENT COM CAROCO 88.110 KG : AMEIXA ARGENT COM CAROCO 88.110 KG";"217";"2368"
"AMBROSIA TATITANIA 680G : AMBROSIA TATITANIA 680G";"7898022773605";"70483"
"AMBROSIA KG : AMBROSIA KG";"6688";"53663"
"AMARULA FRUIT CREAM 750ML : AMARULA FRUIT CREAM 750ML";"6001495062508";"1801"
"AMACIANTE YPE L2L P1,6L ACONCHEGO : AMACIANTE YPE L2L P1,6L";"7896098901854";"56866"
"AMACIANTE YPE CONCENTRADO 500ML ENCANTO : AMACIANTE YPE CONCENTRADO 500ML";"7896098901489";"23515"
"AMACIANTE YPE CONCENTRADO 500ML BLUE : AMACIANTE YPE CONCENTRADO 500ML";"7896098900390";"23515"
"AMACIANTE YPE CONCENTRADO 500ML 2UN ALQUIMIA : AMACIANTE YPE CONCENTRADO 500ML 2UN";"7896098901229";"52319"
"AMACIANTE YPE CONCENTRADO 1L PINK : AMACIANTE YPE CONCENTRADO 1L";"7896098901502";"49041"
"AMACIANTE YPE CONCENTRADO 1L LIBERDADE : AMACIANTE YPE CONCENTRADO 1L";"7896098901533";"49041"
"AMACIANTE YPE CONCENTRADO 1L ENCANTO : AMACIANTE YPE CONCENTRADO 1L";"7896098901540";"49041"
"AMACIANTE YPE CONCENTRADO 1L DELICADO : AMACIANTE YPE CONCENTRADO 1L";"7896098901519";"49041"
"AMACIANTE YPE CONCENTRADO 1L BLUE : AMACIANTE YPE CONCENTRADO 1L";"7896098901496";"49041"
"AMACIANTE YPE CONCENT. SACHE 900ML PINK : AMACIANTE YPE CONCENT. SACHE 900ML";"7896098903025";"67240"
"AMACIANTE YPE CONCENT. SACHE 900ML DELICADO : AMACIANTE YPE CONCENT. SACHE 900ML";"7896098903056";"67240"
"AMACIANTE YPE CONCENT. SACHE 900ML BLUE : AMACIANTE YPE CONCENT. SACHE 900ML";"7896098903018";"67240"
"AMACIANTE YPE CONCENT. ESSENCIAL 1L TRAT.MICELAR : AMACIANTE YPE CONCENT. ESSENCIAL 1L";"7896098901847";"56871"
"AMACIANTE YPE 5L INTENSO : AMACIANTE YPE 5L";"7896098905463";"23554"
"AMACIANTE YPE 5L ACONCHEGO : AMACIANTE YPE 5L";"7896098905401";"23554"
"AMACIANTE YPE 500ML ACONCHEGO : AMACIANTE YPE 500ML";"7896098900406";"9210"
"AMACIANTE YPE 2L TERNURA : AMACIANTE YPE 2L";"7896098902417";"38"
"AMACIANTE YPE 2L INTENSO : AMACIANTE YPE 2L";"7896098903032";"38"
"AMACIANTE YPE 2L CARINHO : AMACIANTE YPE 2L";"7896098902424";"38"
"AMACIANTE YPE 2L AMOR : AMACIANTE YPE 2L";"7896098902394";"38"
"AMACIANTE YPE 2L ACONCHEGO : AMACIANTE YPE 2L";"7896098902400";"38"
"AMACIANTE VINAGREEN CONC. 500ML ALGODAO : AMACIANTE VINAGREEN CONC. 500ML";"7896017202031";"68202"
"AMACIANTE VINAGREEN CONC. 1L ALGODAO : AMACIANTE VINAGREEN CONC. 1L";"7896017201997";"67472"
"AMACIANTE VINAGREEN ALGODAO 2L : AMACIANTE VINAGREEN ALGODAO 2L";"7896017202000";"56436"
"AMACIANTE VIDA MACIA 500ML CAMOMILA : AMACIANTE VIDA MACIA 500ML";"7896040705318";"28960"
"AMACIANTE VIDA MACIA 500ML AMENDOAS : AMACIANTE VIDA MACIA 500ML";"7896040705325";"28960"
"AMACIANTE VIDA MACIA 1L CAMOMILA : AMACIANTE VIDA MACIA 1L";"7896040704113";"28958"
"AMACIANTE VIDA MACIA 1L AMENDOAS : AMACIANTE VIDA MACIA 1L";"7896040704120";"28958"
"AMACIANTE URCA 5L BRISA AZUL : AMACIANTE URCA 5L";"7896056402751";"49149"
"AMACIANTE URCA 2L ROSA : AMACIANTE URCA 2L";"7896056401136";"29"
"AMACIANTE URCA 2L LILAS : AMACIANTE URCA 2L";"7896056404014";"29"
"AMACIANTE URCA 2L AZUL : AMACIANTE URCA 2L";"7896056401112";"29"
"AMACIANTE UAU CONCENTRADO 500ML ROSAS E SEDUCAO : AMACIANTE UAU CONCENTRADO 500ML";"7891242420564";"43364"
"AMACIANTE UAU CONCENTRADO 500ML LAVANDA/FRESCOR : AMACIANTE UAU CONCENTRADO 500ML";"7891242420540";"43364"
"AMACIANTE UAU CONCENTRADO 500ML FLORES E SONHOS : AMACIANTE UAU CONCENTRADO 500ML";"7891242420533";"43364"
"AMACIANTE UAU CONCENTRADO 500ML CARINHO/CONF. : AMACIANTE UAU CONCENTRADO 500ML";"7891242420557";"43364"
"AMACIANTE TRIEX MAX 2L PINK : AMACIANTE TRIEX MAX 2L";"7896527700645";"26"
"AMACIANTE TRIEX MAX 2L MAX PURPLE : AMACIANTE TRIEX MAX 2L";"7896527700669";"26"
"AMACIANTE TRIEX MAX 2L BLUE : AMACIANTE TRIEX MAX 2L";"7896527700638";"26"
"AMACIANTE TRIEX 5L AZUL - CLASSIC : AMACIANTE TRIEX 5L";"7896527702304";"41226"
"AMACIANTE ROUPAS RUTH CARE BABY 1L AMED. DOCES : AMACIANTE ROUPAS RUTH CARE BABY 1L";"7896056404441";"26741"
"AMACIANTE ROUPAS RUTH CARE BABY 1L ALOE E VERA : AMACIANTE ROUPAS RUTH CARE BABY 1L";"7896056404434";"26741"
"AMACIANTE RAJJA 2L TERNURA : AMACIANTE RAJJA 2L";"7898285311057";"71104"
"AMACIANTE RAJJA 2L ACONCHEGO : AMACIANTE RAJJA 2L";"7898285311040";"71104"
"AMACIANTE FOFO CONCENTRADO 500ML VERMELHO SENS. : AMACIANTE FOFO CONCENTRADO 500ML";"7891150092723";"18048"
"AMACIANTE FOFO CONCENTRADO 500ML LARANJA VIT. : AMACIANTE FOFO CONCENTRADO 500ML";"7891150092754";"18048"
"AMACIANTE FOFO CONCENTRADO 500ML AZUL TUDAO : AMACIANTE FOFO CONCENTRADO 500ML";"7891150092716";"18048"
"AMACIANTE FOFO CONCENTRADO 500ML AMARELO CHAMEGO : AMACIANTE FOFO CONCENTRADO 500ML";"7891150092747";"18048"
"AMACIANTE FOFO CONCENTRADO 1L AZUL TUDAO : AMACIANTE FOFO CONCENTRADO 1L";"7891150092730";"41641"
"AMACIANTE FOFO CONC. SACHE 900ML AZUL TUDAO : AMACIANTE FOFO CONC. SACHE 900ML";"7891150092709";"45730"
"AMACIANTE FOFO CONC. L500ML P400ML AZUL TUDAO : AMACIANTE FOFO CONC. L500ML P400ML";"7891150092761";"47244"
"AMACIANTE DOWNY SACHE 750ML BRISA SUAVE : AMACIANTE DOWNY SACHE 750ML";"7500435251242";"71994"
"AMACIANTE DOWNY SACHE 750ML BRISA INTENSO : AMACIANTE DOWNY SACHE 750ML";"7500435251259";"71994"
"AMACIANTE DOWNY SACHE 750ML BRISA DE VERAO : AMACIANTE DOWNY SACHE 750ML";"7500435251235";"71994"
"AMACIANTE DOWNY SACHE 1,6L BRISA SUAVE : AMACIANTE DOWNY SACHE 1,6L";"7500435243629";"68475"
"AMACIANTE DOWNY SACHE 1,2L BRISA DE VERAO : AMACIANTE DOWNY SACHE 1,2L";"7500435177566";"59986"
"AMACIANTE DOWNY L1,5 P1,250L BRISA DE VERAO : AMACIANTE DOWNY L1,5 P1,250L";"7500435190275";"69520"
"AMACIANTE DOWNY CONCENTRADO 900ML SENSITIVE : AMACIANTE DOWNY CONCENTRADO 900ML";"7500435156967";"53236"
"AMACIANTE DOWNY CONCENTRADO 900ML PAIXAO : AMACIANTE DOWNY CONCENTRADO 900ML";"7500435160018";"53236"
"AMACIANTE DOWNY CONCENTRADO 900ML MISTICO : AMACIANTE DOWNY CONCENTRADO 900ML";"7500435160001";"53236"
"AMACIANTE DOWNY CONCENTRADO 900ML ADORAVEL : AMACIANTE DOWNY CONCENTRADO 900ML";"7500435160070";"53236"
"AMACIANTE DOWNY CONCENTRADO 500ML LIRIO DO CAMPO : AMACIANTE DOWNY CONCENTRADO 500ML";"7506195143858";"19787"
"AMACIANTE DOWNY CONCENTRADO 500ML FRESCOR PRIMAV. : AMACIANTE DOWNY CONCENTRADO 500ML";"7506195143872";"19787"
"AMACIANTE DOWNY CONCENTRADO 500ML BRISA VERAO : AMACIANTE DOWNY CONCENTRADO 500ML";"7506195143834";"19787"
"AMACIANTE DOWNY CONCENTRADO 500ML BRISA SUAVE : AMACIANTE DOWNY CONCENTRADO 500ML";"7500435243612";"19787"
"AMACIANTE DOWNY CONCENTRADO 500ML BRISA INTENSO : AMACIANTE DOWNY CONCENTRADO 500ML";"7500435201292";"19787"
"AMACIANTE DOWNY CONCENTRADO 500ML ALFAZEMA : AMACIANTE DOWNY CONCENTRADO 500ML";"7500435252195";"19787"
"AMACIANTE DOWNY CONCENTRADO 3L BRISA SUAVE : AMACIANTE DOWNY CONCENTRADO 3L";"7500435243636";"33983"
"AMACIANTE DOWNY CONCENTRADO 1L. FRESCOR PRIMAV. : AMACIANTE DOWNY CONCENTRADO 1L.";"7500435153850";"52966"
"AMACIANTE DOWNY CONCENTRADO 1L LIRIOS DO CAMPO : AMACIANTE DOWNY CONCENTRADO 1L";"7506339389876";"41615"
"AMACIANTE DOWNY CONCENTRADO 1L BRISA SUAVE : AMACIANTE DOWNY CONCENTRADO 1L";"7500435243650";"41615"
"AMACIANTE DOWNY CONCENTRADO 1L BRISA INTENSO : AMACIANTE DOWNY CONCENTRADO 1L";"7500435201285";"41615"
"AMACIANTE DOWNY CONCENTRADO 1L BRISA DE VERAO : AMACIANTE DOWNY CONCENTRADO 1L";"7506339332643";"41615"
"AMACIANTE DOWNY CONCENTRADO 1,5L LIRIO : AMACIANTE DOWNY CONCENTRADO 1,5L";"7506339389883";"48069"
"AMACIANTE DOWNY CONCENTRADO 1,5L BRISA VERAO : AMACIANTE DOWNY CONCENTRADO 1,5L";"7506339332650";"48069"
"AMACIANTE DOWNY CONCENTRADO 1,5L BRISA SUAVE : AMACIANTE DOWNY CONCENTRADO 1,5L";"7500435243643";"48069"
"AMACIANTE DOWNY CONCENTRADO 1,5L ALFAZEMA : AMACIANTE DOWNY CONCENTRADO 1,5L";"7500435252218";"48069"
"AMACIANTE DOWNY CONCENT. L500 P450 BRISA VERAO : AMACIANTE DOWNY CONCENT. L500 P450";"7500435198240";"61474"
"AMACIANTE DE CARNES SIAMAR 120G : AMACIANTE DE CARNES SIAMAR 120G";"7896069574346";"9902"
"AMACIANTE COMFORT TRADICIONAL 1,8L PURO CUIDADO : AMACIANTE COMFORT TRADICIONAL 1,8L";"7891150070967";"55731"
"AMACIANTE COMFORT TRADICIONAL 1,8L EXPLOSAO AZUL : AMACIANTE COMFORT TRADICIONAL 1,8L";"7891150070974";"55731"
"AMACIANTE COMFORT TRADICIONAL 1,8L BRISA TROPICAL : AMACIANTE COMFORT TRADICIONAL 1,8L";"7891150070981";"55731"
"AMACIANTE COMFORT TRADICIONAL 1,8L BRISA FLORAL : AMACIANTE COMFORT TRADICIONAL 1,8L";"7891150079274";"55731"
"AMACIANTE COMFORT SEGREDOS 500ML 48 SEGREDOS : AMACIANTE COMFORT SEGREDOS 500ML";"7891150091986";"67886"
"AMACIANTE COMFORT SEGREDOS 500ML 36 SEGREDOS : AMACIANTE COMFORT SEGREDOS 500ML";"7891150091979";"67886"
"AMACIANTE COMFORT SEGREDOS 1L 48 SEGREDOS : AMACIANTE COMFORT SEGREDOS 1L";"7891150091993";"58385"
"AMACIANTE COMFORT SEGREDOS 1L 36 SEGREDOS : AMACIANTE COMFORT SEGREDOS 1L";"7891150091948";"58385"
"AMACIANTE COMFORT SACHE 900ML PURO CUIDADO : AMACIANTE COMFORT SACHE 900ML";"7891150054561";"45620"
"AMACIANTE COMFORT SACHE 900ML LAVANDA : AMACIANTE COMFORT SACHE 900ML";"7891150090477";"45620"
"AMACIANTE COMFORT SACHE 900ML FRESCOR INTENSO : AMACIANTE COMFORT SACHE 900ML";"7891150054585";"45620"
"AMACIANTE COMFORT SACHE 900ML ENERGIA FLORAL : AMACIANTE COMFORT SACHE 900ML";"7891150094123";"45620"
"AMACIANTE COMFORT SACHE 900ML BRISA ELEGANTE : AMACIANTE COMFORT SACHE 900ML";"7891150094178";"45620"
"AMACIANTE COMFORT SACHE 400ML FRESCOR INTENSO : AMACIANTE COMFORT SACHE 400ML";"7891150095953";"71246"
"AMACIANTE COMFORT L500ML P400ML PURO CUIDADO : AMACIANTE COMFORT L500ML P400ML";"7891150048485";"43866"
"AMACIANTE COMFORT L500ML P400ML BRISA ELEGANTE : AMACIANTE COMFORT L500ML P400ML";"7891150079991";"43866"
"AMACIANTE COMFORT INTENSE 1L PURO CUIDADO : AMACIANTE COMFORT INTENSE 1L";"7891150042131";"7621"
"AMACIANTE COMFORT INTENSE 1L FRESCOR INTENSO : AMACIANTE COMFORT INTENSE 1L";"7891150028944";"7621"
"AMACIANTE COMFORT CONCENTRADO 500ML PURO CUIDADO : AMACIANTE COMFORT CONCENTRADO 500ML";"7891150039001";"24"
"AMACIANTE COMFORT CONCENTRADO 500ML LAVANDA : AMACIANTE COMFORT CONCENTRADO 500ML";"7891150090460";"24"
"AMACIANTE COMFORT CONCENTRADO 500ML FRESCOR INTENS : AMACIANTE COMFORT CONCENTRADO 500ML";"7891150000971";"24"
"AMACIANTE COMFORT CONCENTRADO 500ML ENERGIA FLORAL : AMACIANTE COMFORT CONCENTRADO 500ML";"7891150025288";"24"
"AMACIANTE COMFORT CONCENTRADO 500ML BRISA ELEGANTE : AMACIANTE COMFORT CONCENTRADO 500ML";"7891150045460";"24"
"AMACIANTE COMFORT CONCENTRADO 1,5L PURO CUIDADO : AMACIANTE COMFORT CONCENTRADO 1,5L";"7891150065154";"51833"
"AMACIANTE COMFORT CONCENTRADO 1,5L LAVANDA : AMACIANTE COMFORT CONCENTRADO 1,5L";"7891150090903";"51833"
"AMACIANTE COMFORT CONCENTRADO 1,5L ENERGIA FLORAL : AMACIANTE COMFORT CONCENTRADO 1,5L";"7891150079984";"51833"
"AMACIANTE COMFORT CONCENTRADO 1,5L CUID. ESSENCIAL : AMACIANTE COMFORT CONCENTRADO 1,5L";"7891150065178";"51833"
"AMACIANTE COMFORT CONCENTRADO 1,5L BRISA ELEGANTE : AMACIANTE COMFORT CONCENTRADO 1,5L";"7891150080010";"51833"
"AMACIANTE CASAFLOR CONCENT. 500ML VENTOS FLORAIS : AMACIANTE CASAFLOR CONCENT. 500ML";"7898575690695";"71023"
"AMACIANTE CASAFLOR CONCENT. 500ML PURA TERNURA : AMACIANTE CASAFLOR CONCENT. 500ML";"7898575690688";"71023"
"AMACIANTE CASAFLOR CONCENT. 500ML FRESCOR MANHA : AMACIANTE CASAFLOR CONCENT. 500ML";"7898575690671";"71023"
"AMACIANTE CASAFLOR CONCENT. 500ML DESIRE : AMACIANTE CASAFLOR CONCENT. 500ML";"7898575690657";"71023"
"AMACIANTE CASAFLOR 1,75L PURA TERNURA : AMACIANTE CASAFLOR 1,75L";"7898575692033";"71022"
"AMACIANTE CASAFLOR 1,75L FRESCOR MANHA : AMACIANTE CASAFLOR 1,75L";"7898575692026";"71022"
"AMACIANTE BABY SOFT CONCENT. 500ML VELUDO AZUL : AMACIANTE BABY SOFT CONCENT. 500ML";"7896075911364";"31872"
"AMACIANTE BABY SOFT CONCENT. 500ML TOQUE SEDUTOR : AMACIANTE BABY SOFT CONCENT. 500ML";"7896075911371";"31872"
"AMACIANTE BABY SOFT CONCENT. 500ML TOQUE ENVOLV. : AMACIANTE BABY SOFT CONCENT. 500ML";"7896075911517";"31872"
"AMACIANTE BABY SOFT CONCENT. 500ML TOQUE CUIDADO : AMACIANTE BABY SOFT CONCENT. 500ML";"7896075912156";"31872"
"AMACIANTE BABY SOFT CONCENT. 1,5L DESEJO : AMACIANTE BABY SOFT CONCENT. 1,5L";"7896075912620";"70975"
"AMACIANTE BABY SOFT CONCENT. 1,5L CARINHO : AMACIANTE BABY SOFT CONCENT. 1,5L";"7896075912606";"70975"
"AMACIANTE BABY SOFT 5L BRANCO : AMACIANTE BABY SOFT 5L";"7896075910046";"32"
"AMACIANTE BABY SOFT 5L AZUL : AMACIANTE BABY SOFT 5L";"7896075990734";"32"
"AMACIANTE BABY SOFT 2L VERMELHO : AMACIANTE BABY SOFT 2L";"7896075910459";"34"
"AMACIANTE BABY SOFT 2L ROSA : AMACIANTE BABY SOFT 2L";"7896491800044";"34"
"AMACIANTE BABY SOFT 2L BRANCO : AMACIANTE BABY SOFT 2L";"7896075910022";"34"
"AMACIANTE BABY SOFT 2L AZUL : AMACIANTE BABY SOFT 2L";"7896075990727";"34"
"ALVEJANTE YPE 2L FLORES PRIMAV. : ALVEJANTE YPE 2L";"7896098904725";"16665"
"ALVEJANTE YPE 1L  : ALVEJANTE YPE 1L";"7896098904695";"16625"
"ALVEJANTE VINAGREEN 1L : ALVEJANTE VINAGREEN 1L";"7896017201980";"9292"
"ALVEJANTE TRIEX SEM CLORO 2L WHITE : ALVEJANTE TRIEX SEM CLORO 2L";"7896527702434";"41225"
"ALVEJANTE TRIEX SEM CLORO 2L MULTIUSO : ALVEJANTE TRIEX SEM CLORO 2L";"7896527702427";"41225"
"ALVEJANTE SEM CLORO TUFF 2L : ALVEJANTE SEM CLORO TUFF 2L";"7897534816848";"35459"
"ALVEJANTE PLUSH OXY2 SEM CLORO 1L  : ALVEJANTE PLUSH OXY2 SEM CLORO 1L";"7896183301705";"227"
"ALVEJANTE BUFALO SEM CLORO 2L TRADICIONAL : ALVEJANTE BUFALO SEM CLORO 2L";"7896097609140";"29235"
"ALVEJANTE BUFALO SEM CLORO 2L LAVANDA : ALVEJANTE BUFALO SEM CLORO 2L";"7896097617596";"29235"
"ALPISTE TRADICIONAL ZILIO 500G : ALPISTE TRADICIONAL ZILIO 500G";"7896280400158";"341"
"ALMONDEGAS SUINA KG : ALMONDEGAS SUINA KG";"1197";"10903"
"ALMONDEGAS KG : ALMONDEGAS KG";"442";"4996"
"ALMONDEGAS DE FRANGO KG : ALMONDEGAS DE FRANGO KG";"809";"10616"
"ALMONDEGA BOVINA KG : ALMONDEGA BOVINA KG";"6499";"51718"
"ALMEIRAO UNIDADE : ALMEIRAO UNIDADE";"24";"6024"
"ALMEIRAO PICADO BANDEJA KG : ALMEIRAO PICADO BANDEJA KG";"441";"3170"
"ALMEIRAO PICADO BANDEJA 150G : ALMEIRAO PICADO BANDEJA 150G";"7937";"64682"
"ALMEIRAO PICADO ART VERDE BANDEJA : ALMEIRAO PICADO ART VERDE BANDEJA";"7898945773157";"25420"
"ALIMENTO SPECIAL CAT CASTRADOS 85G SALMAO AO MOLHO : ALIMENTO SPECIAL CAT CASTRADOS 85G";"7898242035972";"68781"
"ALIMENTO SOJA MUPY 1L MORANGO : ALIMENTO SOJA MUPY 1L";"7896293806176";"74040"
"ALIMENTO SOJA MUPY 1L MACA : ALIMENTO SOJA MUPY 1L";"7896293806183";"74040"
"ALIMENTO SOJA ADES FRUTAS 200ML MACA : ALIMENTO SOJA ADES FRUTAS 200ML";"7894900087079";"15672"
"ALIMENTO SOJA ADES FRUTAS 1L MACA : ALIMENTO SOJA ADES FRUTAS 1L";"7894900087062";"3903"
"ALIMENTO PEDIGREE RACAS PEQ. 100G FRANGO AO MOLHO : ALIMENTO PEDIGREE RACAS PEQ. 100G";"7896029022269";"28303"
"ALIMENTO PEDIGREE RACAS PEQ. 100G CORDEIRO MOLHO : ALIMENTO PEDIGREE RACAS PEQ. 100G";"7896029022276";"28303"
"ALIMENTO PEDIGREE RACAS PEQ. 100G CARNE AO MOLHO : ALIMENTO PEDIGREE RACAS PEQ. 100G";"7896029022245";"28303"
"ALIMENTO PEDIGREE FILHOTES 100G FRANGO AO MOLHO : ALIMENTO PEDIGREE FILHOTES 100G";"7896029022252";"28232"
"ALIMENTO PEDIGREE FILHOTES 100G CARNE AO MOLHO : ALIMENTO PEDIGREE FILHOTES 100G";"7896029015001";"28232"
"ALIMENTO PEDIGREE ADULTO 7+ 100G CARNE AO MOLHO : ALIMENTO PEDIGREE ADULTO 7+ 100G";"7896029014981";"269"
"ALIMENTO PEDIGREE ADULTO 100G FRANGO AO MOLHO : ALIMENTO PEDIGREE ADULTO 100G";"7896029019009";"28233"
"ALIMENTO PEDIGREE ADULTO 100G CARNE AO MOLHO : ALIMENTO PEDIGREE ADULTO 100G";"7896029018958";"28233"
"ALIMENTO CHAMP SACHE 85G FILHOTE FRANGO : ALIMENTO CHAMP SACHE 85G";"7896029056387";"66657"
"ALIMENTO CHAMP SACHE 85G ADULTO FRANGO : ALIMENTO CHAMP SACHE 85G";"7896029056400";"66657"
"ALIMENTO CHAMP SACHE 85G ADULTO CARNE : ALIMENTO CHAMP SACHE 85G";"7896029056394";"66657"
"ALIMENTO A BASE GLICOSE KARO 350G : ALIMENTO A BASE GLICOSE KARO 350G";"7894000021249";"5341"
"ALICHE KG : ALICHE KG";"7898153150054";"10847"
"ALICATE CUTICULA PLAST. SOFT ENOX : ALICATE CUTICULA PLAST. SOFT ENOX";"7897517917234";"71872"
"ALICATE CUTICULA FLEX NEDO REF. 524 : ALICATE CUTICULA FLEX NEDO";"7896619805241";"13009"
"ALHO/CEBOLA/CHEIRO V. TRITURADO KG : ALHO/CEBOLA/CHEIRO V. TRITURADO KG";"7168";"58654"
"ALHO TRITURADO KG : ALHO TRITURADO KG";"6355";"50570"
"ALHO SOLTO KG : ALHO SOLTO KG";"1210";"2480"
"ALHO ROXO DELTA 500G : ALHO ROXO DELTA 500G";"7897482300222";"10017"
"ALHO ROXO DELTA 200G : ALHO ROXO DELTA 200G";"7897482300208";"17255"
"ALHO PORO UN : ALHO PORO UN";"6623";"53010"
"ALHO PORO PICADO KG : ALHO PORO PICADO KG";"6802";"54911"
"ALHO PORO PACOTE UNIDADE : ALHO PORO PACOTE UNIDADE";"920";"6015"
"ALHO PICADO ZILIO 200G : ALHO PICADO ZILIO 200G";"7896280401124";"1494"
"ALHO MOIDO GALETO 200G : ALHO MOIDO GALETO 200G";"7898902619078";"7496"
"ALHO LIMPO KG : ALHO LIMPO KG";"2511";"15230"
"ALHO JE POTE 200G PIMENTA/SEM SAL : ALHO JE POTE 200G";"7898198960120";"1497"
"ALHO JE NATURAL SEM SAL POTE 900G : ALHO JE NATURAL SEM SAL POTE 900G";"7898198960144";"42658"
"ALHO JE NATURAL SEM SAL POTE 400G : ALHO JE NATURAL SEM SAL POTE 400G";"7898198960069";"1501"
"ALHO JE NATURAL SEM SAL POTE 200G : ALHO JE NATURAL SEM SAL POTE 200G";"7898198960137";"24562"
"ALHO GRANULADO SIAMAR 30G : ALHO GRANULADO SIAMAR 30G";"7896069560226";"3703"
"ALHO FRITO ZILIO 80G POTE : ALHO FRITO ZILIO 80G";"7896280401919";"1495"
"ALHO CEBOLA E SALSA ZILIO 15G : ALHO CEBOLA E SALSA ZILIO 15G";"7896280401940";"1392"
"ALHO CEBOLA E SALSA SIAMAR 25G : ALHO CEBOLA E SALSA SIAMAR 25G";"7896069591497";"3698"
"ALGODAO YORK BOLA 95G : ALGODAO YORK BOLA 95G";"7896235353126";"42917"
"ALGODAO SUSSEX ROLINHO 25G : ALGODAO SUSSEX ROLINHO 25G";"7896018600010";"20708"
"ALGODAO SUSSEX QUADRADINHO 40G : ALGODAO SUSSEX QUADRADINHO 40G";"7896018697409";"20707"
"ALGODAO SUSSEX BOLA COLORIDA 50G : ALGODAO SUSSEX BOLA COLORIDA 50G";"7896018680524";"20688"
"ALGODAO SUSSEX BOLA BRANCA 50G : ALGODAO SUSSEX BOLA BRANCA 50G";"7896018680517";"20687"
"ALGODAO SUSSEX BOLA BRANCA 100G : ALGODAO SUSSEX BOLA BRANCA 100G";"7896018696013";"31360"
"ALGODAO MILI BEAUTY DISCO 100 UN. : ALGODAO MILI BEAUTY DISCO 100 UN.";"7896104991893";"69399"
"ALGODAO APOLO 50G : ALGODAO APOLO 50G";"7896224410120";"13092"
"ALGODAO APOLO 25G : ALGODAO APOLO 25G";"7896224410113";"5676"
"ALFACE UNIDADE : ALFACE UNIDADE";"1951";"3159"
"ALFACE RS VERDURAS : ALFACE RS VERDURAS";"0609963577842";"73347"
"ALFACE PICADA BANDEJA KG : ALFACE PICADA BANDEJA KG";"440";"3169"
"ALECRIM ZILIO 10G : ALECRIM ZILIO 10G";"7896280400790";"46771"
"ALCOOL+BICARBONATO ZULU 1L LAVANDA : ALCOOL+BICARBONATO ZULU 1L";"7896090704842";"98"
"ALCOOL+BICARBONATO ZULU 1L EUCALIPTO : ALCOOL+BICARBONATO ZULU 1L";"7896090704781";"98"
"ALCOOL+BICARBONATO ZULU 1L CLASSICO : ALCOOL+BICARBONATO ZULU 1L";"7896090704767";"98"
"ALCOOL TUPI 46,2 NEUTRO 1L : ALCOOL TUPI 46,2 NEUTRO 1L";"7898910095185";"30349"
"ALCOOL TUPI 46,2 500ML NEUTRO : ALCOOL TUPI 46,2 500ML";"7898910095208";"35117"
"ALCOOL TUPI 46,2 1L LAVANDA : ALCOOL TUPI 46,2 1L";"7898910095369";"30350"
"ALCOOL LIQUIDO START 46° 500ML : ALCOOL LIQUIDO START 46° 500ML";"7897534831629";"68404"
"ALCOOL LIQUIDO START 46° 1L : ALCOOL LIQUIDO START 46° 1L";"7897534801752";"68403"
"ALCOOL JOB 46º 1L : ALCOOL JOB 46º 1L";"7898024101611";"57578"
"ALCOOL GEL TUPI 70º ANTISSEP. 500G : ALCOOL GEL TUPI 70º ANTISSEP. 500G";"7898360980055";"42029"
"ALCOOL GEL TUPI 500G LAVANDA : ALCOOL GEL TUPI 500G";"7898910095055";"30343"
"ALCOOL GEL TUPI 500G EUCALIPTO : ALCOOL GEL TUPI 500G";"7898910095048";"30343"
"ALCOOL GEL PERFUMADO JOB 440G ROXO : ALCOOL GEL PERFUMADO JOB 440G";"7898024100225";"9283"
"ALCOOL GEL PERFUMADO JOB 440G ROSA : ALCOOL GEL PERFUMADO JOB 440G";"7898024100218";"9283"
"ALCOOL GEL NEUTRO TUPI 500G : ALCOOL GEL NEUTRO TUPI 500G";"7898910095062";"30342"
"ALCOOL GEL MAOS COPERALCOOL 400G CHA BRANCO : ALCOOL GEL MAOS COPERALCOOL 400G";"7897744505730";"41970"
"ALCOOL GEL GELALCOOL START 500G MARINE : ALCOOL GEL GELALCOOL START 500G";"7897534833968";"7827"
"ALCOOL GEL GELALCOOL START 500G EUCALIPTO : ALCOOL GEL GELALCOOL START 500G";"7897534801691";"7827"
"ALCOOL GEL GELALCOOL START 500G CRISTAL : ALCOOL GEL GELALCOOL START 500G";"7897534800229";"7827"
"ALCOOL GEL COPERALCOOL 70° 500G LAVANDA : ALCOOL GEL COPERALCOOL 70° 500G";"7896090700271";"52519"
"ALCOOL GEL COPERALCOOL 70° 500G EUCALIPTO : ALCOOL GEL COPERALCOOL 70° 500G";"7896090700264";"52519"
"ALCOOL GEL COPERALCOOL 70° 500G CLASSICO : ALCOOL GEL COPERALCOOL 70° 500G";"7896090704545";"52519"
"ALCOOL GEL ASSEPTGEL 420G COM ALOE VERA : ALCOOL GEL ASSEPTGEL 420G";"7897534812673";"4061"
"ALCOOL GEL ACENDEDOR TUPI 425G : ALCOOL GEL ACENDEDOR TUPI 425G";"7898910095307";"30344"
"ALCOOL GEL 70° JOB SQUEEZE 430G  : ALCOOL GEL 70° JOB SQUEEZE 430G";"7898024100287";"40969"
"ALCOOL COPERALCOOL PERFUMADO 46° 1L OCEANO : ALCOOL COPERALCOOL PERFUMADO 46° 1L";"7896090703692";"33683"
"ALCOOL COPERALCOOL PERFUMADO 46° 1L LAVANDA : ALCOOL COPERALCOOL PERFUMADO 46° 1L";"7896090700769";"33683"
"ALCOOL COPERALCOOL PERFUMADO 46° 1L CHA BRANCO : ALCOOL COPERALCOOL PERFUMADO 46° 1L";"7897744505433";"33683"
"ALCOOL COPERALCOOL PERF. 46° 500ML LAVANDA : ALCOOL COPERALCOOL PERF. 46° 500ML";"7896090700776";"9329"
"ALCOOL COPERALCOOL PERF. 46° 500ML FLORAL : ALCOOL COPERALCOOL PERF. 46° 500ML";"7896090703586";"9329"
"ALCOOL COPERALCOOL PERF. 46° 500ML EUCALIPTO : ALCOOL COPERALCOOL PERF. 46° 500ML";"7896090703937";"9329"
"ALCOOL COPERALCOOL PERF. 46° 500ML BAMBU : ALCOOL COPERALCOOL PERF. 46° 500ML";"7896090703661";"9329"
"ALCOOL COPERALCOOL 46° 500ML TRADICIONAL : ALCOOL COPERALCOOL 46° 500ML";"7896090703920";"106"
"ALCOOL COPERALCOOL 46° 1L CLASSICO : ALCOOL COPERALCOOL 46° 1L";"7896090703609";"14773"
"ALCATRA COM MAMINHA KG : ALCATRA COM MAMINHA KG";"802";"2292"
"ALCAPARRAS VALE FERTIL 60G : ALCAPARRAS VALE FERTIL 60G";"7896272002018";"7398"
"ALCAPARRAS 90/110 KG : ALCAPARRAS 90/110 KG";"7898586150157";"2366"
"AJINOMOTO REALCADOR DE SABOR 100G REFIL : AJINOMOTO REALCADOR DE SABOR 100G";"7891132012015";"1361"
"AJINOMOTO FRASCO 100G REALCADOR SABOR : AJINOMOTO FRASCO 100G";"7891132011018";"1359"
"AJI SAL CHURRASCO 500G  : AJI SAL CHURRASCO 500G";"7891132080038";"8592"
"AJI SAL AJINOMOTO VIDRO 100G  : AJI SAL AJINOMOTO VIDRO 100G";"7891132082018";"3578"
"AJI SAL AJINOMOTO 250G CILINDROS : AJI SAL AJINOMOTO 250G";"7891132081011";"1922"
"AJI NO MOTO ESTOJO 200G REALCADOR SABOR : AJI NO MOTO ESTOJO 200G";"7891132013012";"1363"
"AJI NO MOTO 12 ENVELOPES 36G FLOPPY : AJI NO MOTO 12 ENVELOPES 36G";"7891132010080";"1358"
"AJAX PERFUMADO 1L MAR DE FLORES : AJAX PERFUMADO 1L";"7509546690629";"61744"
"AJAX PERFUMADO 1L LAVANDA : AJAX PERFUMADO 1L";"7891024128312";"61744"
"AJAX PERFUMADO 1L BOUQUE FLORES : AJAX PERFUMADO 1L";"7891024127629";"61744"
"AJAX LIMPEZA PURA 1L MENTA ORQUIDEA : AJAX LIMPEZA PURA 1L";"7891024035818";"51880"
"AJAX LIMPEZA PESADA L1L P800ML PRIMAVERA : AJAX LIMPEZA PESADA L1L P800ML";"7509546695778";"63364"
"AJAX LIMPEZA PESADA L1L P800ML ORIGINAL : AJAX LIMPEZA PESADA L1L P800ML";"7509546693378";"63364"
"AJAX LIMPEZA PESADA 500ML FRESH LEMON : AJAX LIMPEZA PESADA 500ML";"7891024120804";"47665"
"AJAX LIMPEZA PESADA 500ML FRESH BLUE : AJAX LIMPEZA PESADA 500ML";"7891024120903";"47665"
"AJAX LIMPEZA PESADA 500ML FRESH : AJAX LIMPEZA PESADA 500ML";"7891024120705";"47665"
"AJAX LIMPEZA PESADA 1L LIMAO : AJAX LIMPEZA PESADA 1L";"7891024120767";"30364"
"AJAX LIMPEZA PESADA 1L FRESH POWER : AJAX LIMPEZA PESADA 1L";"7509546695747";"30364"
"AJAX LIMPEZA PESADA 1L FRESH : AJAX LIMPEZA PESADA 1L";"7891024120712";"30364"
"AJAX DESINFETANTE L500 P400ML BANHEIRO : AJAX DESINFETANTE L500 P400ML";"7509546690186";"73774"
"AJAX DESENGORDURANTE L500 P400ML COZINHA : AJAX DESENGORDURANTE L500 P400ML";"7509546690193";"73775"
"AJAX 500ML BOUQUET FLORES : AJAX 500ML";"7891024127605";"4048"
"AGUARDENTE YPIOCA OURO 965ML : AGUARDENTE YPIOCA OURO 965ML";"7896383700681";"1739"
"AGUARDENTE VELHO BARREIRO 910ML TRADICIONAL : AGUARDENTE VELHO BARREIRO 910ML";"7896050200124";"1723"
"AGUARDENTE PEDRA 90 500ML : AGUARDENTE PEDRA 90 500ML";"7897110000500";"48664"
"AGUARDENTE 51 ICE SABORES 275ML MARACUJA : AGUARDENTE 51 ICE SABORES 275ML";"7896002110457";"36163"
"AGUARDENTE 51 ICE SABORES 275ML MACA VERDE : AGUARDENTE 51 ICE SABORES 275ML";"7896002111898";"36163"
"AGUARDENTE 51 ICE SABORES 275ML LIMAO : AGUARDENTE 51 ICE SABORES 275ML";"7896002110419";"36163"
"AGUARDENTE 51 ICE SABORES 275ML KIWI : AGUARDENTE 51 ICE SABORES 275ML";"7896002110983";"36163"
"AGUARDENTE 51 ICE SABORES 275ML FRUIT MIX : AGUARDENTE 51 ICE SABORES 275ML";"7896002111508";"36163"
"AGUARDENTE 51 ICE SABORES 275ML BALADA : AGUARDENTE 51 ICE SABORES 275ML";"7896002111034";"36163"
"AGUARDENTE 51 ICE SABORES 275ML ACAI/GUARANA : AGUARDENTE 51 ICE SABORES 275ML";"7896002111928";"36163"
"AGUARDENTE 51 965ML : AGUARDENTE 51 965ML";"7896002100014";"28300"
"AGUA TONICA FYS TOQUE LIMAO 350ML ZERO : AGUA TONICA FYS TOQUE LIMAO 350ML";"7896052607587";"58262"
"AGUA TONICA FYS TOQUE LIMAO 350ML ORIGINAL : AGUA TONICA FYS TOQUE LIMAO 350ML";"7896052607228";"58262"
"AGUA TONICA ANTARCTICA LATA 350ML ZERO : AGUA TONICA ANTARCTICA LATA 350ML";"7891991000888";"2167"
"AGUA TONICA ANTARCTICA LATA 350ML TRADICIONAL : AGUA TONICA ANTARCTICA LATA 350ML";"7891991002240";"2167"
"AGUA TONICA ANTARCTICA 1L ZERO : AGUA TONICA ANTARCTICA 1L";"7891991298537";"59367"
"AGUA TONICA ANTARCTICA 1L TRADICIONAL : AGUA TONICA ANTARCTICA 1L";"7891991298513";"59367"
"AGUA SANITARIA YPE CLORO ATIVO 5L : AGUA SANITARIA YPE CLORO ATIVO 5L";"7896098904664";"50760"
"AGUA SANITARIA YPE CLORO ATIVO 2L : AGUA SANITARIA YPE CLORO ATIVO 2L";"7896098904688";"16664"
"AGUA SANITARIA YPE CLORO ATIVO 1L : AGUA SANITARIA YPE CLORO ATIVO 1L";"7896098904671";"16623"
"AGUA SANITARIA TRIEX 5L : AGUA SANITARIA TRIEX 5L";"7896527701468";"31994"
"AGUA SANITARIA TRIEX 2L : AGUA SANITARIA TRIEX 2L";"7896527700515";"9215"
"AGUA SANITARIA TRIEX 1L : AGUA SANITARIA TRIEX 1L";"7896527700508";"36806"
"AGUA SANITARIA RAJJA 5L : AGUA SANITARIA RAJJA 5L";"7898285310579";"14228"
"AGUA SANITARIA RAJJA 2L TRADICIONAL : AGUA SANITARIA RAJJA 2L";"7898285310524";"213"
"AGUA SANITARIA RAJJA 1L TRADICIONAL : AGUA SANITARIA RAJJA 1L";"7898285310517";"187"
"AGUA SANITARIA QBOA 2L : AGUA SANITARIA QBOA 2L";"7896083800025";"4032"
"AGUA SANITARIA QBOA 1L : AGUA SANITARIA QBOA 1L";"7896083800018";"4033"
"AGUA SANITARIA JOB 2L : AGUA SANITARIA JOB 2L";"7898024100065";"9219"
"AGUA PRATA MINERAL SEM GAS 1,5L NATURAL : AGUA PRATA MINERAL SEM GAS 1,5L";"7897123883022";"428"
"AGUA OXIGENADA CREMOSA FARMAX 90ML 30 VOLUMES : AGUA OXIGENADA CREMOSA FARMAX 90ML";"7896902210608";"16614"
"AGUA OXIGENADA CREMOSA FARMAX 90ML 20 VOLUMES : AGUA OXIGENADA CREMOSA FARMAX 90ML";"7896902210561";"16614"
"AGUA OXIGENADA CREMOSA FARMAX 90ML 10 VOLUMES : AGUA OXIGENADA CREMOSA FARMAX 90ML";"7896902210530";"16614"
"AGUA MINERAL PRATA SEM GAS 5L GALAO : AGUA MINERAL PRATA SEM GAS 5L";"7897123883053";"28493"
"AGUA MINERAL PRATA SEM GAS 510ML : AGUA MINERAL PRATA SEM GAS 510ML";"7897123883077";"403"
"AGUA MINERAL PRATA COM GAS 510ML : AGUA MINERAL PRATA COM GAS 510ML";"7897123884036";"4478"
"AGUA MINERAL MINALICE S/GAS 5L : AGUA MINERAL MINALICE S/GAS 5L";"7896326100059";"65973"
"AGUA MINERAL MINALICE S/GAS 500ML : AGUA MINERAL MINALICE S/GAS 500ML";"7896326100202";"46518"
"AGUA MINERAL MINALICE S/GAS 1,5L : AGUA MINERAL MINALICE S/GAS 1,5L";"7896326100196";"65974"
"AGUA MINERAL MINALICE C/GAS 510ML : AGUA MINERAL MINALICE C/GAS 510ML";"7896326100141";"46517"
"AGUA MINERAL LINDOYA 5L : AGUA MINERAL LINDOYA 5L";"7896089500141";"64086"
"AGUA MINERAL LIFE SEM GAS 510ML SEM GAS : AGUA MINERAL LIFE SEM GAS 510ML";"7896490400337";"30005"
"AGUA MINERAL LIFE COM GAS 510ML  : AGUA MINERAL LIFE COM GAS 510ML";"7896490403673";"60782"
"AGUA MINERAL CRYSTAL SEM GAS 500ML : AGUA MINERAL CRYSTAL SEM GAS 500ML";"7894900530001";"14051"
"AGUA MINERAL CRYSTAL COPO 310ML SEM GAS : AGUA MINERAL CRYSTAL COPO 310ML";"7896371050217";"28601"
"AGUA MINERAL CRYSTAL COM GAS 500ML : AGUA MINERAL CRYSTAL COM GAS 500ML";"7894900531008";"14031"
"AGUA MINERAL 20L : AGUA MINERAL 20L";"9990000124374";"5594"
"AGUA MINERAL 10L : AGUA MINERAL 10L";"9990000126224";"5593"
"AGUA MICELAR MONANGE 200ML : AGUA MICELAR MONANGE 200ML";"7896235354345";"72719"
"AGUA MICELAR 7 EM 1 NIVEA 200ML : AGUA MICELAR 7 EM 1 NIVEA 200ML";"4005900359261";"51639"
"AGUA LINDOYA MINERAL 1,5L SEM GAS : AGUA LINDOYA MINERAL 1,5L";"7898996110369";"56816"
"AGUA CRYSTAL MINERAL SEM GAS 1,5L  : AGUA CRYSTAL MINERAL SEM GAS 1,5L";"7894900530032";"14032"
"AGUA CRYSTAL MINERAL COM GAS 1,5L : AGUA CRYSTAL MINERAL COM GAS 1,5L";"7896371060063";"15491"
"AGUA COCO QUADRADO 1L ORIGINAL : AGUA COCO QUADRADO 1L";"751320388827";"51304"
"AGUA COCO PURO COCO 1L  : AGUA COCO PURO COCO 1L";"7896000593672";"49660"
"AGUA COCO PURO COCO 180ML  : AGUA COCO PURO COCO 180ML";"7896000593764";"54059"
"AGUA COCO OQ INTEGRAL VIDRO 1L : AGUA COCO OQ INTEGRAL VIDRO 1L";"7898942775604";"72961"
"AGUA COCO KERO COCO 200ML  : AGUA COCO KERO COCO 200ML";"7896828000017";"2118"
"AGUA COCO KERO COCO 1L  : AGUA COCO KERO COCO 1L";"7896828000239";"2117"
"AGUA COCO COPRA RECONSTITUIDA 1L : AGUA COCO COPRA RECONSTITUIDA 1L";"7898596082752";"67918"
"AGUA COCO COPRA COM POLPA 1L : AGUA COCO COPRA COM POLPA 1L";"7898596082769";"67917"
"AGUA COCO CAMPO LARGO 900ML : AGUA COCO CAMPO LARGO 900ML";"7896931614910";"62434"
"AGUA COCO AQUA COCO 300ML : AGUA COCO AQUA COCO 300ML";"7898681940042";"67020"
"AGUA COCO AQUA COCO 1L : AGUA COCO AQUA COCO 1L";"7898681940059";"63548"
"AGRIAO UNIDADE : AGRIAO UNIDADE";"437";"3158"
"ADOCANTE ZERO CAL SUCRALOSE 30G 50 UNID. : ADOCANTE ZERO CAL SUCRALOSE 30G";"7896094919853";"31925"
"ADOCANTE ZERO CAL STEVIA 80ML : ADOCANTE ZERO CAL STEVIA 80ML";"7896094915046";"49812"
"ADOCANTE ZERO CAL ERITRITOL 65ML : ADOCANTE ZERO CAL ERITRITOL 65ML";"7896094919136";"65071"
"ADOCANTE ZERO CAL ASPARTAME 100ML : ADOCANTE ZERO CAL ASPARTAME 100ML";"7896094911000";"4289"
"ADOCANTE ZERO CAL 100ML : ADOCANTE ZERO CAL 100ML";"7896094910904";"880"
"ADOCANTE UNIAO SUCRALOSE 65ML : ADOCANTE UNIAO SUCRALOSE 65ML";"7891910030316";"57979"
"ADOCANTE TAL E QUAL 120G : ADOCANTE TAL E QUAL 120G";"7896569405775";"9790"
"ADOCANTE MAGRO 100ML : ADOCANTE MAGRO 100ML";"7896292001442";"875"
"ADOCANTE LOWCUCAR 100ML : ADOCANTE LOWCUCAR 100ML";"7896292000537";"893"
"ADOCANTE LINEA CULINARIO 70G : ADOCANTE LINEA CULINARIO 70G";"7896001250789";"44472"
"ADOCANTE FOR/FOGAO LOWCUCAR 95G : ADOCANTE FOR/FOGAO LOWCUCAR 95G";"7896292005761";"50594"
"ADOCANTE EM PO LINEA 50 UNID. 40G : ADOCANTE EM PO LINEA 50 UNID. 40G";"7896001250710";"47765"
"ADOCANTE DE MESA UNIAO FIT 500G : ADOCANTE DE MESA UNIAO FIT 500G";"7891910020096";"14770"
"ADOCANTE ADOCYL COM SUCRALOSE 80ML : ADOCANTE ADOCYL COM SUCRALOSE 80ML";"7896094914070";"51889"
"ADOCANTE ADOCYL COM SUCRALOSE 160ML : ADOCANTE ADOCYL COM SUCRALOSE 160ML";"7896094916944";"51888"
"ADOCANTE ADOCYL COM STEVIA 80ML : ADOCANTE ADOCYL COM STEVIA 80ML";"7896094906020";"50139"
"ADOCANTE ADOCYL 200ML : ADOCANTE ADOCYL 200ML";"7891104393067";"871"
"ADOCANTE ADOCYL 100ML : ADOCANTE ADOCYL 100ML";"7891104393104";"872"
"ADESIVO SCOTCH BOND 3G : ADESIVO SCOTCH BOND 3G";"7891040115884";"16827"
"ADAPTADOR GARRAFA TERMICA INJETEMP : ADAPTADOR GARRAFA TERMICA INJETEMP";"7896900210938";"43946"
"ACUCAREIRO PLASUTIL GLAMOUR 14192 : ACUCAREIRO PLASUTIL GLAMOUR";"7899808872109";"64866"
"ACUCAREIRO EM CASA TEM 190ML : ACUCAREIRO EM CASA TEM 190ML";"7908486116433";"66596"
"ACUCAR UNIAO CRISTALCUCAR 1KG : ACUCAR UNIAO CRISTALCUCAR 1KG";"7891959014612";"8081"
"ACUCAR UNIAO CRISTAL ORGANICO 1KG  : ACUCAR UNIAO CRISTAL ORGANICO 1KG";"7891910020034";"6825"
"ACUCAR REFINADO UNIAO 1KG : ACUCAR REFINADO UNIAO 1KG";"7891910000197";"4448"
"ACUCAR REFINADO CARAVELAS 1KG ESPECIAL : ACUCAR REFINADO CARAVELAS 1KG";"7896894900013";"1886"
"ACUCAR NATURALE DEMERARA UNIAO 1KG : ACUCAR NATURALE DEMERARA UNIAO 1KG";"7891910020065";"6826"
"ACUCAR MASCAVO UNIAO 1KG : ACUCAR MASCAVO UNIAO 1KG";"7891910030293";"49909"
"ACUCAR MASCAVO NATURAL LIFE 500G : ACUCAR MASCAVO NATURAL LIFE 500G";"7896256041507";"30139"
"ACUCAR MASCAVO GRANELLI 1KG : ACUCAR MASCAVO GRANELLI 1KG";"7899085398972";"64604"
"ACUCAR MAGRO STEVIA LIGHT 400G : ACUCAR MAGRO STEVIA LIGHT 400G";"7896292001473";"41963"
"ACUCAR MAGRO LIGHT SACHE 400G : ACUCAR MAGRO LIGHT SACHE 400G";"7896292001404";"5283"
"ACUCAR DEMERARA SANTA ISABEL 1KG : ACUCAR DEMERARA SANTA ISABEL 1KG";"7898187830069";"53762"
"ACUCAR DEMERARA GRANELLI 1KG : ACUCAR DEMERARA GRANELLI 1KG";"7899085398996";"66795"
"ACUCAR DEMERARA CARAVELAS 1KG : ACUCAR DEMERARA CARAVELAS 1KG";"7896894900235";"49644"
"ACUCAR DE COCO COPRA 350G : ACUCAR DE COCO COPRA 350G";"7898596080192";"40638"
"ACUCAR CRISTALCUCAR UNIAO 5KG : ACUCAR CRISTALCUCAR UNIAO 5KG";"7891959009922";"4619"
"ACUCAR CRISTAL SANTA ISABEL 5KG : ACUCAR CRISTAL SANTA ISABEL 5KG";"7898187830052";"23419"
"ACUCAR CRISTAL SANTA ISABEL 2KG : ACUCAR CRISTAL SANTA ISABEL 2KG";"7898187830021";"23420"
"ACOUGUE TOUCINHO GORDO C/ PELE KG : ACOUGUE TOUCINHO GORDO C/ PELE KG";"198";"2359"
"ACOUGUE SUAN DE PORCO KG : ACOUGUE SUAN DE PORCO KG";"191";"2358"
"ACOUGUE RABO DE PORCO SALGADO KG : ACOUGUE RABO DE PORCO SALGADO KG";"710";"5860"
"ACOUGUE RABO BOVINO KG : ACOUGUE RABO BOVINO KG";"177";"2324"
"ACOUGUE PONTA DE PEITO KG : ACOUGUE PONTA DE PEITO KG";"169";"2322"
"ACOUGUE PONTA DE PEITO ANGUS KG : ACOUGUE PONTA DE PEITO ANGUS KG";"6149";"48447"
"ACOUGUE PONTA DE AGULHA SEM OSSO KG : ACOUGUE PONTA DE AGULHA SEM OSSO KG";"706";"10570"
"ACOUGUE PONTA ALCATRA COXAO DURO KG : ACOUGUE PONTA ALCATRA COXAO DURO KG";"167";"2321"
"ACOUGUE PICANHA FRIGOSUL SULBEEF KG : ACOUGUE PICANHA FRIGOSUL SULBEEF KG";"6513";"51839"
"ACOUGUE PICANHA A DESOSSA KG : ACOUGUE PICANHA A DESOSSA KG";"303";"6934"
"ACOUGUE PERNIL SEM OSSO KG : ACOUGUE PERNIL SEM OSSO KG";"1329";"2355"
"ACOUGUE PERNIL COM OSSO E PELE KG : ACOUGUE PERNIL COM OSSO E PELE KG";"7894904956319";"2354"
"ACOUGUE PE DE PORCO SALGADO KG : ACOUGUE PE DE PORCO SALGADO KG";"708";"6175"
"ACOUGUE PE DE PORCO FRESCO KG : ACOUGUE PE DE PORCO FRESCO KG";"1174";"2353"
"ACOUGUE PATINHO KG : ACOUGUE PATINHO KG";"151";"2318"
"ACOUGUE PANCETA KG : ACOUGUE PANCETA KG";"2131";"2352"
"ACOUGUE PALETA SUINA SEM OSSO KG  : ACOUGUE PALETA SUINA SEM OSSO KG";"6843";"55396"
"ACOUGUE PALETA SUINA KG : ACOUGUE PALETA SUINA KG";"21";"2351"
"ACOUGUE PALETA BOVINA KG : ACOUGUE PALETA BOVINA KG";"817";"2317"
"ACOUGUE MUSCULO TRASEIRO KG : ACOUGUE MUSCULO TRASEIRO KG";"816";"2329"
"ACOUGUE MUSCULO COM OSSO KG : ACOUGUE MUSCULO COM OSSO KG";"723";"10585"
"ACOUGUE MOCOTO KG : ACOUGUE MOCOTO KG";"142";"2313"
"ACOUGUE MIOLO DO ALCATRA KG : ACOUGUE MIOLO DO ALCATRA KG";"2634";"15731"
"ACOUGUE MASCARA ORELHA SALGADA KG : ACOUGUE MASCARA ORELHA SALGADA KG";"709";"2350"
"ACOUGUE LOMBO KG : ACOUGUE LOMBO KG";"1090";"2349"
"ACOUGUE LINGUA BOVINA KG : ACOUGUE LINGUA BOVINA KG";"85";"2310"
"ACOUGUE LAGARTO KG : ACOUGUE LAGARTO KG";"79";"2308"
"ACOUGUE FILE MIGNON KG : ACOUGUE FILE MIGNON KG";"68";"2306"
"ACOUGUE FIGADO KG : ACOUGUE FIGADO KG";"67";"2305"
"ACOUGUE EMPANADO BOVINO KG : ACOUGUE EMPANADO BOVINO KG";"5709";"43277"
"ACOUGUE CUPIM KG : ACOUGUE CUPIM KG";"55";"2303"
"ACOUGUE COXAO MOLE KG : ACOUGUE COXAO MOLE KG";"52";"2302"
"ACOUGUE COSTELA SALGADA KG : ACOUGUE COSTELA SALGADA KG";"984";"5478"
"ACOUGUE COSTELA MINGA (PA) KG : ACOUGUE COSTELA MINGA (PA) KG";"5610";"41835"
"ACOUGUE COSTELA DE PORCO KG : ACOUGUE COSTELA DE PORCO KG";"1452";"5476"
"ACOUGUE COSTELA BOVINA KG : ACOUGUE COSTELA BOVINA KG";"41";"2301"
"ACOUGUE CONTRA FILE KG : ACOUGUE CONTRA FILE KG";"35";"2300"
"ACOUGUE CARRE DE CORDEIRO KG CURTO : ACOUGUE CARRE DE CORDEIRO KG";"2993";"22031"
"ACOUGUE CARNEIRO KG : ACOUGUE CARNEIRO KG";"32";"5472"
"ACOUGUE CARNE SECA COJIBA : ACOUGUE CARNE SECA COJIBA";"30";"3056"
"ACOUGUE BUCHO ALVEJADO KG : ACOUGUE BUCHO ALVEJADO KG";"823";"2296"
"ACOUGUE BISTECA DE PORCO S/CP KG : ACOUGUE BISTECA DE PORCO S/CP KG";"1451";"2338"
"ACOUGUE BISTECA BOVINA KG : ACOUGUE BISTECA BOVINA KG";"202";"5365"
"ACOUGUE BANANINHA KG : ACOUGUE BANANINHA KG";"13";"2295"
"ACOUGUE ALCATRA CHEFF FRIGOL KG : ACOUGUE ALCATRA CHEFF FRIGOL KG";"159";"6496"
"ACOUGUE ACEM KG : ACOUGUE ACEM KG";"3";"2293"
"ACHOCOLATADO TODDY ORIGINAL 750G : ACHOCOLATADO TODDY ORIGINAL 750G";"7894321711478";"2206"
"ACHOCOLATADO TODDY ORIGINAL 370G : ACHOCOLATADO TODDY ORIGINAL 370G";"7894321711263";"2199"
"ACHOCOLATADO TODDY LIGHT 380G : ACHOCOLATADO TODDY LIGHT 380G";"7894321711058";"4108"
"ACHOCOLATADO OVOMALTINE SACHE 190G : ACHOCOLATADO OVOMALTINE SACHE 190G";"7898409951848";"35947"
"ACHOCOLATADO OVOMALTINE 300G FLOC. CROCANTES : ACHOCOLATADO OVOMALTINE 300G";"7898409951404";"2335"
"ACHOCOLATADO NEW CHOCO DIET 210G LOWCUCAR : ACHOCOLATADO NEW CHOCO DIET 210G";"7896292001084";"1005"
"ACHOCOLATADO NESCAU SACHE 550G : ACHOCOLATADO NESCAU SACHE 550G";"7891000338087";"59158"
"ACHOCOLATADO NESCAU LATA 670G : ACHOCOLATADO NESCAU LATA 670G";"7891000379738";"66442"
"ACHOCOLATADO NESCAU LATA 200G : ACHOCOLATADO NESCAU LATA 200G";"7891000379585";"4286"
"ACHOCOLATADO NESCAU L550G P500G SACHE : ACHOCOLATADO NESCAU L550G P500G";"7891000426067";"74066"
"ACHOCOLATADO NESCAU L350G P330G : ACHOCOLATADO NESCAU L350G P330G";"7891000426210";"73704"
"ACHOCOLATADO NESCAU 60% CACAU 180G : ACHOCOLATADO NESCAU 60% CACAU 180G";"7891000377727";"66210"
"ACHOCOLATADO NESCAU 33% MENOS 350G : ACHOCOLATADO NESCAU 33% MENOS 350G";"7891000390044";"68048"
"ACHOCOLATADO NESCAU 30% CACAU 180G : ACHOCOLATADO NESCAU 30% CACAU 180G";"7891000377765";"66209"
"ACHOCOLATADO NESCAU 1,02KG SACHE : ACHOCOLATADO NESCAU 1,02KG";"7891000265505";"59157"
"ACHOCOLATADO MATILAT 200ML : ACHOCOLATADO MATILAT 200ML";"7896238105180";"12587"
"ACHOCOLATADO ITALAC SACHE 700G : ACHOCOLATADO ITALAC SACHE 700G";"7898080640956";"39917"
"ACHOCOLATADO ITALAC SACHE 400G : ACHOCOLATADO ITALAC SACHE 400G";"7898080640673";"63876"
"ACHOCOLATADO GOLD DIET PREMIUM 200G : ACHOCOLATADO GOLD DIET PREMIUM 200G";"7896569405799";"4106"
"ACHOCOLATADO CHOCO SIAMAR 300G SACHE : ACHOCOLATADO CHOCO SIAMAR 300G";"7896069528400";"10584"
"ACETONA FARMAX 100ML : ACETONA FARMAX 100ML";"7896902209121";"16615"
"ACESSORIOS CABELO LAVYA DONNA : ACESSORIOS CABELO LAVYA DONNA";"7898908418194";"73240"
"ACEROLA CONCELADA COLUCI 1,02KG : ACEROLA CONCELADA COLUCI 1,02KG";"0070341046159";"69862"
"ACENDEDOR FOGAO LUME  : ACENDEDOR FOGAO LUME";"7898409910517";"381"
"ACENDEDOR CHURRASQUEIRA JUNCO 6UN : ACENDEDOR CHURRASQUEIRA JUNCO 6UN";"7896523146485";"72811"
"ACENDEDOR BIC MULTIUSO HANDY  : ACENDEDOR BIC MULTIUSO HANDY";"7501843501707";"70332"
"ACENDEDOR BASTAO PARANA 5UN  : ACENDEDOR BASTAO PARANA 5UN";"7896080900889";"47429"
"ACELGA UNIDADE  : ACELGA UNIDADE";"1905";"11595"
"ACAI SPLIT TODO DIA 1,5L ORIGINAL : ACAI SPLIT TODO DIA 1,5L";"7896594973584";"50870"
"ACAI NATURE ON ZERO 500ML GUARANA : ACAI NATURE ON ZERO 500ML";"7898964359257";"54021"
"ACAI NATURE ON GOURMET 1,5L PISTACHE : ACAI NATURE ON GOURMET 1,5L";"7898964359387";"74698"
"ACAI NATURE ON GOURMET 1,5L CUPUACU : ACAI NATURE ON GOURMET 1,5L";"7898964359370";"74698"
"ACAI NATURE ON 1,5L BANANA : ACAI NATURE ON 1,5L";"7898964359318";"74228"
"ACAI NATURE ON 1,15L MORANGO : ACAI NATURE ON 1,15L";"7898964359028";"54019"
"ACAI NATURE ON 1,15L GUARANA : ACAI NATURE ON 1,15L";"7898994726074";"54019"
"ACAI MERLI 2L NATURAL : ACAI MERLI 2L";"7898077511894";"56075"
"ACAI MERLI 2L MORANGO : ACAI MERLI 2L";"7898077511900";"56075"
"ACAI MERLI 2L BANANA : ACAI MERLI 2L";"7898077511917";"56075"
"ACAI MERLI 1L TRADICIONAL : ACAI MERLI 1L";"7898077511719";"51497"
"ACAI MERLI 1L MORANGO : ACAI MERLI 1L";"7898077511924";"51497"
"ACAI MERLI 1L BANANA : ACAI MERLI 1L";"7898077511931";"51497"
"ACAI FROOTY COM GRANOLA 200ML ORIGINAL : ACAI FROOTY COM GRANOLA 200ML";"7896594971559";"15732"
"ACAI FROOTY COM GRANOLA 200ML BANANA : ACAI FROOTY COM GRANOLA 200ML";"7896594971290";"15732"
"ACAI FROOTY 700ML ORIGINAL : ACAI FROOTY 700ML";"7896594971962";"48170"
"ACAI FROOTY 700ML BANANA : ACAI FROOTY 700ML";"7896594971979";"48170"
"ACAI FROOTY 1,5L ORIGINAL : ACAI FROOTY 1,5L";"7896594972310";"52763"
"ACAI AMAZOO ZERO 250ML MORANGO : ACAI AMAZOO ZERO 250ML";"7898132842161";"33940"
"ACAI AMAZOO ZERO 250ML BANANA : ACAI AMAZOO ZERO 250ML";"7898132842154";"33940"
"ACAI AMAZOO ZERO 1L BANANA : ACAI AMAZOO ZERO 1L";"7898132842123";"72224"
"ACAFRAO EM PO ZILIO 25G : ACAFRAO EM PO ZILIO 25G";"7896280400769";"17167"
"ACAFRAO EM PO SIAMAR 40G : ACAFRAO EM PO SIAMAR 40G";"7896069546480";"1444"
"ABSORVENTE INTIMUS INTERNO LV16PG15 MEDIO : ABSORVENTE INTIMUS INTERNO LV16PG15";"7896007542864";"38932"
"ABSOLUT VODKA SPRITE LATA 269ML : ABSOLUT VODKA SPRITE LATA 269ML";"7894900337013";"72593"
"ABS SYM TOTAL PROTECT L+P- 30UN. SECA : ABS SYM TOTAL PROTECT L+P- 30UN.";"7896110094618";"53097"
"ABS SYM TOTAL PROTECT L+P- 16UN SUAVE : ABS SYM TOTAL PROTECT L+P- 16UN";"7896110008042";"29992"
"ABS SYM TOTAL PROTECT L+P- 16UN SECA : ABS SYM TOTAL PROTECT L+P- 16UN";"7896110008363";"29992"
"ABS SYM TOTAL PROTECT C/ ABAS 8UN SECA : ABS SYM TOTAL PROTECT C/ ABAS 8UN";"7896110003863";"39568"
"ABS SYM PREMIUM NOTURNO SUAVE 16UN COM ABAS : ABS SYM PREMIUM NOTURNO SUAVE 16UN";"7896110012117";"6332"
"ABS SYM NOITE & DIA SUAVE 8UN COM ABAS : ABS SYM NOITE & DIA SUAVE 8UN";"7896110003740";"62662"
"ABS SYM NOITE & DIA L+ P- 30UN COM ABAS : ABS SYM NOITE & DIA L+ P- 30UN";"7896110010748";"62717"
"ABS SYM NOITE & DIA L+ P- 16UN COM ABAS : ABS SYM NOITE & DIA L+ P- 16UN";"7896110094625";"47978"
"ABS SEMPRE LIVRE NOTURNO 8UN SECA COM ABAS : ABS SEMPRE LIVRE NOTURNO 8UN";"7891010694593";"45910"
"ABS SEMPRE LIVRE NOITE E DIA 8UN SUAVE COM ABAS : ABS SEMPRE LIVRE NOITE E DIA 8UN";"7891010035631";"439"
"ABS SEMPRE LIVRE NOITE E DIA 32UN SUAVE COM ABAS : ABS SEMPRE LIVRE NOITE E DIA 32UN";"7891010518844";"45908"
"ABS SEMPRE LIVRE NOITE E DIA 16UN SUAVE COM ABAS : ABS SEMPRE LIVRE NOITE E DIA 16UN";"7891010607135";"37742"
"ABS SEMPRE LIVRE MAX SUAVE ADAPT COM ABAS 8UN : ABS SEMPRE LIVRE MAX SUAVE ADAPT";"7891010031633";"436"
"ABS SEMPRE LIVRE ESP. ADAPT 8UN SUAVE SEM ABAS : ABS SEMPRE LIVRE ESP. ADAPT 8UN";"7891010503031";"434"
"ABS SEMPRE LIVRE ESP. ADAPT 8UN SUAVE COM ABAS : ABS SEMPRE LIVRE ESP. ADAPT 8UN";"7891010503024";"434"
"ABS SEMPRE LIVRE ADAPT PLUS 32UN SUAVE COM ABAS : ABS SEMPRE LIVRE ADAPT PLUS 32UN";"7891010704780";"47916"
"ABS SEMPRE LIVRE ADAPT PLUS 16UN COM ABAS : ABS SEMPRE LIVRE ADAPT PLUS 16UN";"7891010579616";"37426"
"ABS SEMPRE LIVRE ADAPT 32UN L+P- SUAVE COM ABAS : ABS SEMPRE LIVRE ADAPT 32UN L+P-";"7891010254155";"59339"
"ABS SEMPRE LIVRE ADAPT 16UN COM ABAS : ABS SEMPRE LIVRE ADAPT 16UN";"7891010793463";"9475"
"ABS O.B. SUPER ORIGINAL 10UN : ABS O.B. SUPER ORIGINAL 10UN";"7891010010577";"9449"
"ABS O.B. PROCOMFORT 16UN SUPER : ABS O.B. PROCOMFORT 16UN";"7891010245092";"54580"
"ABS O.B. PROCOMFORT 16UN MEDIO : ABS O.B. PROCOMFORT 16UN";"7891010245085";"54580"
"ABS O.B. MEDIO REGULAR L10 P8 : ABS O.B. MEDIO REGULAR L10 P8";"7891010886547";"30294"
"ABS MILI PROTECAO DISCRETA L16 P14 COM ABAS : ABS MILI PROTECAO DISCRETA L16 P14";"7896104993903";"43029"
"ABS MILI NOTURNO COM ABAS L16 P14 FLUXO INTENSO : ABS MILI NOTURNO COM ABAS L16 P14";"7896104993880";"43030"
"ABS MILI CONFORTO TOTAL L16 P14 FLUXO BAIXO : ABS MILI CONFORTO TOTAL L16 P14";"7896104993835";"43028"
"ABS INTIMUS ULTRAF. DIA/NOITE 28UN : ABS INTIMUS ULTRAF. DIA/NOITE 28UN";"7896007550814";"54997"
"ABS INTIMUS ULTRAF. DIA/NOITE 14UN : ABS INTIMUS ULTRAF. DIA/NOITE 14UN";"7896007550807";"54998"
"ABS INTIMUS TRIPLA PROT. S/ABAS 8UN SUAVE : ABS INTIMUS TRIPLA PROT. S/ABAS 8UN";"7896007540600";"468"
"ABS INTIMUS TRIPLA PROT. S/ABAS 8UN SECA : ABS INTIMUS TRIPLA PROT. S/ABAS 8UN";"7896007540624";"468"
"ABS INTIMUS TRIPLA PROT. L16 P14 SUAVE COM ABAS : ABS INTIMUS TRIPLA PROT. L16 P14";"7896007545094";"30296"
"ABS INTIMUS TRIPLA PROT. L16 P14 SECA COM ABAS : ABS INTIMUS TRIPLA PROT. L16 P14";"7896007545100";"30296"
"ABS INTIMUS TRIPLA PROT. C/ABAS 8UN SUAVE : ABS INTIMUS TRIPLA PROT. C/ABAS 8UN";"7896007540617";"469"
"ABS INTIMUS TRIPLA PROT. C/ABAS 8UN SECA : ABS INTIMUS TRIPLA PROT. C/ABAS 8UN";"7896007540631";"469"
"ABS INTIMUS TRIPLA PROT. 32UN SUAVE COM ABAS : ABS INTIMUS TRIPLA PROT. 32UN";"7896007544042";"33507"
"ABS INTIMUS TRIPLA PROT. 32UN SECA COM ABAS : ABS INTIMUS TRIPLA PROT. 32UN";"7896007544059";"33507"
"ABS INTIMUS NOTURNO SUAVE 8UN SUAVE COM ABAS : ABS INTIMUS NOTURNO 8UN";"7896007540662";"470"
"ABS INTIMUS NOTURNO 30UN SUAVE COM ABAS : ABS INTIMUS NOTURNO 30UN";"7896007550890";"54746"
"ABS INTIMUS NOTURNO 30UN SECA COM ABAS : ABS INTIMUS NOTURNO 30UN";"7896007550906";"54746"
"ABS INTIMUS INTERNO 8UN MINI : ABS INTIMUS INTERNO 8UN";"7896007541850";"7746"
"ABS INTIMUS INTERNO 8UN MEDIO : ABS INTIMUS INTERNO 8UN";"7896007541867";"7746"
"ABS INTIMUS INTERNO 16UN MINI : ABS INTIMUS INTERNO 16UN";"7896007542857";"65606"
"ABS ALWAYS SUAVE SUPER PROT. 8UN SEM ABAS : ABS ALWAYS SUAVE SUPER PROT. 8UN";"7501001156190";"447"
"ABS ALWAYS SUAVE SUPER PROT. 8UN COM ABAS : ABS ALWAYS SUAVE SUPER PROT. 8UN";"7500435127240";"447"
"ABS ALWAYS SUAVE SUPER PROT. 32UN COM ABAS : ABS ALWAYS SUAVE SUPER PROT. 32UN";"7500435126199";"48201"
"ABS ALWAYS SUAVE SUPER PROT. 16UN COM ABAS : ABS ALWAYS SUAVE SUPER PROT. 16UN";"7500435127257";"48199"
"ABS ALWAYS SECA SUPER PROT. 8UN SEM ABAS : ABS ALWAYS SECA SUPER PROT. 8UN";"7500435127264";"41479"
"ABS ALWAYS SECA SUPER PROT. 8UN COM ABAS : ABS ALWAYS SECA SUPER PROT. 8UN";"7500435127226";"41479"
"ABS ALWAYS SECA SUPER PROT. 32UN COM ABAS : ABS ALWAYS SECA SUPER PROT. 32UN";"7500435127288";"48200"
"ABS ALWAYS SECA SUPER PROT. 16UN COM ABAS : ABS ALWAYS SECA SUPER PROT. 16UN";"7506195147382";"41124"
"ABS ALWAYS NOTURNO SUAVE L16P14 COM ABAS : ABS ALWAYS NOTURNO SUAVE L16P14";"7506339326031";"49569"
"ABS ALWAYS NOTURNO SECA L16 P14 COM ABAS : ABS ALWAYS NOTURNO SECA L16 P14";"7506339325249";"38949"
"ABS ALWAYS NOTURNO COM ABAS 8UN SUAVE : ABS ALWAYS NOTURNO COM ABAS 8UN";"7506339394603";"40403"
"ABS ALWAYS NOTURNO COM ABAS 8UN SECA : ABS ALWAYS NOTURNO COM ABAS 8UN";"7506339394535";"40403"
"ABS ALWAYS NOITES TRANQUILAS XG 8UN SUAVE C/ ABAS : ABS ALWAYS NOITES TRANQUILAS XG 8UN";"7500435214667";"71168"
"ABS ALWAYS DIARIOS PROTECAO 80UN COM PERFUME : ABS ALWAYS DIARIOS PROTECAO 80UN";"7501001407506";"49556"
"ABS ALWAYS DIARIOS PROTECAO 15UN COM PERFUME : ABS ALWAYS DIARIOS PROTECAO 15UN";"7501007499758";"9469"
"ABRIDOR SACA ROLHA VIEL  : ABRIDOR SACA ROLHA VIEL";"7896835231091";"5719"
"ABRIDOR LATA E GARRAFA VIEL : ABRIDOR LATA E GARRAFA VIEL";"7896835231039";"4726"
"ABRIDOR DE LATA MIMO ASA10 : ABRIDOR DE LATA MIMO ASA10";"7898420971696";"15444"
"ABRIDOR DE LATA INOX NEDO REF. 14 : ABRIDOR DE LATA INOX NEDO REF. 14";"7896619800147";"9676"
"ABRIDOR COMBINADO INOX VIEL : ABRIDOR COMBINADO INOX VIEL";"7896835231152";"13787"
"ABRAC. ROSCA SEM FIM NEDO 5/8 X 3/4 REF.4 C/ 2UN : ABRAC. ROSCA SEM FIM NEDO 5/8 X 3/4";"7896619800048";"6521"
"ABOBRINHA REFOGADA KG : ABOBRINHA REFOGADA KG";"3603";"31140"
"ABOBRINHA RECHEADA KG KG : ABOBRINHA RECHEADA KG";"36";"6142"
"ABOBRINHA PICADA BANDEJA KG : ABOBRINHA PICADA BANDEJA KG";"433";"3076"
"ABOBRINHA MENINA/CAIPIRA KG : ABOBRINHA MENINA/CAIPIRA KG";"1003";"2882"
"ABOBRINHA KG : ABOBRINHA KG";"431";"2879"
"ABOBRINHA ITALIA KG : ABOBRINHA ITALIA KG";"2963";"20067"
"ABOBRINHA ART VERDE BANDEJA : ABOBRINHA ART VERDE BANDEJA";"7898945773195";"27168"
"ABOBORA SECA PARA DOCE KG : ABOBORA SECA PARA DOCE KG";"1010";"2876"
"ABOBORA PAULISTINHA KG : ABOBORA PAULISTINHA KG";"547";"2984"
"ABACAXI PICADO KG : ABACAXI PICADO KG";"6110";"58351"
"ABACAXI PEROLA PECA : ABACAXI PEROLA PECA";"430";"2531"
"ABACAXI HAVAI UNIDADE  : ABACAXI HAVAI UNIDADE";"1948";"2533"
"ABACAXI FATIAS KG : ABACAXI FATIAS KG";"6581";"28619"
"ABACAXI EM CALDA PREDILECTA 400G : ABACAXI EM CALDA PREDILECTA 400G";"7896292302297";"7644"
"ABACAXI CRISTALIZADO KG : ABACAXI CRISTALIZADO KG";"8039";"65467"
"ABACAXI CONGELADO COLUCI 1,02KG : ABACAXI CONGELADO COLUCI 1,02KG";"0602883658738";"69863"
"ABACATE KG : ABACATE KG";"429";"2528"
"ABACATE AVOCADO KG : ABACATE AVOCADO KG";"1622";"2529"
"2 SHAMPOOS PALMOLIVE MEN 350ML : 2 SHAMPOOS PALMOLIVE MEN 350ML";"7509546680590";"63362"
"100% WHEY MAX TITANIUM POTE 900G CHOCOLATE : 100% WHEY MAX TITANIUM POTE 900G";"7899941201798";"70803"
"100% WHEY MAX TITANIUM POTE 900G BAUNILHA : 100% WHEY MAX TITANIUM POTE 900G";"7899941201781";"70803"
